profile,target,surface,model_label,model_name,alg,rop_bits,mem_bits,red_bits,svp_bits,guess_bits,beta,m_used,zeta,q,n_ring,k,dim,samples,eta_secret,t_error,Delta,sigma_error,variance_error,b_msg,v_count,fo_bits,codec_capacity_bits,ss_bits,z_bits,raw
Viper-128,128,pk,classical_refined,RC.MATZOV,bkw,171.08155713976976,159.90689059560853,inf,inf,inf,,6.888011763710674e+47,,4096,256,2,512,512,2,9,8,2.29128784747792,5.25,1,1,128,256,128,128,"         rop: ≈2^171.1
           m: ≈2^158.9
         mem: ≈2^159.9
           b:       13
          t1:        0
          t2:       15
           ℓ:       12
        #cod:      442
        #top:        1
       #test:       69
         tag: coded-bkw"
Viper-128,128,pk,classical_refined,RC.MATZOV,usvp,147.3206626527875,inf,147.3206626527875,inf,inf,419.0,,,4096,256,2,512,512,2,9,8,2.29128784747792,5.25,1,1,128,256,128,128,"         rop: ≈2^147.3
         red: ≈2^147.3
           δ: 1.003856
           β:      419
           d:      986
         tag:     usvp"
Viper-128,128,pk,classical_refined,RC.MATZOV,bdd,143.64809441926374,inf,142.34613747094804,142.89765946611175,inf,401.0,,,4096,256,2,512,512,2,9,8,2.29128784747792,5.25,1,1,128,256,128,128,"         rop: ≈2^143.6
         red: ≈2^142.3
         svp: ≈2^142.9
           β:      401
           η:      435
           d:      978
         tag:      bdd"
Viper-128,128,pk,classical_refined,RC.MATZOV,bdd_hybrid,143.65416608262976,inf,142.36106203550304,142.89765946611175,inf,401.0,,0.0,4096,256,2,512,512,2,9,8,2.29128784747792,5.25,1,1,128,256,128,128,"         rop: ≈2^143.7
         red: ≈2^142.4
         svp: ≈2^142.9
           β:      401
           η:      435
           ζ:        0
         |S|:        1
           d:      984
        prob:      1.0
           ↻:        1
         tag:   hybrid"
Viper-128,128,pk,classical_refined,RC.MATZOV,bdd_mitm_hybrid,246.5637584444735,inf,239.77006422933803,246.55069572952647,inf,419.0,,134.0,4096,256,2,512,512,2,9,8,2.29128784747792,5.25,1,1,128,256,128,128,"         rop: ≈2^246.6
         red: ≈2^239.8
         svp: ≈2^246.6
           β:      419
           η:        2
           ζ:      134
         |S|: ≈2^268.5
           d:      858
        prob: ≈2^-90.6
           ↻: ≈2^92.8
         tag:   hybrid"
Viper-128,128,pk,classical_refined,RC.MATZOV,dual,154.01340334332033,100.08396204445613,inf,inf,inf,439.0,503.0,,4096,256,2,512,512,2,9,8,2.29128784747792,5.25,1,1,128,256,128,128,"         rop: ≈2^154.0
         mem: ≈2^100.1
           m:      503
           β:      439
           d:     1015
           ↻:        1
         tag:     dual"
Viper-128,128,pk,classical_refined,RC.MATZOV,dual_hybrid,141.87526942872282,inf,141.68235050803958,inf,138.8771848738766,395.0,512.0,20.0,4096,256,2,512,512,2,9,8,2.29128784747792,5.25,1,1,128,256,128,128,"         rop: ≈2^141.9
         red: ≈2^141.7
       guess: ≈2^138.9
           β:      395
           p:        5
           ζ:       20
           t:       30
          β':      398
           N: ≈2^81.6
           m:      512"
Viper-128,128,pk,classical_coresvp_baseline,ADPS16_classical,bkw,171.08155713976976,159.90689059560853,inf,inf,inf,,6.888011763710674e+47,,4096,256,2,512,512,2,9,8,2.29128784747792,5.25,1,1,128,256,128,128,"         rop: ≈2^171.1
           m: ≈2^158.9
         mem: ≈2^159.9
           b:       13
          t1:        0
          t2:       15
           ℓ:       12
        #cod:      442
        #top:        1
       #test:       69
         tag: coded-bkw"
Viper-128,128,pk,classical_coresvp_baseline,ADPS16_classical,usvp,122.348,inf,122.348,inf,inf,419.0,,,4096,256,2,512,512,2,9,8,2.29128784747792,5.25,1,1,128,256,128,128,"         rop: ≈2^122.3
         red: ≈2^122.3
           δ: 1.003856
           β:      419
           d:      986
         tag:     usvp"
Viper-128,128,pk,classical_coresvp_baseline,ADPS16_classical,bdd,123.348,inf,122.348,122.348,inf,419.0,,,4096,256,2,512,512,2,9,8,2.29128784747792,5.25,1,1,128,256,128,128,"         rop: ≈2^123.3
         red: ≈2^122.3
         svp: ≈2^122.3
           β:      419
           η:      418
           d:      982
         tag:      bdd"
Viper-128,128,pk,classical_coresvp_baseline,ADPS16_classical,bdd_hybrid,123.348,inf,122.348,122.348,inf,419.0,,0.0,4096,256,2,512,512,2,9,8,2.29128784747792,5.25,1,1,128,256,128,128,"         rop: ≈2^123.3
         red: ≈2^122.3
         svp: ≈2^122.3
           β:      419
           η:      418
           ζ:        0
         |S|:        1
           d:      999
        prob:      1.0
           ↻:        1
         tag:   hybrid"
Viper-128,128,pk,classical_coresvp_baseline,ADPS16_classical,bdd_mitm_hybrid,246.53588354983924,inf,216.63074940967698,246.53588354840429,inf,419.0,,133.0,4096,256,2,512,512,2,9,8,2.29128784747792,5.25,1,1,128,256,128,128,"         rop: ≈2^246.5
         red: ≈2^216.6
         svp: ≈2^246.5
           β:      419
           η:        2
           ζ:      133
         |S|: ≈2^265.5
           d:      859
        prob: ≈2^-92.1
           ↻: ≈2^94.3
         tag:   hybrid"
Viper-128,128,pk,classical_coresvp_baseline,ADPS16_classical,dual,128.1880000000045,99.87208356106512,inf,inf,inf,439.0,503.0,,4096,256,2,512,512,2,9,8,2.29128784747792,5.25,1,1,128,256,128,128,"         rop: ≈2^128.2
         mem: ≈2^99.9
           m:      503
           β:      439
           d:     1015
           ↻:        1
         tag:     dual"
Viper-128,128,pk,classical_coresvp_baseline,ADPS16_classical,dual_hybrid,118.56595040975178,inf,118.55199999999999,inf,111.86666576037467,406.0,512.0,0.0,4096,256,2,512,512,2,9,8,2.29128784747792,5.25,1,1,128,256,128,128,"         rop: ≈2^118.6
         red: ≈2^118.6
       guess: ≈2^111.9
           β:      406
           p:        5
           ζ:        0
           t:       40
          β':      406
           N: ≈2^83.9
           m:      512"
Viper-128,128,pk,quantum_coresvp,ADPS16_quantum,bkw,171.08155713976976,159.90689059560853,inf,inf,inf,,6.888011763710674e+47,,4096,256,2,512,512,2,9,8,2.29128784747792,5.25,1,1,128,256,128,128,"         rop: ≈2^171.1
           m: ≈2^158.9
         mem: ≈2^159.9
           b:       13
          t1:        0
          t2:       15
           ℓ:       12
        #cod:      442
        #top:        1
       #test:       69
         tag: coded-bkw"
Viper-128,128,pk,quantum_coresvp,ADPS16_quantum,usvp,111.03500000000001,inf,111.03500000000001,inf,inf,419.0,,,4096,256,2,512,512,2,9,8,2.29128784747792,5.25,1,1,128,256,128,128,"         rop: ≈2^111.0
         red: ≈2^111.0
           δ: 1.003856
           β:      419
           d:      986
         tag:     usvp"
Viper-128,128,pk,quantum_coresvp,ADPS16_quantum,bdd,112.03500000000001,inf,111.03500000000001,111.03500000000001,inf,419.0,,,4096,256,2,512,512,2,9,8,2.29128784747792,5.25,1,1,128,256,128,128,"         rop: ≈2^112.0
         red: ≈2^111.0
         svp: ≈2^111.0
           β:      419
           η:      418
           d:      982
         tag:      bdd"
Viper-128,128,pk,quantum_coresvp,ADPS16_quantum,bdd_hybrid,112.03500000000001,inf,111.03500000000001,111.03500000000001,inf,419.0,,0.0,4096,256,2,512,512,2,9,8,2.29128784747792,5.25,1,1,128,256,128,128,"         rop: ≈2^112.0
         red: ≈2^111.0
         svp: ≈2^111.0
           β:      419
           η:      418
           ζ:        0
         |S|:        1
           d:      999
        prob:      1.0
           ↻:        1
         tag:   hybrid"
Viper-128,128,pk,quantum_coresvp,ADPS16_quantum,bdd_mitm_hybrid,246.53588354840485,inf,205.317749409677,246.53588354840429,inf,419.0,,133.0,4096,256,2,512,512,2,9,8,2.29128784747792,5.25,1,1,128,256,128,128,"         rop: ≈2^246.5
         red: ≈2^205.3
         svp: ≈2^246.5
           β:      419
           η:        2
           ζ:      133
         |S|: ≈2^265.5
           d:      859
        prob: ≈2^-92.1
           ↻: ≈2^94.3
         tag:   hybrid"
Viper-128,128,pk,quantum_coresvp,ADPS16_quantum,dual,116.3350000166683,99.87208356106512,inf,inf,inf,439.0,503.0,,4096,256,2,512,512,2,9,8,2.29128784747792,5.25,1,1,128,256,128,128,"         rop: ≈2^116.3
         mem: ≈2^99.9
           m:      503
           β:      439
           d:     1015
           ↻:        1
         tag:     dual"
Viper-128,128,pk,quantum_coresvp,ADPS16_quantum,dual_hybrid,108.6515407645444,inf,108.65,inf,98.77986620304145,410.0,512.0,0.0,4096,256,2,512,512,2,9,8,2.29128784747792,5.25,1,1,128,256,128,128,"         rop: ≈2^108.7
         red: ≈2^108.7
       guess: ≈2^98.8
           β:      410
           p:        4
           ζ:        0
           t:       40
          β':      410
           N: ≈2^84.4
           m:      512"
Viper-128,128,u,classical_refined,RC.MATZOV,bkw,171.08155713976976,159.90689059560853,inf,inf,inf,,6.888011763710674e+47,,4096,256,2,512,512,2,9,8,2.29128784747792,5.25,1,1,128,256,128,128,"         rop: ≈2^171.1
           m: ≈2^158.9
         mem: ≈2^159.9
           b:       13
          t1:        0
          t2:       15
           ℓ:       12
        #cod:      442
        #top:        1
       #test:       69
         tag: coded-bkw"
Viper-128,128,u,classical_refined,RC.MATZOV,usvp,147.3206626527875,inf,147.3206626527875,inf,inf,419.0,,,4096,256,2,512,512,2,9,8,2.29128784747792,5.25,1,1,128,256,128,128,"         rop: ≈2^147.3
         red: ≈2^147.3
           δ: 1.003856
           β:      419
           d:      986
         tag:     usvp"
Viper-128,128,u,classical_refined,RC.MATZOV,bdd,143.64809441926374,inf,142.34613747094804,142.89765946611175,inf,401.0,,,4096,256,2,512,512,2,9,8,2.29128784747792,5.25,1,1,128,256,128,128,"         rop: ≈2^143.6
         red: ≈2^142.3
         svp: ≈2^142.9
           β:      401
           η:      435
           d:      978
         tag:      bdd"
Viper-128,128,u,classical_refined,RC.MATZOV,bdd_hybrid,143.65416608262976,inf,142.36106203550304,142.89765946611175,inf,401.0,,0.0,4096,256,2,512,512,2,9,8,2.29128784747792,5.25,1,1,128,256,128,128,"         rop: ≈2^143.7
         red: ≈2^142.4
         svp: ≈2^142.9
           β:      401
           η:      435
           ζ:        0
         |S|:        1
           d:      984
        prob:      1.0
           ↻:        1
         tag:   hybrid"
Viper-128,128,u,classical_refined,RC.MATZOV,bdd_mitm_hybrid,246.5637584444735,inf,239.77006422933803,246.55069572952647,inf,419.0,,134.0,4096,256,2,512,512,2,9,8,2.29128784747792,5.25,1,1,128,256,128,128,"         rop: ≈2^246.6
         red: ≈2^239.8
         svp: ≈2^246.6
           β:      419
           η:        2
           ζ:      134
         |S|: ≈2^268.5
           d:      858
        prob: ≈2^-90.6
           ↻: ≈2^92.8
         tag:   hybrid"
Viper-128,128,u,classical_refined,RC.MATZOV,dual,154.01340334332033,100.08396204445613,inf,inf,inf,439.0,503.0,,4096,256,2,512,512,2,9,8,2.29128784747792,5.25,1,1,128,256,128,128,"         rop: ≈2^154.0
         mem: ≈2^100.1
           m:      503
           β:      439
           d:     1015
           ↻:        1
         tag:     dual"
Viper-128,128,u,classical_refined,RC.MATZOV,dual_hybrid,141.87526942872282,inf,141.68235050803958,inf,138.8771848738766,395.0,512.0,20.0,4096,256,2,512,512,2,9,8,2.29128784747792,5.25,1,1,128,256,128,128,"         rop: ≈2^141.9
         red: ≈2^141.7
       guess: ≈2^138.9
           β:      395
           p:        5
           ζ:       20
           t:       30
          β':      398
           N: ≈2^81.6
           m:      512"
Viper-128,128,u,classical_coresvp_baseline,ADPS16_classical,bkw,171.08155713976976,159.90689059560853,inf,inf,inf,,6.888011763710674e+47,,4096,256,2,512,512,2,9,8,2.29128784747792,5.25,1,1,128,256,128,128,"         rop: ≈2^171.1
           m: ≈2^158.9
         mem: ≈2^159.9
           b:       13
          t1:        0
          t2:       15
           ℓ:       12
        #cod:      442
        #top:        1
       #test:       69
         tag: coded-bkw"
Viper-128,128,u,classical_coresvp_baseline,ADPS16_classical,usvp,122.348,inf,122.348,inf,inf,419.0,,,4096,256,2,512,512,2,9,8,2.29128784747792,5.25,1,1,128,256,128,128,"         rop: ≈2^122.3
         red: ≈2^122.3
           δ: 1.003856
           β:      419
           d:      986
         tag:     usvp"
Viper-128,128,u,classical_coresvp_baseline,ADPS16_classical,bdd,123.348,inf,122.348,122.348,inf,419.0,,,4096,256,2,512,512,2,9,8,2.29128784747792,5.25,1,1,128,256,128,128,"         rop: ≈2^123.3
         red: ≈2^122.3
         svp: ≈2^122.3
           β:      419
           η:      418
           d:      982
         tag:      bdd"
Viper-128,128,u,classical_coresvp_baseline,ADPS16_classical,bdd_hybrid,123.348,inf,122.348,122.348,inf,419.0,,0.0,4096,256,2,512,512,2,9,8,2.29128784747792,5.25,1,1,128,256,128,128,"         rop: ≈2^123.3
         red: ≈2^122.3
         svp: ≈2^122.3
           β:      419
           η:      418
           ζ:        0
         |S|:        1
           d:      999
        prob:      1.0
           ↻:        1
         tag:   hybrid"
Viper-128,128,u,classical_coresvp_baseline,ADPS16_classical,bdd_mitm_hybrid,246.53588354983924,inf,216.63074940967698,246.53588354840429,inf,419.0,,133.0,4096,256,2,512,512,2,9,8,2.29128784747792,5.25,1,1,128,256,128,128,"         rop: ≈2^246.5
         red: ≈2^216.6
         svp: ≈2^246.5
           β:      419
           η:        2
           ζ:      133
         |S|: ≈2^265.5
           d:      859
        prob: ≈2^-92.1
           ↻: ≈2^94.3
         tag:   hybrid"
Viper-128,128,u,classical_coresvp_baseline,ADPS16_classical,dual,128.1880000000045,99.87208356106512,inf,inf,inf,439.0,503.0,,4096,256,2,512,512,2,9,8,2.29128784747792,5.25,1,1,128,256,128,128,"         rop: ≈2^128.2
         mem: ≈2^99.9
           m:      503
           β:      439
           d:     1015
           ↻:        1
         tag:     dual"
Viper-128,128,u,classical_coresvp_baseline,ADPS16_classical,dual_hybrid,118.56595040975178,inf,118.55199999999999,inf,111.86666576037467,406.0,512.0,0.0,4096,256,2,512,512,2,9,8,2.29128784747792,5.25,1,1,128,256,128,128,"         rop: ≈2^118.6
         red: ≈2^118.6
       guess: ≈2^111.9
           β:      406
           p:        5
           ζ:        0
           t:       40
          β':      406
           N: ≈2^83.9
           m:      512"
Viper-128,128,u,quantum_coresvp,ADPS16_quantum,bkw,171.08155713976976,159.90689059560853,inf,inf,inf,,6.888011763710674e+47,,4096,256,2,512,512,2,9,8,2.29128784747792,5.25,1,1,128,256,128,128,"         rop: ≈2^171.1
           m: ≈2^158.9
         mem: ≈2^159.9
           b:       13
          t1:        0
          t2:       15
           ℓ:       12
        #cod:      442
        #top:        1
       #test:       69
         tag: coded-bkw"
Viper-128,128,u,quantum_coresvp,ADPS16_quantum,usvp,111.03500000000001,inf,111.03500000000001,inf,inf,419.0,,,4096,256,2,512,512,2,9,8,2.29128784747792,5.25,1,1,128,256,128,128,"         rop: ≈2^111.0
         red: ≈2^111.0
           δ: 1.003856
           β:      419
           d:      986
         tag:     usvp"
Viper-128,128,u,quantum_coresvp,ADPS16_quantum,bdd,112.03500000000001,inf,111.03500000000001,111.03500000000001,inf,419.0,,,4096,256,2,512,512,2,9,8,2.29128784747792,5.25,1,1,128,256,128,128,"         rop: ≈2^112.0
         red: ≈2^111.0
         svp: ≈2^111.0
           β:      419
           η:      418
           d:      982
         tag:      bdd"
Viper-128,128,u,quantum_coresvp,ADPS16_quantum,bdd_hybrid,112.03500000000001,inf,111.03500000000001,111.03500000000001,inf,419.0,,0.0,4096,256,2,512,512,2,9,8,2.29128784747792,5.25,1,1,128,256,128,128,"         rop: ≈2^112.0
         red: ≈2^111.0
         svp: ≈2^111.0
           β:      419
           η:      418
           ζ:        0
         |S|:        1
           d:      999
        prob:      1.0
           ↻:        1
         tag:   hybrid"
Viper-128,128,u,quantum_coresvp,ADPS16_quantum,bdd_mitm_hybrid,246.53588354840485,inf,205.317749409677,246.53588354840429,inf,419.0,,133.0,4096,256,2,512,512,2,9,8,2.29128784747792,5.25,1,1,128,256,128,128,"         rop: ≈2^246.5
         red: ≈2^205.3
         svp: ≈2^246.5
           β:      419
           η:        2
           ζ:      133
         |S|: ≈2^265.5
           d:      859
        prob: ≈2^-92.1
           ↻: ≈2^94.3
         tag:   hybrid"
Viper-128,128,u,quantum_coresvp,ADPS16_quantum,dual,116.3350000166683,99.87208356106512,inf,inf,inf,439.0,503.0,,4096,256,2,512,512,2,9,8,2.29128784747792,5.25,1,1,128,256,128,128,"         rop: ≈2^116.3
         mem: ≈2^99.9
           m:      503
           β:      439
           d:     1015
           ↻:        1
         tag:     dual"
Viper-128,128,u,quantum_coresvp,ADPS16_quantum,dual_hybrid,108.6515407645444,inf,108.65,inf,98.77986620304145,410.0,512.0,0.0,4096,256,2,512,512,2,9,8,2.29128784747792,5.25,1,1,128,256,128,128,"         rop: ≈2^108.7
         red: ≈2^108.7
       guess: ≈2^98.8
           β:      410
           p:        4
           ζ:        0
           t:       40
          β':      410
           N: ≈2^84.4
           m:      512"
Viper-192,192,pk,classical_refined,RC.MATZOV,bkw,255.37127698745053,243.90689059560853,inf,inf,inf,,1.3252196729290578e+73,,4096,256,3,768,768,3,10,4,1.118033988749895,1.25,1,1,192,256,192,192,"         rop: ≈2^255.4
           m: ≈2^242.9
         mem: ≈2^243.9
           b:       20
          t1:        0
          t2:       15
           ℓ:       19
        #cod:      668
        #top:        0
       #test:      104
         tag: coded-bkw"
Viper-192,192,pk,classical_refined,RC.MATZOV,usvp,207.70571773929552,inf,207.70571773929552,inf,inf,634.0,,,4096,256,3,768,768,3,10,4,1.118033988749895,1.25,1,1,192,256,192,192,"         rop: ≈2^207.7
         red: ≈2^207.7
           δ: 1.002868
           β:      634
           d:     1439
         tag:     usvp"
Viper-192,192,pk,classical_refined,RC.MATZOV,bdd,203.635053964957,inf,202.74261892199127,202.51881833219318,inf,616.0,,,4096,256,3,768,768,3,10,4,1.118033988749895,1.25,1,1,192,256,192,192,"         rop: ≈2^203.6
         red: ≈2^202.7
         svp: ≈2^202.5
           β:      616
           η:      649
           d:     1455
         tag:      bdd"
Viper-192,192,pk,classical_refined,RC.MATZOV,bdd_hybrid,203.64888233778387,inf,202.76818418117193,202.51881833219318,inf,616.0,,0.0,4096,256,3,768,768,3,10,4,1.118033988749895,1.25,1,1,192,256,192,192,"         rop: ≈2^203.6
         red: ≈2^202.8
         svp: ≈2^202.5
           β:      616
           η:      649
           ζ:        0
         |S|:        1
           d:     1470
        prob:      1.0
           ↻:        1
         tag:   hybrid"
Viper-192,192,pk,classical_refined,RC.MATZOV,bdd_mitm_hybrid,471.55900636096067,inf,471.55900636096067,284.5687143313106,inf,635.0,,0.0,4096,256,3,768,768,3,10,4,1.118033988749895,1.25,1,1,192,256,192,192,"         rop: ≈2^471.6
         red: ≈2^471.6
         svp: ≈2^284.6
           β:      635
           η:        2
           ζ:        0
         |S|:        1
           d:     1487
        prob: ≈2^-261.3
           ↻: ≈2^263.5
         tag:   hybrid"
Viper-192,192,pk,classical_refined,RC.MATZOV,dual,217.1739881683262,144.84996889497245,inf,inf,inf,664.0,743.0,,4096,256,3,768,768,3,10,4,1.118033988749895,1.25,1,1,192,256,192,192,"         rop: ≈2^217.2
         mem: ≈2^144.8
           m:      743
           β:      664
           d:     1511
           ↻:        1
         tag:     dual"
Viper-192,192,pk,classical_refined,RC.MATZOV,dual_hybrid,199.3695510259231,inf,199.3682387905131,inf,189.26637085749005,600.0,768.0,20.0,4096,256,3,768,768,3,10,4,1.118033988749895,1.25,1,1,192,256,192,192,"         rop: ≈2^199.4
         red: ≈2^199.4
       guess: ≈2^189.3
           β:      600
           p:        4
           ζ:       20
           t:       60
          β':      593
           N: ≈2^122.7
           m:      768"
Viper-192,192,pk,classical_coresvp_baseline,ADPS16_classical,bkw,255.37127698745053,243.90689059560853,inf,inf,inf,,1.3252196729290578e+73,,4096,256,3,768,768,3,10,4,1.118033988749895,1.25,1,1,192,256,192,192,"         rop: ≈2^255.4
           m: ≈2^242.9
         mem: ≈2^243.9
           b:       20
          t1:        0
          t2:       15
           ℓ:       19
        #cod:      668
        #top:        0
       #test:      104
         tag: coded-bkw"
Viper-192,192,pk,classical_coresvp_baseline,ADPS16_classical,usvp,185.128,inf,185.128,inf,inf,634.0,,,4096,256,3,768,768,3,10,4,1.118033988749895,1.25,1,1,192,256,192,192,"         rop: ≈2^185.1
         red: ≈2^185.1
           δ: 1.002868
           β:      634
           d:     1439
         tag:     usvp"
Viper-192,192,pk,classical_coresvp_baseline,ADPS16_classical,bdd,185.98937498722879,inf,185.128,184.83599999999998,inf,634.0,,,4096,256,3,768,768,3,10,4,1.118033988749895,1.25,1,1,192,256,192,192,"         rop: ≈2^186.0
         red: ≈2^185.1
         svp: ≈2^184.8
           β:      634
           η:      632
           d:     1455
         tag:      bdd"
Viper-192,192,pk,classical_coresvp_baseline,ADPS16_classical,bdd_hybrid,185.98937498722879,inf,185.128,184.83599999999998,inf,634.0,,0.0,4096,256,3,768,768,3,10,4,1.118033988749895,1.25,1,1,192,256,192,192,"         rop: ≈2^186.0
         red: ≈2^185.1
         svp: ≈2^184.8
           β:      634
           η:      632
           ζ:        0
         |S|:        1
           d:     1486
        prob:      1.0
           ↻:        1
         tag:   hybrid"
Viper-192,192,pk,classical_coresvp_baseline,ADPS16_classical,bdd_mitm_hybrid,448.91233646720576,inf,448.91233646720576,284.5687143313106,inf,635.0,,0.0,4096,256,3,768,768,3,10,4,1.118033988749895,1.25,1,1,192,256,192,192,"         rop: ≈2^448.9
         red: ≈2^448.9
         svp: ≈2^284.6
           β:      635
           η:        2
           ζ:        0
         |S|:        1
           d:     1487
        prob: ≈2^-261.3
           ↻: ≈2^263.5
         tag:   hybrid"
Viper-192,192,pk,classical_coresvp_baseline,ADPS16_classical,dual,192.136,145.89793005160683,inf,inf,inf,658.0,738.0,,4096,256,3,768,768,3,10,4,1.118033988749895,1.25,1,1,192,256,192,192,"         rop: ≈2^192.1
         mem: ≈2^145.9
           m:      738
           β:      658
           d:     1506
           ↻:        1
         tag:     dual"
Viper-192,192,pk,classical_coresvp_baseline,ADPS16_classical,dual_hybrid,177.5361805126667,inf,177.536,inf,164.57171158033023,608.0,768.0,10.0,4096,256,3,768,768,3,10,4,1.118033988749895,1.25,1,1,192,256,192,192,"         rop: ≈2^177.5
         red: ≈2^177.5
       guess: ≈2^164.6
           β:      608
           p:        4
           ζ:       10
           t:       60
          β':      608
           N: ≈2^125.8
           m:      768"
Viper-192,192,pk,quantum_coresvp,ADPS16_quantum,bkw,255.37127698745053,243.90689059560853,inf,inf,inf,,1.3252196729290578e+73,,4096,256,3,768,768,3,10,4,1.118033988749895,1.25,1,1,192,256,192,192,"         rop: ≈2^255.4
           m: ≈2^242.9
         mem: ≈2^243.9
           b:       20
          t1:        0
          t2:       15
           ℓ:       19
        #cod:      668
        #top:        0
       #test:      104
         tag: coded-bkw"
Viper-192,192,pk,quantum_coresvp,ADPS16_quantum,usvp,168.01000000000002,inf,168.01000000000002,inf,inf,634.0,,,4096,256,3,768,768,3,10,4,1.118033988749895,1.25,1,1,192,256,192,192,"         rop: ≈2^168.0
         red: ≈2^168.0
           δ: 1.002868
           β:      634
           d:     1439
         tag:     usvp"
Viper-192,192,pk,quantum_coresvp,ADPS16_quantum,bdd,168.88357599799414,inf,168.01000000000002,167.745,inf,634.0,,,4096,256,3,768,768,3,10,4,1.118033988749895,1.25,1,1,192,256,192,192,"         rop: ≈2^168.9
         red: ≈2^168.0
         svp: ≈2^167.7
           β:      634
           η:      632
           d:     1455
         tag:      bdd"
Viper-192,192,pk,quantum_coresvp,ADPS16_quantum,bdd_hybrid,168.88357599799414,inf,168.01000000000002,167.745,inf,634.0,,0.0,4096,256,3,768,768,3,10,4,1.118033988749895,1.25,1,1,192,256,192,192,"         rop: ≈2^168.9
         red: ≈2^168.0
         svp: ≈2^167.7
           β:      634
           η:      632
           ζ:        0
         |S|:        1
           d:     1486
        prob:      1.0
           ↻:        1
         tag:   hybrid"
Viper-192,192,pk,quantum_coresvp,ADPS16_quantum,bdd_mitm_hybrid,431.7673364672058,inf,431.7673364672058,284.5687143313106,inf,635.0,,0.0,4096,256,3,768,768,3,10,4,1.118033988749895,1.25,1,1,192,256,192,192,"         rop: ≈2^431.8
         red: ≈2^431.8
         svp: ≈2^284.6
           β:      635
           η:        2
           ζ:        0
         |S|:        1
           d:     1487
        prob: ≈2^-261.3
           ↻: ≈2^263.5
         tag:   hybrid"
Viper-192,192,pk,quantum_coresvp,ADPS16_quantum,dual,174.37000000000265,145.89793005160683,inf,inf,inf,658.0,738.0,,4096,256,3,768,768,3,10,4,1.118033988749895,1.25,1,1,192,256,192,192,"         rop: ≈2^174.4
         mem: ≈2^145.9
           m:      738
           β:      658
           d:     1506
           ↻:        1
         tag:     dual"
Viper-192,192,pk,quantum_coresvp,ADPS16_quantum,dual_hybrid,162.1124145730191,inf,161.91500000000002,inf,159.14536670599185,611.0,768.0,0.0,4096,256,3,768,768,3,10,4,1.118033988749895,1.25,1,1,192,256,192,192,"         rop: ≈2^162.1
         red: ≈2^161.9
       guess: ≈2^159.1
           β:      611
           p:        5
           ζ:        0
           t:       60
          β':      611
           N: ≈2^126.4
           m:      768"
Viper-192,192,u,classical_refined,RC.MATZOV,bkw,267.3651092125114,255.90689059560853,inf,inf,inf,,5.427754183658371e+76,,4096,256,3,768,768,3,9,8,2.29128784747792,5.25,1,1,192,256,192,192,"         rop: ≈2^267.4
           m: ≈2^254.9
         mem: ≈2^255.9
           b:       21
          t1:        0
          t2:       15
           ℓ:       20
        #cod:      669
        #top:        0
       #test:      100
         tag: coded-bkw"
Viper-192,192,u,classical_refined,RC.MATZOV,usvp,226.05953349315328,inf,226.05953349315328,inf,inf,700.0,,,4096,256,3,768,768,3,9,8,2.29128784747792,5.25,1,1,192,256,192,192,"         rop: ≈2^226.1
         red: ≈2^226.1
           δ: 1.002667
           β:      700
           d:     1464
         tag:     usvp"
Viper-192,192,u,classical_refined,RC.MATZOV,bdd,221.74749423114935,inf,220.5083848010658,220.95255116122203,inf,680.0,,,4096,256,3,768,768,3,9,8,2.29128784747792,5.25,1,1,192,256,192,192,"         rop: ≈2^221.7
         red: ≈2^220.5
         svp: ≈2^221.0
           β:      680
           η:      715
           d:     1463
         tag:      bdd"
Viper-192,192,u,classical_refined,RC.MATZOV,bdd_hybrid,221.75605489040478,inf,220.52851150091774,220.95255116122203,inf,680.0,,0.0,4096,256,3,768,768,3,9,8,2.29128784747792,5.25,1,1,192,256,192,192,"         rop: ≈2^221.8
         red: ≈2^220.5
         svp: ≈2^221.0
           β:      680
           η:      715
           ζ:        0
         |S|:        1
           d:     1474
        prob:      1.0
           ↻:        1
         tag:   hybrid"
Viper-192,192,u,classical_refined,RC.MATZOV,bdd_mitm_hybrid,444.2770770933962,inf,388.32270289399116,444.2770770933962,inf,701.0,,214.0,4096,256,3,768,768,3,9,8,2.29128784747792,5.25,1,1,192,256,192,192,"         rop: ≈2^444.3
         red: ≈2^388.3
         svp: ≈2^444.3
           β:      701
           η:        2
           ζ:      214
         |S|: ≈2^522.5
           d:     1266
        prob: ≈2^-160.2
           ↻: ≈2^162.4
         tag:   hybrid"
Viper-192,192,u,classical_refined,RC.MATZOV,dual,237.3818201003025,159.10263929162372,inf,inf,inf,737.0,750.0,,4096,256,3,768,768,3,9,8,2.29128784747792,5.25,1,1,192,256,192,192,"         rop: ≈2^237.4
         mem: ≈2^159.1
           m:      750
           β:      737
           d:     1518
           ↻:        1
         tag:     dual"
Viper-192,192,u,classical_refined,RC.MATZOV,dual_hybrid,216.05255458177956,inf,215.9786949452189,inf,211.727945914545,660.0,768.0,20.0,4096,256,3,768,768,3,9,8,2.29128784747792,5.25,1,1,192,256,192,192,"         rop: ≈2^216.1
         red: ≈2^216.0
       guess: ≈2^211.7
           β:      660
           p:        5
           ζ:       20
           t:       60
          β':      649
           N: ≈2^134.6
           m:      768"
Viper-192,192,u,classical_coresvp_baseline,ADPS16_classical,bkw,267.3651092125114,255.90689059560853,inf,inf,inf,,5.427754183658371e+76,,4096,256,3,768,768,3,9,8,2.29128784747792,5.25,1,1,192,256,192,192,"         rop: ≈2^267.4
           m: ≈2^254.9
         mem: ≈2^255.9
           b:       21
          t1:        0
          t2:       15
           ℓ:       20
        #cod:      669
        #top:        0
       #test:      100
         tag: coded-bkw"
Viper-192,192,u,classical_coresvp_baseline,ADPS16_classical,usvp,204.39999999999998,inf,204.39999999999998,inf,inf,700.0,,,4096,256,3,768,768,3,9,8,2.29128784747792,5.25,1,1,192,256,192,192,"         rop: ≈2^204.4
         red: ≈2^204.4
           δ: 1.002667
           β:      700
           d:     1464
         tag:     usvp"
Viper-192,192,u,classical_coresvp_baseline,ADPS16_classical,bdd,205.39999999999998,inf,204.39999999999998,204.39999999999998,inf,700.0,,,4096,256,3,768,768,3,9,8,2.29128784747792,5.25,1,1,192,256,192,192,"         rop: ≈2^205.4
         red: ≈2^204.4
         svp: ≈2^204.4
           β:      700
           η:      699
           d:     1460
         tag:      bdd"
Viper-192,192,u,classical_coresvp_baseline,ADPS16_classical,bdd_hybrid,205.39999999999998,inf,204.39999999999998,204.39999999999998,inf,700.0,,0.0,4096,256,3,768,768,3,9,8,2.29128784747792,5.25,1,1,192,256,192,192,"         rop: ≈2^205.4
         red: ≈2^204.4
         svp: ≈2^204.4
           β:      700
           η:      699
           ζ:        0
         |S|:        1
           d:     1490
        prob:      1.0
           ↻:        1
         tag:   hybrid"
Viper-192,192,u,classical_coresvp_baseline,ADPS16_classical,bdd_mitm_hybrid,444.2770770933962,inf,367.1111185106785,444.2770770933962,inf,701.0,,214.0,4096,256,3,768,768,3,9,8,2.29128784747792,5.25,1,1,192,256,192,192,"         rop: ≈2^444.3
         red: ≈2^367.1
         svp: ≈2^444.3
           β:      701
           η:        2
           ζ:      214
         |S|: ≈2^522.5
           d:     1266
        prob: ≈2^-160.2
           ↻: ≈2^162.4
         tag:   hybrid"
Viper-192,192,u,classical_coresvp_baseline,ADPS16_classical,dual,212.576,160.5687239336846,inf,inf,inf,728.0,743.0,,4096,256,3,768,768,3,9,8,2.29128784747792,5.25,1,1,192,256,192,192,"         rop: ≈2^212.6
         mem: ≈2^160.6
           m:      743
           β:      728
           d:     1511
           ↻:        1
         tag:     dual"
Viper-192,192,u,classical_coresvp_baseline,ADPS16_classical,dual_hybrid,195.34961590234423,inf,195.34799999999998,inf,185.5465973815878,669.0,768.0,10.0,4096,256,3,768,768,3,9,8,2.29128784747792,5.25,1,1,192,256,192,192,"         rop: ≈2^195.3
         red: ≈2^195.3
       guess: ≈2^185.5
           β:      669
           p:        5
           ζ:       10
           t:       60
          β':      669
           N: ≈2^137.8
           m:      768"
Viper-192,192,u,quantum_coresvp,ADPS16_quantum,bkw,267.3651092125114,255.90689059560853,inf,inf,inf,,5.427754183658371e+76,,4096,256,3,768,768,3,9,8,2.29128784747792,5.25,1,1,192,256,192,192,"         rop: ≈2^267.4
           m: ≈2^254.9
         mem: ≈2^255.9
           b:       21
          t1:        0
          t2:       15
           ℓ:       20
        #cod:      669
        #top:        0
       #test:      100
         tag: coded-bkw"
Viper-192,192,u,quantum_coresvp,ADPS16_quantum,usvp,185.5,inf,185.5,inf,inf,700.0,,,4096,256,3,768,768,3,9,8,2.29128784747792,5.25,1,1,192,256,192,192,"         rop: ≈2^185.5
         red: ≈2^185.5
           δ: 1.002667
           β:      700
           d:     1464
         tag:     usvp"
Viper-192,192,u,quantum_coresvp,ADPS16_quantum,bdd,186.5,inf,185.5,185.5,inf,700.0,,,4096,256,3,768,768,3,9,8,2.29128784747792,5.25,1,1,192,256,192,192,"         rop: ≈2^186.5
         red: ≈2^185.5
         svp: ≈2^185.5
           β:      700
           η:      699
           d:     1460
         tag:      bdd"
Viper-192,192,u,quantum_coresvp,ADPS16_quantum,bdd_hybrid,186.5,inf,185.5,185.5,inf,700.0,,0.0,4096,256,3,768,768,3,9,8,2.29128784747792,5.25,1,1,192,256,192,192,"         rop: ≈2^186.5
         red: ≈2^185.5
         svp: ≈2^185.5
           β:      700
           η:      699
           ζ:        0
         |S|:        1
           d:     1490
        prob:      1.0
           ↻:        1
         tag:   hybrid"
Viper-192,192,u,quantum_coresvp,ADPS16_quantum,bdd_mitm_hybrid,444.2770770933962,inf,348.18411851067856,444.2770770933962,inf,701.0,,214.0,4096,256,3,768,768,3,9,8,2.29128784747792,5.25,1,1,192,256,192,192,"         rop: ≈2^444.3
         red: ≈2^348.2
         svp: ≈2^444.3
           β:      701
           η:        2
           ζ:      214
         |S|: ≈2^522.5
           d:     1266
        prob: ≈2^-160.2
           ↻: ≈2^162.4
         tag:   hybrid"
Viper-192,192,u,quantum_coresvp,ADPS16_quantum,dual,192.9200000000002,160.5687239336846,inf,inf,inf,728.0,743.0,,4096,256,3,768,768,3,9,8,2.29128784747792,5.25,1,1,192,256,192,192,"         rop: ≈2^192.9
         mem: ≈2^160.6
           m:      743
           β:      728
           d:     1511
           ↻:        1
         tag:     dual"
Viper-192,192,u,quantum_coresvp,ADPS16_quantum,dual_hybrid,178.873815497624,inf,178.345,inf,177.16954520327033,673.0,768.0,10.0,4096,256,3,768,768,3,9,8,2.29128784747792,5.25,1,1,192,256,192,192,"         rop: ≈2^178.9
         red: ≈2^178.3
       guess: ≈2^177.2
           β:      673
           p:        6
           ζ:       10
           t:       50
          β':      673
           N: ≈2^139.3
           m:      768"
Viper-256,256,pk,classical_refined,RC.MATZOV,bkw,328.064874572717,316.0,inf,inf,inf,,6.674959876360833e+94,,4096,256,4,1024,1024,3,10,4,1.118033988749895,1.25,1,1,256,256,256,256,"         rop: ≈2^328.1
           m: ≈2^315.0
         mem: ≈2^316.0
           b:       26
          t1:        0
          t2:       16
           ℓ:       25
        #cod:      889
        #top:        1
       #test:      134
         tag: coded-bkw"
Viper-256,256,pk,classical_refined,RC.MATZOV,usvp,278.78316095917614,inf,278.78316095917614,inf,inf,887.0,,,4096,256,4,1024,1024,3,10,4,1.118033988749895,1.25,1,1,256,256,256,256,"         rop: ≈2^278.8
         red: ≈2^278.8
           δ: 1.002237
           β:      887
           d:     1907
         tag:     usvp"
Viper-256,256,pk,classical_refined,RC.MATZOV,bdd,274.39588114762415,inf,273.2236733643959,273.54970786938014,inf,867.0,,,4096,256,4,1024,1024,3,10,4,1.118033988749895,1.25,1,1,256,256,256,256,"         rop: ≈2^274.4
         red: ≈2^273.2
         svp: ≈2^273.5
           β:      867
           η:      903
           d:     1916
         tag:      bdd"
Viper-256,256,pk,classical_refined,RC.MATZOV,bdd_hybrid,274.40197107899417,inf,273.23736127581094,273.54970786938014,inf,867.0,,0.0,4096,256,4,1024,1024,3,10,4,1.118033988749895,1.25,1,1,256,256,256,256,"         rop: ≈2^274.4
         red: ≈2^273.2
         svp: ≈2^273.5
           β:      867
           η:      903
           ζ:        0
         |S|:        1
           d:     1926
        prob:      1.0
           ↻:        1
         tag:   hybrid"
Viper-256,256,pk,classical_refined,RC.MATZOV,bdd_mitm_hybrid,694.560062908814,inf,694.560062908814,437.5748830737405,inf,887.0,,0.0,4096,256,4,1024,1024,3,10,4,1.118033988749895,1.25,1,1,256,256,256,256,"         rop: ≈2^694.6
         red: ≈2^694.6
         svp: ≈2^437.6
           β:      887
           η:        2
           ζ:        0
         |S|:        1
           d:     1942
        prob: ≈2^-413.5
           ↻: ≈2^415.7
         tag:   hybrid"
Viper-256,256,pk,classical_refined,RC.MATZOV,dual,292.2848087564515,198.0288100246767,inf,inf,inf,931.0,954.0,,4096,256,4,1024,1024,3,10,4,1.118033988749895,1.25,1,1,256,256,256,256,"         rop: ≈2^292.3
         mem: ≈2^198.0
           m:      954
           β:      931
           d:     1978
           ↻:        1
         tag:     dual"
Viper-256,256,pk,classical_refined,RC.MATZOV,dual_hybrid,265.988581784667,inf,265.98451361859645,inf,257.516376096058,837.0,1024.0,30.0,4096,256,4,1024,1024,3,10,4,1.118033988749895,1.25,1,1,256,256,256,256,"         rop: ≈2^266.0
         red: ≈2^266.0
       guess: ≈2^257.5
           β:      837
           p:        5
           ζ:       30
           t:       70
          β':      818
           N: ≈2^169.7
           m:     1024"
Viper-256,256,pk,classical_coresvp_baseline,ADPS16_classical,bkw,328.064874572717,316.0,inf,inf,inf,,6.674959876360833e+94,,4096,256,4,1024,1024,3,10,4,1.118033988749895,1.25,1,1,256,256,256,256,"         rop: ≈2^328.1
           m: ≈2^315.0
         mem: ≈2^316.0
           b:       26
          t1:        0
          t2:       16
           ℓ:       25
        #cod:      889
        #top:        1
       #test:      134
         tag: coded-bkw"
Viper-256,256,pk,classical_coresvp_baseline,ADPS16_classical,usvp,259.00399999999996,inf,259.00399999999996,inf,inf,887.0,,,4096,256,4,1024,1024,3,10,4,1.118033988749895,1.25,1,1,256,256,256,256,"         rop: ≈2^259.0
         red: ≈2^259.0
           δ: 1.002237
           β:      887
           d:     1907
         tag:     usvp"
Viper-256,256,pk,classical_coresvp_baseline,ADPS16_classical,bdd,259.92349109676195,inf,258.41999999999996,259.296,inf,885.0,,,4096,256,4,1024,1024,3,10,4,1.118033988749895,1.25,1,1,256,256,256,256,"         rop: ≈2^259.9
         red: ≈2^258.4
         svp: ≈2^259.3
           β:      885
           η:      887
           d:     1932
         tag:      bdd"
Viper-256,256,pk,classical_coresvp_baseline,ADPS16_classical,bdd_hybrid,259.92349109676195,inf,258.41999999999996,259.296,inf,885.0,,0.0,4096,256,4,1024,1024,3,10,4,1.118033988749895,1.25,1,1,256,256,256,256,"         rop: ≈2^259.9
         red: ≈2^258.4
         svp: ≈2^259.3
           β:      885
           η:      887
           ζ:        0
         |S|:        1
           d:     1941
        prob:      1.0
           ↻:        1
         tag:   hybrid"
Viper-256,256,pk,classical_coresvp_baseline,ADPS16_classical,bdd_mitm_hybrid,674.7322281029021,inf,674.7322281029021,437.5748830737405,inf,887.0,,0.0,4096,256,4,1024,1024,3,10,4,1.118033988749895,1.25,1,1,256,256,256,256,"         rop: ≈2^674.7
         red: ≈2^674.7
         svp: ≈2^437.6
           β:      887
           η:        2
           ζ:        0
         |S|:        1
           d:     1942
        prob: ≈2^-413.5
           ↻: ≈2^415.7
         tag:   hybrid"
Viper-256,256,pk,classical_coresvp_baseline,ADPS16_classical,dual,268.056,200.32844810613457,inf,inf,inf,918.0,944.0,,4096,256,4,1024,1024,3,10,4,1.118033988749895,1.25,1,1,256,256,256,256,"         rop: ≈2^268.1
         mem: ≈2^200.3
           m:      944
           β:      918
           d:     1968
           ↻:        1
         tag:     dual"
Viper-256,256,pk,classical_coresvp_baseline,ADPS16_classical,dual_hybrid,246.18213093981902,inf,246.15599999999998,inf,240.3822216411351,843.0,1024.0,0.0,4096,256,4,1024,1024,3,10,4,1.118033988749895,1.25,1,1,256,256,256,256,"         rop: ≈2^246.2
         red: ≈2^246.2
       guess: ≈2^240.4
           β:      843
           p:        4
           ζ:        0
           t:      110
          β':      843
           N: ≈2^174.7
           m:     1024"
Viper-256,256,pk,quantum_coresvp,ADPS16_quantum,bkw,328.064874572717,316.0,inf,inf,inf,,6.674959876360833e+94,,4096,256,4,1024,1024,3,10,4,1.118033988749895,1.25,1,1,256,256,256,256,"         rop: ≈2^328.1
           m: ≈2^315.0
         mem: ≈2^316.0
           b:       26
          t1:        0
          t2:       16
           ℓ:       25
        #cod:      889
        #top:        1
       #test:      134
         tag: coded-bkw"
Viper-256,256,pk,quantum_coresvp,ADPS16_quantum,usvp,235.055,inf,235.055,inf,inf,887.0,,,4096,256,4,1024,1024,3,10,4,1.118033988749895,1.25,1,1,256,256,256,256,"         rop: ≈2^235.1
         red: ≈2^235.1
           δ: 1.002237
           β:      887
           d:     1907
         tag:     usvp"
Viper-256,256,pk,quantum_coresvp,ADPS16_quantum,bdd,235.97658164689204,inf,234.525,235.32000000000002,inf,885.0,,,4096,256,4,1024,1024,3,10,4,1.118033988749895,1.25,1,1,256,256,256,256,"         rop: ≈2^236.0
         red: ≈2^234.5
         svp: ≈2^235.3
           β:      885
           η:      887
           d:     1932
         tag:      bdd"
Viper-256,256,pk,quantum_coresvp,ADPS16_quantum,bdd_hybrid,235.97658164689204,inf,234.525,235.32000000000002,inf,885.0,,0.0,4096,256,4,1024,1024,3,10,4,1.118033988749895,1.25,1,1,256,256,256,256,"         rop: ≈2^236.0
         red: ≈2^234.5
         svp: ≈2^235.3
           β:      885
           η:      887
           ζ:        0
         |S|:        1
           d:     1941
        prob:      1.0
           ↻:        1
         tag:   hybrid"
Viper-256,256,pk,quantum_coresvp,ADPS16_quantum,bdd_mitm_hybrid,650.7832281029022,inf,650.7832281029022,437.5748830737405,inf,887.0,,0.0,4096,256,4,1024,1024,3,10,4,1.118033988749895,1.25,1,1,256,256,256,256,"         rop: ≈2^650.8
         red: ≈2^650.8
         svp: ≈2^437.6
           β:      887
           η:        2
           ζ:        0
         |S|:        1
           d:     1942
        prob: ≈2^-413.5
           ↻: ≈2^415.7
         tag:   hybrid"
Viper-256,256,pk,quantum_coresvp,ADPS16_quantum,dual,243.27,200.32844810613457,inf,inf,inf,918.0,944.0,,4096,256,4,1024,1024,3,10,4,1.118033988749895,1.25,1,1,256,256,256,256,"         rop: ≈2^243.3
         mem: ≈2^200.3
           m:      944
           β:      918
           d:     1968
           ↻:        1
         tag:     dual"
Viper-256,256,pk,quantum_coresvp,ADPS16_quantum,dual_hybrid,225.29423434610237,inf,225.25,inf,220.2447181174752,850.0,1024.0,0.0,4096,256,4,1024,1024,3,10,4,1.118033988749895,1.25,1,1,256,256,256,256,"         rop: ≈2^225.3
         red: ≈2^225.2
       guess: ≈2^220.2
           β:      850
           p:        4
           ζ:        0
           t:      100
          β':      850
           N: ≈2^175.4
           m:     1024"
Viper-256,256,u,classical_refined,RC.MATZOV,bkw,328.064874572717,316.0,inf,inf,inf,,6.674959876360833e+94,,4096,256,4,1024,1024,3,10,4,1.118033988749895,1.25,1,1,256,256,256,256,"         rop: ≈2^328.1
           m: ≈2^315.0
         mem: ≈2^316.0
           b:       26
          t1:        0
          t2:       16
           ℓ:       25
        #cod:      889
        #top:        1
       #test:      134
         tag: coded-bkw"
Viper-256,256,u,classical_refined,RC.MATZOV,usvp,278.78316095917614,inf,278.78316095917614,inf,inf,887.0,,,4096,256,4,1024,1024,3,10,4,1.118033988749895,1.25,1,1,256,256,256,256,"         rop: ≈2^278.8
         red: ≈2^278.8
           δ: 1.002237
           β:      887
           d:     1907
         tag:     usvp"
Viper-256,256,u,classical_refined,RC.MATZOV,bdd,274.39588114762415,inf,273.2236733643959,273.54970786938014,inf,867.0,,,4096,256,4,1024,1024,3,10,4,1.118033988749895,1.25,1,1,256,256,256,256,"         rop: ≈2^274.4
         red: ≈2^273.2
         svp: ≈2^273.5
           β:      867
           η:      903
           d:     1916
         tag:      bdd"
Viper-256,256,u,classical_refined,RC.MATZOV,bdd_hybrid,274.40197107899417,inf,273.23736127581094,273.54970786938014,inf,867.0,,0.0,4096,256,4,1024,1024,3,10,4,1.118033988749895,1.25,1,1,256,256,256,256,"         rop: ≈2^274.4
         red: ≈2^273.2
         svp: ≈2^273.5
           β:      867
           η:      903
           ζ:        0
         |S|:        1
           d:     1926
        prob:      1.0
           ↻:        1
         tag:   hybrid"
Viper-256,256,u,classical_refined,RC.MATZOV,bdd_mitm_hybrid,694.560062908814,inf,694.560062908814,437.5748830737405,inf,887.0,,0.0,4096,256,4,1024,1024,3,10,4,1.118033988749895,1.25,1,1,256,256,256,256,"         rop: ≈2^694.6
         red: ≈2^694.6
         svp: ≈2^437.6
           β:      887
           η:        2
           ζ:        0
         |S|:        1
           d:     1942
        prob: ≈2^-413.5
           ↻: ≈2^415.7
         tag:   hybrid"
Viper-256,256,u,classical_refined,RC.MATZOV,dual,292.2848087564515,198.0288100246767,inf,inf,inf,931.0,954.0,,4096,256,4,1024,1024,3,10,4,1.118033988749895,1.25,1,1,256,256,256,256,"         rop: ≈2^292.3
         mem: ≈2^198.0
           m:      954
           β:      931
           d:     1978
           ↻:        1
         tag:     dual"
Viper-256,256,u,classical_refined,RC.MATZOV,dual_hybrid,265.988581784667,inf,265.98451361859645,inf,257.516376096058,837.0,1024.0,30.0,4096,256,4,1024,1024,3,10,4,1.118033988749895,1.25,1,1,256,256,256,256,"         rop: ≈2^266.0
         red: ≈2^266.0
       guess: ≈2^257.5
           β:      837
           p:        5
           ζ:       30
           t:       70
          β':      818
           N: ≈2^169.7
           m:     1024"
Viper-256,256,u,classical_coresvp_baseline,ADPS16_classical,bkw,328.064874572717,316.0,inf,inf,inf,,6.674959876360833e+94,,4096,256,4,1024,1024,3,10,4,1.118033988749895,1.25,1,1,256,256,256,256,"         rop: ≈2^328.1
           m: ≈2^315.0
         mem: ≈2^316.0
           b:       26
          t1:        0
          t2:       16
           ℓ:       25
        #cod:      889
        #top:        1
       #test:      134
         tag: coded-bkw"
Viper-256,256,u,classical_coresvp_baseline,ADPS16_classical,usvp,259.00399999999996,inf,259.00399999999996,inf,inf,887.0,,,4096,256,4,1024,1024,3,10,4,1.118033988749895,1.25,1,1,256,256,256,256,"         rop: ≈2^259.0
         red: ≈2^259.0
           δ: 1.002237
           β:      887
           d:     1907
         tag:     usvp"
Viper-256,256,u,classical_coresvp_baseline,ADPS16_classical,bdd,259.92349109676195,inf,258.41999999999996,259.296,inf,885.0,,,4096,256,4,1024,1024,3,10,4,1.118033988749895,1.25,1,1,256,256,256,256,"         rop: ≈2^259.9
         red: ≈2^258.4
         svp: ≈2^259.3
           β:      885
           η:      887
           d:     1932
         tag:      bdd"
Viper-256,256,u,classical_coresvp_baseline,ADPS16_classical,bdd_hybrid,259.92349109676195,inf,258.41999999999996,259.296,inf,885.0,,0.0,4096,256,4,1024,1024,3,10,4,1.118033988749895,1.25,1,1,256,256,256,256,"         rop: ≈2^259.9
         red: ≈2^258.4
         svp: ≈2^259.3
           β:      885
           η:      887
           ζ:        0
         |S|:        1
           d:     1941
        prob:      1.0
           ↻:        1
         tag:   hybrid"
Viper-256,256,u,classical_coresvp_baseline,ADPS16_classical,bdd_mitm_hybrid,674.7322281029021,inf,674.7322281029021,437.5748830737405,inf,887.0,,0.0,4096,256,4,1024,1024,3,10,4,1.118033988749895,1.25,1,1,256,256,256,256,"         rop: ≈2^674.7
         red: ≈2^674.7
         svp: ≈2^437.6
           β:      887
           η:        2
           ζ:        0
         |S|:        1
           d:     1942
        prob: ≈2^-413.5
           ↻: ≈2^415.7
         tag:   hybrid"
Viper-256,256,u,classical_coresvp_baseline,ADPS16_classical,dual,268.056,200.32844810613457,inf,inf,inf,918.0,944.0,,4096,256,4,1024,1024,3,10,4,1.118033988749895,1.25,1,1,256,256,256,256,"         rop: ≈2^268.1
         mem: ≈2^200.3
           m:      944
           β:      918
           d:     1968
           ↻:        1
         tag:     dual"
Viper-256,256,u,classical_coresvp_baseline,ADPS16_classical,dual_hybrid,246.18213093981902,inf,246.15599999999998,inf,240.3822216411351,843.0,1024.0,0.0,4096,256,4,1024,1024,3,10,4,1.118033988749895,1.25,1,1,256,256,256,256,"         rop: ≈2^246.2
         red: ≈2^246.2
       guess: ≈2^240.4
           β:      843
           p:        4
           ζ:        0
           t:      110
          β':      843
           N: ≈2^174.7
           m:     1024"
Viper-256,256,u,quantum_coresvp,ADPS16_quantum,bkw,328.064874572717,316.0,inf,inf,inf,,6.674959876360833e+94,,4096,256,4,1024,1024,3,10,4,1.118033988749895,1.25,1,1,256,256,256,256,"         rop: ≈2^328.1
           m: ≈2^315.0
         mem: ≈2^316.0
           b:       26
          t1:        0
          t2:       16
           ℓ:       25
        #cod:      889
        #top:        1
       #test:      134
         tag: coded-bkw"
Viper-256,256,u,quantum_coresvp,ADPS16_quantum,usvp,235.055,inf,235.055,inf,inf,887.0,,,4096,256,4,1024,1024,3,10,4,1.118033988749895,1.25,1,1,256,256,256,256,"         rop: ≈2^235.1
         red: ≈2^235.1
           δ: 1.002237
           β:      887
           d:     1907
         tag:     usvp"
Viper-256,256,u,quantum_coresvp,ADPS16_quantum,bdd,235.97658164689204,inf,234.525,235.32000000000002,inf,885.0,,,4096,256,4,1024,1024,3,10,4,1.118033988749895,1.25,1,1,256,256,256,256,"         rop: ≈2^236.0
         red: ≈2^234.5
         svp: ≈2^235.3
           β:      885
           η:      887
           d:     1932
         tag:      bdd"
Viper-256,256,u,quantum_coresvp,ADPS16_quantum,bdd_hybrid,235.97658164689204,inf,234.525,235.32000000000002,inf,885.0,,0.0,4096,256,4,1024,1024,3,10,4,1.118033988749895,1.25,1,1,256,256,256,256,"         rop: ≈2^236.0
         red: ≈2^234.5
         svp: ≈2^235.3
           β:      885
           η:      887
           ζ:        0
         |S|:        1
           d:     1941
        prob:      1.0
           ↻:        1
         tag:   hybrid"
Viper-256,256,u,quantum_coresvp,ADPS16_quantum,bdd_mitm_hybrid,650.7832281029022,inf,650.7832281029022,437.5748830737405,inf,887.0,,0.0,4096,256,4,1024,1024,3,10,4,1.118033988749895,1.25,1,1,256,256,256,256,"         rop: ≈2^650.8
         red: ≈2^650.8
         svp: ≈2^437.6
           β:      887
           η:        2
           ζ:        0
         |S|:        1
           d:     1942
        prob: ≈2^-413.5
           ↻: ≈2^415.7
         tag:   hybrid"
Viper-256,256,u,quantum_coresvp,ADPS16_quantum,dual,243.27,200.32844810613457,inf,inf,inf,918.0,944.0,,4096,256,4,1024,1024,3,10,4,1.118033988749895,1.25,1,1,256,256,256,256,"         rop: ≈2^243.3
         mem: ≈2^200.3
           m:      944
           β:      918
           d:     1968
           ↻:        1
         tag:     dual"
Viper-256,256,u,quantum_coresvp,ADPS16_quantum,dual_hybrid,225.29423434610237,inf,225.25,inf,220.2447181174752,850.0,1024.0,0.0,4096,256,4,1024,1024,3,10,4,1.118033988749895,1.25,1,1,256,256,256,256,"         rop: ≈2^225.3
         red: ≈2^225.2
       guess: ≈2^220.2
           β:      850
           p:        4
           ζ:        0
           t:      100
          β':      850
           N: ≈2^175.4
           m:     1024"
Viper-384,384,pk,classical_refined,RC.MATZOV,bkw,459.36254132476586,446.32192809488737,inf,inf,inf,,1.13611937661708e+134,,8192,256,7,1792,1792,1,11,4,1.118033988749895,1.25,2,1,384,512,384,384,"         rop: ≈2^459.4
           m: ≈2^445.3
         mem: ≈2^446.3
           b:       34
          t1:        0
          t2:       20
           ℓ:       33
        #cod:     1560
        #top:        0
       #test:      241
         tag: coded-bkw"
Viper-384,384,pk,classical_refined,RC.MATZOV,usvp,436.98922918951354,inf,436.98922918951354,inf,inf,1448.0,,,8192,256,7,1792,1792,1,11,4,1.118033988749895,1.25,2,1,384,512,384,384,"         rop: ≈2^437.0
         red: ≈2^437.0
           δ: 1.001537
           β:     1448
           d:     3136
         tag:     usvp"
Viper-384,384,pk,classical_refined,RC.MATZOV,bdd,432.3529789048016,inf,431.37439662101536,431.3312384315575,inf,1428.0,,,8192,256,7,1792,1792,1,11,4,1.118033988749895,1.25,2,1,384,512,384,384,"         rop: ≈2^432.4
         red: ≈2^431.4
         svp: ≈2^431.3
           β:     1428
           η:     1465
           d:     3128
         tag:      bdd"
Viper-384,384,pk,classical_refined,RC.MATZOV,bdd_hybrid,432.35899569821464,inf,431.3862289841028,431.3312384315575,inf,1428.0,,0.0,8192,256,7,1792,1792,1,11,4,1.118033988749895,1.25,2,1,384,512,384,384,"         rop: ≈2^432.4
         red: ≈2^431.4
         svp: ≈2^431.3
           β:     1428
           η:     1465
           ζ:        0
         |S|:        1
           d:     3142
        prob:      1.0
           ↻:        1
         tag:   hybrid"
Viper-384,384,pk,classical_refined,RC.MATZOV,bdd_mitm_hybrid,637.9672056043323,inf,615.4292652244461,637.967205367425,inf,1449.0,,626.0,8192,256,7,1792,1792,1,11,4,1.118033988749895,1.25,2,1,384,512,384,384,"         rop: ≈2^638.0
         red: ≈2^615.4
         svp: ≈2^638.0
           β:     1449
           η:        2
           ζ:      626
         |S|: ≈2^873.1
           d:     2549
        prob: ≈2^-176.6
           ↻: ≈2^178.8
         tag:   hybrid"
Viper-384,384,pk,classical_refined,RC.MATZOV,dual,457.9623049902704,314.71350992082506,inf,inf,inf,1519.0,1426.0,,8192,256,7,1792,1792,1,11,4,1.118033988749895,1.25,2,1,384,512,384,384,"         rop: ≈2^458.0
         mem: ≈2^314.7
           m:     1426
           β:     1519
           d:     3218
           ↻:        1
         tag:     dual"
Viper-384,384,pk,classical_refined,RC.MATZOV,dual_hybrid,410.17982337036256,inf,409.9068861317359,inf,407.6433803786616,1347.0,1792.0,30.0,8192,256,7,1792,1792,1,11,4,1.118033988749895,1.25,2,1,384,512,384,384,"         rop: ≈2^410.2
         red: ≈2^409.9
       guess: ≈2^407.6
           β:     1347
           p:        3
           ζ:       30
           t:      210
          β':     1304
           N: ≈2^269.4
           m:     1792"
Viper-384,384,pk,classical_coresvp_baseline,ADPS16_classical,bkw,459.36254132476586,446.32192809488737,inf,inf,inf,,1.13611937661708e+134,,8192,256,7,1792,1792,1,11,4,1.118033988749895,1.25,2,1,384,512,384,384,"         rop: ≈2^459.4
           m: ≈2^445.3
         mem: ≈2^446.3
           b:       34
          t1:        0
          t2:       20
           ℓ:       33
        #cod:     1560
        #top:        0
       #test:      241
         tag: coded-bkw"
Viper-384,384,pk,classical_coresvp_baseline,ADPS16_classical,usvp,422.816,inf,422.816,inf,inf,1448.0,,,8192,256,7,1792,1792,1,11,4,1.118033988749895,1.25,2,1,384,512,384,384,"         rop: ≈2^422.8
         red: ≈2^422.8
           δ: 1.001537
           β:     1448
           d:     3136
         tag:     usvp"
Viper-384,384,pk,classical_coresvp_baseline,ADPS16_classical,bdd,423.816,inf,422.816,422.816,inf,1448.0,,,8192,256,7,1792,1792,1,11,4,1.118033988749895,1.25,2,1,384,512,384,384,"         rop: ≈2^423.8
         red: ≈2^422.8
         svp: ≈2^422.8
           β:     1448
           η:     1447
           d:     3125
         tag:      bdd"
Viper-384,384,pk,classical_coresvp_baseline,ADPS16_classical,bdd_hybrid,423.816,inf,422.816,422.816,inf,1448.0,,0.0,8192,256,7,1792,1792,1,11,4,1.118033988749895,1.25,2,1,384,512,384,384,"         rop: ≈2^423.8
         red: ≈2^422.8
         svp: ≈2^422.8
           β:     1448
           η:     1447
           ζ:        0
         |S|:        1
           d:     3159
        prob:      1.0
           ↻:        1
         tag:   hybrid"
Viper-384,384,pk,classical_coresvp_baseline,ADPS16_classical,bdd_mitm_hybrid,637.9672053674449,inf,601.8845774776413,637.967205367425,inf,1449.0,,626.0,8192,256,7,1792,1792,1,11,4,1.118033988749895,1.25,2,1,384,512,384,384,"         rop: ≈2^638.0
         red: ≈2^601.9
         svp: ≈2^638.0
           β:     1449
           η:        2
           ζ:      626
         |S|: ≈2^873.1
           d:     2549
        prob: ≈2^-176.6
           ↻: ≈2^178.8
         tag:   hybrid"
Viper-384,384,pk,classical_coresvp_baseline,ADPS16_classical,dual,435.37199999999996,319.92492746128664,inf,inf,inf,1491.0,1403.0,,8192,256,7,1792,1792,1,11,4,1.118033988749895,1.25,2,1,384,512,384,384,"         rop: ≈2^435.4
         mem: ≈2^319.9
           m:     1403
           β:     1491
           d:     3195
           ↻:        1
         tag:     dual"
Viper-384,384,pk,classical_coresvp_baseline,ADPS16_classical,dual_hybrid,393.7351355659058,inf,393.32399999999996,inf,391.72336604400977,1347.0,1792.0,30.0,8192,256,7,1792,1792,1,11,4,1.118033988749895,1.25,2,1,384,512,384,384,"         rop: ≈2^393.7
         red: ≈2^393.3
       guess: ≈2^391.7
           β:     1347
           p:        3
           ζ:       30
           t:      200
          β':     1347
           N: ≈2^279.4
           m:     1792"
Viper-384,384,pk,quantum_coresvp,ADPS16_quantum,bkw,459.36254132476586,446.32192809488737,inf,inf,inf,,1.13611937661708e+134,,8192,256,7,1792,1792,1,11,4,1.118033988749895,1.25,2,1,384,512,384,384,"         rop: ≈2^459.4
           m: ≈2^445.3
         mem: ≈2^446.3
           b:       34
          t1:        0
          t2:       20
           ℓ:       33
        #cod:     1560
        #top:        0
       #test:      241
         tag: coded-bkw"
Viper-384,384,pk,quantum_coresvp,ADPS16_quantum,usvp,383.72,inf,383.72,inf,inf,1448.0,,,8192,256,7,1792,1792,1,11,4,1.118033988749895,1.25,2,1,384,512,384,384,"         rop: ≈2^383.7
         red: ≈2^383.7
           δ: 1.001537
           β:     1448
           d:     3136
         tag:     usvp"
Viper-384,384,pk,quantum_coresvp,ADPS16_quantum,bdd,384.72,inf,383.72,383.72,inf,1448.0,,,8192,256,7,1792,1792,1,11,4,1.118033988749895,1.25,2,1,384,512,384,384,"         rop: ≈2^384.7
         red: ≈2^383.7
         svp: ≈2^383.7
           β:     1448
           η:     1447
           d:     3125
         tag:      bdd"
Viper-384,384,pk,quantum_coresvp,ADPS16_quantum,bdd_hybrid,384.72,inf,383.72,383.72,inf,1448.0,,0.0,8192,256,7,1792,1792,1,11,4,1.118033988749895,1.25,2,1,384,512,384,384,"         rop: ≈2^384.7
         red: ≈2^383.7
         svp: ≈2^383.7
           β:     1448
           η:     1447
           ζ:        0
         |S|:        1
           d:     3159
        prob:      1.0
           ↻:        1
         tag:   hybrid"
Viper-384,384,pk,quantum_coresvp,ADPS16_quantum,bdd_mitm_hybrid,637.967205367425,inf,562.7615774776414,637.967205367425,inf,1449.0,,626.0,8192,256,7,1792,1792,1,11,4,1.118033988749895,1.25,2,1,384,512,384,384,"         rop: ≈2^638.0
         red: ≈2^562.8
         svp: ≈2^638.0
           β:     1449
           η:        2
           ζ:      626
         |S|: ≈2^873.1
           d:     2549
        prob: ≈2^-176.6
           ↻: ≈2^178.8
         tag:   hybrid"
Viper-384,384,pk,quantum_coresvp,ADPS16_quantum,dual,395.115,319.92492746128664,inf,inf,inf,1491.0,1403.0,,8192,256,7,1792,1792,1,11,4,1.118033988749895,1.25,2,1,384,512,384,384,"         rop: ≈2^395.1
         mem: ≈2^319.9
           m:     1403
           β:     1491
           d:     3195
           ↻:        1
         tag:     dual"
Viper-384,384,pk,quantum_coresvp,ADPS16_quantum,dual_hybrid,361.05968403946355,inf,360.93,inf,357.5196341751003,1362.0,1792.0,20.0,8192,256,7,1792,1792,1,11,4,1.118033988749895,1.25,2,1,384,512,384,384,"         rop: ≈2^361.1
         red: ≈2^360.9
       guess: ≈2^357.5
           β:     1362
           p:        3
           ζ:       20
           t:      190
          β':     1362
           N: ≈2^282.3
           m:     1792"
Viper-384,384,u,classical_refined,RC.MATZOV,bkw,459.36254132476586,446.32192809488737,inf,inf,inf,,1.13611937661708e+134,,8192,256,7,1792,1792,1,11,4,1.118033988749895,1.25,2,1,384,512,384,384,"         rop: ≈2^459.4
           m: ≈2^445.3
         mem: ≈2^446.3
           b:       34
          t1:        0
          t2:       20
           ℓ:       33
        #cod:     1560
        #top:        0
       #test:      241
         tag: coded-bkw"
Viper-384,384,u,classical_refined,RC.MATZOV,usvp,436.98922918951354,inf,436.98922918951354,inf,inf,1448.0,,,8192,256,7,1792,1792,1,11,4,1.118033988749895,1.25,2,1,384,512,384,384,"         rop: ≈2^437.0
         red: ≈2^437.0
           δ: 1.001537
           β:     1448
           d:     3136
         tag:     usvp"
Viper-384,384,u,classical_refined,RC.MATZOV,bdd,432.3529789048016,inf,431.37439662101536,431.3312384315575,inf,1428.0,,,8192,256,7,1792,1792,1,11,4,1.118033988749895,1.25,2,1,384,512,384,384,"         rop: ≈2^432.4
         red: ≈2^431.4
         svp: ≈2^431.3
           β:     1428
           η:     1465
           d:     3128
         tag:      bdd"
Viper-384,384,u,classical_refined,RC.MATZOV,bdd_hybrid,432.35899569821464,inf,431.3862289841028,431.3312384315575,inf,1428.0,,0.0,8192,256,7,1792,1792,1,11,4,1.118033988749895,1.25,2,1,384,512,384,384,"         rop: ≈2^432.4
         red: ≈2^431.4
         svp: ≈2^431.3
           β:     1428
           η:     1465
           ζ:        0
         |S|:        1
           d:     3142
        prob:      1.0
           ↻:        1
         tag:   hybrid"
Viper-384,384,u,classical_refined,RC.MATZOV,bdd_mitm_hybrid,637.9672056043323,inf,615.4292652244461,637.967205367425,inf,1449.0,,626.0,8192,256,7,1792,1792,1,11,4,1.118033988749895,1.25,2,1,384,512,384,384,"         rop: ≈2^638.0
         red: ≈2^615.4
         svp: ≈2^638.0
           β:     1449
           η:        2
           ζ:      626
         |S|: ≈2^873.1
           d:     2549
        prob: ≈2^-176.6
           ↻: ≈2^178.8
         tag:   hybrid"
Viper-384,384,u,classical_refined,RC.MATZOV,dual,457.9623049902704,314.71350992082506,inf,inf,inf,1519.0,1426.0,,8192,256,7,1792,1792,1,11,4,1.118033988749895,1.25,2,1,384,512,384,384,"         rop: ≈2^458.0
         mem: ≈2^314.7
           m:     1426
           β:     1519
           d:     3218
           ↻:        1
         tag:     dual"
Viper-384,384,u,classical_refined,RC.MATZOV,dual_hybrid,410.17982337036256,inf,409.9068861317359,inf,407.6433803786616,1347.0,1792.0,30.0,8192,256,7,1792,1792,1,11,4,1.118033988749895,1.25,2,1,384,512,384,384,"         rop: ≈2^410.2
         red: ≈2^409.9
       guess: ≈2^407.6
           β:     1347
           p:        3
           ζ:       30
           t:      210
          β':     1304
           N: ≈2^269.4
           m:     1792"
Viper-384,384,u,classical_coresvp_baseline,ADPS16_classical,bkw,459.36254132476586,446.32192809488737,inf,inf,inf,,1.13611937661708e+134,,8192,256,7,1792,1792,1,11,4,1.118033988749895,1.25,2,1,384,512,384,384,"         rop: ≈2^459.4
           m: ≈2^445.3
         mem: ≈2^446.3
           b:       34
          t1:        0
          t2:       20
           ℓ:       33
        #cod:     1560
        #top:        0
       #test:      241
         tag: coded-bkw"
Viper-384,384,u,classical_coresvp_baseline,ADPS16_classical,usvp,422.816,inf,422.816,inf,inf,1448.0,,,8192,256,7,1792,1792,1,11,4,1.118033988749895,1.25,2,1,384,512,384,384,"         rop: ≈2^422.8
         red: ≈2^422.8
           δ: 1.001537
           β:     1448
           d:     3136
         tag:     usvp"
Viper-384,384,u,classical_coresvp_baseline,ADPS16_classical,bdd,423.816,inf,422.816,422.816,inf,1448.0,,,8192,256,7,1792,1792,1,11,4,1.118033988749895,1.25,2,1,384,512,384,384,"         rop: ≈2^423.8
         red: ≈2^422.8
         svp: ≈2^422.8
           β:     1448
           η:     1447
           d:     3125
         tag:      bdd"
Viper-384,384,u,classical_coresvp_baseline,ADPS16_classical,bdd_hybrid,423.816,inf,422.816,422.816,inf,1448.0,,0.0,8192,256,7,1792,1792,1,11,4,1.118033988749895,1.25,2,1,384,512,384,384,"         rop: ≈2^423.8
         red: ≈2^422.8
         svp: ≈2^422.8
           β:     1448
           η:     1447
           ζ:        0
         |S|:        1
           d:     3159
        prob:      1.0
           ↻:        1
         tag:   hybrid"
Viper-384,384,u,classical_coresvp_baseline,ADPS16_classical,bdd_mitm_hybrid,637.9672053674449,inf,601.8845774776413,637.967205367425,inf,1449.0,,626.0,8192,256,7,1792,1792,1,11,4,1.118033988749895,1.25,2,1,384,512,384,384,"         rop: ≈2^638.0
         red: ≈2^601.9
         svp: ≈2^638.0
           β:     1449
           η:        2
           ζ:      626
         |S|: ≈2^873.1
           d:     2549
        prob: ≈2^-176.6
           ↻: ≈2^178.8
         tag:   hybrid"
Viper-384,384,u,classical_coresvp_baseline,ADPS16_classical,dual,435.37199999999996,319.92492746128664,inf,inf,inf,1491.0,1403.0,,8192,256,7,1792,1792,1,11,4,1.118033988749895,1.25,2,1,384,512,384,384,"         rop: ≈2^435.4
         mem: ≈2^319.9
           m:     1403
           β:     1491
           d:     3195
           ↻:        1
         tag:     dual"
Viper-384,384,u,classical_coresvp_baseline,ADPS16_classical,dual_hybrid,393.7351355659058,inf,393.32399999999996,inf,391.72336604400977,1347.0,1792.0,30.0,8192,256,7,1792,1792,1,11,4,1.118033988749895,1.25,2,1,384,512,384,384,"         rop: ≈2^393.7
         red: ≈2^393.3
       guess: ≈2^391.7
           β:     1347
           p:        3
           ζ:       30
           t:      200
          β':     1347
           N: ≈2^279.4
           m:     1792"
Viper-384,384,u,quantum_coresvp,ADPS16_quantum,bkw,459.36254132476586,446.32192809488737,inf,inf,inf,,1.13611937661708e+134,,8192,256,7,1792,1792,1,11,4,1.118033988749895,1.25,2,1,384,512,384,384,"         rop: ≈2^459.4
           m: ≈2^445.3
         mem: ≈2^446.3
           b:       34
          t1:        0
          t2:       20
           ℓ:       33
        #cod:     1560
        #top:        0
       #test:      241
         tag: coded-bkw"
Viper-384,384,u,quantum_coresvp,ADPS16_quantum,usvp,383.72,inf,383.72,inf,inf,1448.0,,,8192,256,7,1792,1792,1,11,4,1.118033988749895,1.25,2,1,384,512,384,384,"         rop: ≈2^383.7
         red: ≈2^383.7
           δ: 1.001537
           β:     1448
           d:     3136
         tag:     usvp"
Viper-384,384,u,quantum_coresvp,ADPS16_quantum,bdd,384.72,inf,383.72,383.72,inf,1448.0,,,8192,256,7,1792,1792,1,11,4,1.118033988749895,1.25,2,1,384,512,384,384,"         rop: ≈2^384.7
         red: ≈2^383.7
         svp: ≈2^383.7
           β:     1448
           η:     1447
           d:     3125
         tag:      bdd"
Viper-384,384,u,quantum_coresvp,ADPS16_quantum,bdd_hybrid,384.72,inf,383.72,383.72,inf,1448.0,,0.0,8192,256,7,1792,1792,1,11,4,1.118033988749895,1.25,2,1,384,512,384,384,"         rop: ≈2^384.7
         red: ≈2^383.7
         svp: ≈2^383.7
           β:     1448
           η:     1447
           ζ:        0
         |S|:        1
           d:     3159
        prob:      1.0
           ↻:        1
         tag:   hybrid"
Viper-384,384,u,quantum_coresvp,ADPS16_quantum,bdd_mitm_hybrid,637.967205367425,inf,562.7615774776414,637.967205367425,inf,1449.0,,626.0,8192,256,7,1792,1792,1,11,4,1.118033988749895,1.25,2,1,384,512,384,384,"         rop: ≈2^638.0
         red: ≈2^562.8
         svp: ≈2^638.0
           β:     1449
           η:        2
           ζ:      626
         |S|: ≈2^873.1
           d:     2549
        prob: ≈2^-176.6
           ↻: ≈2^178.8
         tag:   hybrid"
Viper-384,384,u,quantum_coresvp,ADPS16_quantum,dual,395.115,319.92492746128664,inf,inf,inf,1491.0,1403.0,,8192,256,7,1792,1792,1,11,4,1.118033988749895,1.25,2,1,384,512,384,384,"         rop: ≈2^395.1
         mem: ≈2^319.9
           m:     1403
           β:     1491
           d:     3195
           ↻:        1
         tag:     dual"
Viper-384,384,u,quantum_coresvp,ADPS16_quantum,dual_hybrid,361.05968403946355,inf,360.93,inf,357.5196341751003,1362.0,1792.0,20.0,8192,256,7,1792,1792,1,11,4,1.118033988749895,1.25,2,1,384,512,384,384,"         rop: ≈2^361.1
         red: ≈2^360.9
       guess: ≈2^357.5
           β:     1362
           p:        3
           ζ:       20
           t:      190
          β':     1362
           N: ≈2^282.3
           m:     1792"
Viper-512,512,pk,classical_refined,RC.MATZOV,usvp,inf,inf,inf,inf,inf,,,,8192,256,9,2304,2304,1,11,4,1.118033988749895,1.25,2,1,512,512,512,512,"         rop:  ≈2^inf
         tag:     usvp"
Viper-512,512,pk,classical_refined,RC.MATZOV,bdd,599.795768709966,inf,523.6881462019624,599.795768709966,inf,1755.0,,,8192,256,9,2304,2304,1,11,4,1.118033988749895,1.25,2,1,512,512,512,512,"         rop: ≈2^599.8
         red: ≈2^523.7
         svp: ≈2^599.8
           β:     1755
           η: ≈2^11.0
           d:     3802
         tag:      bdd"
Viper-512,512,pk,classical_refined,RC.MATZOV,bdd_hybrid,599.795768709966,inf,523.7291405359647,599.795768709966,inf,1755.0,,0.0,8192,256,9,2304,2304,1,11,4,1.118033988749895,1.25,2,1,512,512,512,512,"         rop: ≈2^599.8
         red: ≈2^523.7
         svp: ≈2^599.8
           β:     1755
           η: ≈2^11.0
           ζ:        0
         |S|:        1
           d:     3861
        prob:      1.0
           ↻:        1
         tag:   hybrid"
Viper-512,512,pk,classical_refined,RC.MATZOV,bdd_mitm_hybrid,902.2661394093221,inf,732.6612313055011,902.2661394093221,inf,1755.0,,949.0,8192,256,9,2304,2304,1,11,4,1.118033988749895,1.25,2,1,512,512,512,512,"         rop: ≈2^902.3
         red: ≈2^732.7
         svp: ≈2^902.3
           β:     1755
           η:        2
           ζ:      949
         |S|:  ≈2^inf
           d:     2961
        prob: ≈2^-207.5
           ↻: ≈2^209.7
         tag:   hybrid"
Viper-512,512,pk,classical_refined,RC.MATZOV,dual,inf,inf,inf,inf,inf,1751.0,1554.0,,8192,256,9,2304,2304,1,11,4,1.118033988749895,1.25,2,1,512,512,512,512,"         rop: ≈2^1385.4
         mem:  ≈2^inf
           m:     1554
           β:     1751
           d:     3858
           ↻:        1
         tag:     dual"
Viper-512,512,pk,classical_refined,RC.MATZOV,dual_hybrid,564.6160349592639,inf,562.1994491254575,inf,564.3168317495138,1753.0,2304.0,20.0,8192,256,9,2304,2304,1,11,4,1.118033988749895,1.25,2,1,512,512,512,512,"         rop: ≈2^564.6
         red: ≈2^562.2
       guess: ≈2^564.3
           β:     1753
           p:        3
           ζ:       20
           t:      320
          β':     1691
           N: ≈2^388.6
           m: ≈2^11.2"
Viper-512,512,pk,classical_coresvp_baseline,ADPS16_classical,usvp,inf,inf,inf,inf,inf,,,,8192,256,9,2304,2304,1,11,4,1.118033988749895,1.25,2,1,512,512,512,512,"         rop:  ≈2^inf
         tag:     usvp"
Viper-512,512,pk,classical_coresvp_baseline,ADPS16_classical,bdd,602.688,inf,512.4599999999999,602.688,inf,1755.0,,,8192,256,9,2304,2304,1,11,4,1.118033988749895,1.25,2,1,512,512,512,512,"         rop: ≈2^602.7
         red: ≈2^512.5
         svp: ≈2^602.7
           β:     1755
           η: ≈2^11.0
           d:     3802
         tag:      bdd"
Viper-512,512,pk,classical_coresvp_baseline,ADPS16_classical,bdd_hybrid,602.688,inf,512.4599999999999,602.688,inf,1755.0,,0.0,8192,256,9,2304,2304,1,11,4,1.118033988749895,1.25,2,1,512,512,512,512,"         rop: ≈2^602.7
         red: ≈2^512.5
         svp: ≈2^602.7
           β:     1755
           η: ≈2^11.0
           ζ:        0
         |S|:        1
           d:     3861
        prob:      1.0
           ↻:        1
         tag:   hybrid"
Viper-512,512,pk,classical_coresvp_baseline,ADPS16_classical,bdd_mitm_hybrid,902.2661394093221,inf,722.196366298662,902.2661394093221,inf,1755.0,,949.0,8192,256,9,2304,2304,1,11,4,1.118033988749895,1.25,2,1,512,512,512,512,"         rop: ≈2^902.3
         red: ≈2^722.2
         svp: ≈2^902.3
           β:     1755
           η:        2
           ζ:      949
         |S|:  ≈2^inf
           d:     2961
        prob: ≈2^-207.5
           ↻: ≈2^209.7
         tag:   hybrid"
Viper-512,512,pk,classical_coresvp_baseline,ADPS16_classical,dual,inf,inf,inf,inf,inf,1751.0,1554.0,,8192,256,9,2304,2304,1,11,4,1.118033988749895,1.25,2,1,512,512,512,512,"         rop: ≈2^1209.9
         mem:  ≈2^inf
           m:     1554
           β:     1751
           d:     3858
           ↻:        1
         tag:     dual"
Viper-512,512,pk,classical_coresvp_baseline,ADPS16_classical,dual_hybrid,549.5016956795512,inf,548.5777542583131,inf,548.4214030554471,1753.0,2304.0,20.0,8192,256,9,2304,2304,1,11,4,1.118033988749895,1.25,2,1,512,512,512,512,"         rop: ≈2^549.5
         red: ≈2^548.6
       guess: ≈2^548.4
           β:     1753
           p:        3
           ζ:       20
           t:      310
          β':     1753
           N: ≈2^400.4
           m: ≈2^11.2"
Viper-512,512,pk,quantum_coresvp,ADPS16_quantum,usvp,inf,inf,inf,inf,inf,,,,8192,256,9,2304,2304,1,11,4,1.118033988749895,1.25,2,1,512,512,512,512,"         rop:  ≈2^inf
         tag:     usvp"
Viper-512,512,pk,quantum_coresvp,ADPS16_quantum,bdd,546.96,inf,465.07500000000005,546.96,inf,1755.0,,,8192,256,9,2304,2304,1,11,4,1.118033988749895,1.25,2,1,512,512,512,512,"         rop: ≈2^547.0
         red: ≈2^465.1
         svp: ≈2^547.0
           β:     1755
           η: ≈2^11.0
           d:     3802
         tag:      bdd"
Viper-512,512,pk,quantum_coresvp,ADPS16_quantum,bdd_hybrid,546.96,inf,465.07500000000005,546.96,inf,1755.0,,0.0,8192,256,9,2304,2304,1,11,4,1.118033988749895,1.25,2,1,512,512,512,512,"         rop: ≈2^547.0
         red: ≈2^465.1
         svp: ≈2^547.0
           β:     1755
           η: ≈2^11.0
           ζ:        0
         |S|:        1
           d:     3861
        prob:      1.0
           ↻:        1
         tag:   hybrid"
Viper-512,512,pk,quantum_coresvp,ADPS16_quantum,bdd_mitm_hybrid,902.2661394093221,inf,674.8113662986622,902.2661394093221,inf,1755.0,,949.0,8192,256,9,2304,2304,1,11,4,1.118033988749895,1.25,2,1,512,512,512,512,"         rop: ≈2^902.3
         red: ≈2^674.8
         svp: ≈2^902.3
           β:     1755
           η:        2
           ζ:      949
         |S|:  ≈2^inf
           d:     2961
        prob: ≈2^-207.5
           ↻: ≈2^209.7
         tag:   hybrid"
Viper-512,512,pk,quantum_coresvp,ADPS16_quantum,dual,inf,inf,inf,inf,inf,1751.0,1554.0,,8192,256,9,2304,2304,1,11,4,1.118033988749895,1.25,2,1,512,512,512,512,"         rop: ≈2^1162.7
         mem:  ≈2^inf
           m:     1554
           β:     1751
           d:     3858
           ↻:        1
         tag:     dual"
Viper-512,512,pk,quantum_coresvp,ADPS16_quantum,dual_hybrid,520.9798201494503,inf,519.6545238683836,inf,520.2450956520258,1753.0,2304.0,50.0,8192,256,9,2304,2304,1,11,4,1.118033988749895,1.25,2,1,512,512,512,512,"         rop: ≈2^521.0
         red: ≈2^519.7
       guess: ≈2^520.2
           β:     1753
           p:        2
           ζ:       50
           t:      400
          β':     1753
           N: ≈2^418.9
           m: ≈2^11.2"
Viper-512,512,u,classical_refined,RC.MATZOV,usvp,inf,inf,inf,inf,inf,,,,8192,256,9,2304,2304,1,11,4,1.118033988749895,1.25,2,1,512,512,512,512,"         rop:  ≈2^inf
         tag:     usvp"
Viper-512,512,u,classical_refined,RC.MATZOV,bdd,599.795768709966,inf,523.6881462019624,599.795768709966,inf,1755.0,,,8192,256,9,2304,2304,1,11,4,1.118033988749895,1.25,2,1,512,512,512,512,"         rop: ≈2^599.8
         red: ≈2^523.7
         svp: ≈2^599.8
           β:     1755
           η: ≈2^11.0
           d:     3802
         tag:      bdd"
Viper-512,512,u,classical_refined,RC.MATZOV,bdd_hybrid,599.795768709966,inf,523.7291405359647,599.795768709966,inf,1755.0,,0.0,8192,256,9,2304,2304,1,11,4,1.118033988749895,1.25,2,1,512,512,512,512,"         rop: ≈2^599.8
         red: ≈2^523.7
         svp: ≈2^599.8
           β:     1755
           η: ≈2^11.0
           ζ:        0
         |S|:        1
           d:     3861
        prob:      1.0
           ↻:        1
         tag:   hybrid"
Viper-512,512,u,classical_refined,RC.MATZOV,bdd_mitm_hybrid,902.2661394093221,inf,732.6612313055011,902.2661394093221,inf,1755.0,,949.0,8192,256,9,2304,2304,1,11,4,1.118033988749895,1.25,2,1,512,512,512,512,"         rop: ≈2^902.3
         red: ≈2^732.7
         svp: ≈2^902.3
           β:     1755
           η:        2
           ζ:      949
         |S|:  ≈2^inf
           d:     2961
        prob: ≈2^-207.5
           ↻: ≈2^209.7
         tag:   hybrid"
Viper-512,512,u,classical_refined,RC.MATZOV,dual,inf,inf,inf,inf,inf,1751.0,1554.0,,8192,256,9,2304,2304,1,11,4,1.118033988749895,1.25,2,1,512,512,512,512,"         rop: ≈2^1385.4
         mem:  ≈2^inf
           m:     1554
           β:     1751
           d:     3858
           ↻:        1
         tag:     dual"
Viper-512,512,u,classical_refined,RC.MATZOV,dual_hybrid,564.6160349592639,inf,562.1994491254575,inf,564.3168317495138,1753.0,2304.0,20.0,8192,256,9,2304,2304,1,11,4,1.118033988749895,1.25,2,1,512,512,512,512,"         rop: ≈2^564.6
         red: ≈2^562.2
       guess: ≈2^564.3
           β:     1753
           p:        3
           ζ:       20
           t:      320
          β':     1691
           N: ≈2^388.6
           m: ≈2^11.2"
Viper-512,512,u,classical_coresvp_baseline,ADPS16_classical,usvp,inf,inf,inf,inf,inf,,,,8192,256,9,2304,2304,1,11,4,1.118033988749895,1.25,2,1,512,512,512,512,"         rop:  ≈2^inf
         tag:     usvp"
Viper-512,512,u,classical_coresvp_baseline,ADPS16_classical,bdd,602.688,inf,512.4599999999999,602.688,inf,1755.0,,,8192,256,9,2304,2304,1,11,4,1.118033988749895,1.25,2,1,512,512,512,512,"         rop: ≈2^602.7
         red: ≈2^512.5
         svp: ≈2^602.7
           β:     1755
           η: ≈2^11.0
           d:     3802
         tag:      bdd"
Viper-512,512,u,classical_coresvp_baseline,ADPS16_classical,bdd_hybrid,602.688,inf,512.4599999999999,602.688,inf,1755.0,,0.0,8192,256,9,2304,2304,1,11,4,1.118033988749895,1.25,2,1,512,512,512,512,"         rop: ≈2^602.7
         red: ≈2^512.5
         svp: ≈2^602.7
           β:     1755
           η: ≈2^11.0
           ζ:        0
         |S|:        1
           d:     3861
        prob:      1.0
           ↻:        1
         tag:   hybrid"
Viper-512,512,u,classical_coresvp_baseline,ADPS16_classical,bdd_mitm_hybrid,902.2661394093221,inf,722.196366298662,902.2661394093221,inf,1755.0,,949.0,8192,256,9,2304,2304,1,11,4,1.118033988749895,1.25,2,1,512,512,512,512,"         rop: ≈2^902.3
         red: ≈2^722.2
         svp: ≈2^902.3
           β:     1755
           η:        2
           ζ:      949
         |S|:  ≈2^inf
           d:     2961
        prob: ≈2^-207.5
           ↻: ≈2^209.7
         tag:   hybrid"
Viper-512,512,u,classical_coresvp_baseline,ADPS16_classical,dual,inf,inf,inf,inf,inf,1751.0,1554.0,,8192,256,9,2304,2304,1,11,4,1.118033988749895,1.25,2,1,512,512,512,512,"         rop: ≈2^1209.9
         mem:  ≈2^inf
           m:     1554
           β:     1751
           d:     3858
           ↻:        1
         tag:     dual"
Viper-512,512,u,classical_coresvp_baseline,ADPS16_classical,dual_hybrid,549.5016956795512,inf,548.5777542583131,inf,548.4214030554471,1753.0,2304.0,20.0,8192,256,9,2304,2304,1,11,4,1.118033988749895,1.25,2,1,512,512,512,512,"         rop: ≈2^549.5
         red: ≈2^548.6
       guess: ≈2^548.4
           β:     1753
           p:        3
           ζ:       20
           t:      310
          β':     1753
           N: ≈2^400.4
           m: ≈2^11.2"
Viper-512,512,u,quantum_coresvp,ADPS16_quantum,usvp,inf,inf,inf,inf,inf,,,,8192,256,9,2304,2304,1,11,4,1.118033988749895,1.25,2,1,512,512,512,512,"         rop:  ≈2^inf
         tag:     usvp"
Viper-512,512,u,quantum_coresvp,ADPS16_quantum,bdd,546.96,inf,465.07500000000005,546.96,inf,1755.0,,,8192,256,9,2304,2304,1,11,4,1.118033988749895,1.25,2,1,512,512,512,512,"         rop: ≈2^547.0
         red: ≈2^465.1
         svp: ≈2^547.0
           β:     1755
           η: ≈2^11.0
           d:     3802
         tag:      bdd"
Viper-512,512,u,quantum_coresvp,ADPS16_quantum,bdd_hybrid,546.96,inf,465.07500000000005,546.96,inf,1755.0,,0.0,8192,256,9,2304,2304,1,11,4,1.118033988749895,1.25,2,1,512,512,512,512,"         rop: ≈2^547.0
         red: ≈2^465.1
         svp: ≈2^547.0
           β:     1755
           η: ≈2^11.0
           ζ:        0
         |S|:        1
           d:     3861
        prob:      1.0
           ↻:        1
         tag:   hybrid"
Viper-512,512,u,quantum_coresvp,ADPS16_quantum,bdd_mitm_hybrid,902.2661394093221,inf,674.8113662986622,902.2661394093221,inf,1755.0,,949.0,8192,256,9,2304,2304,1,11,4,1.118033988749895,1.25,2,1,512,512,512,512,"         rop: ≈2^902.3
         red: ≈2^674.8
         svp: ≈2^902.3
           β:     1755
           η:        2
           ζ:      949
         |S|:  ≈2^inf
           d:     2961
        prob: ≈2^-207.5
           ↻: ≈2^209.7
         tag:   hybrid"
Viper-512,512,u,quantum_coresvp,ADPS16_quantum,dual,inf,inf,inf,inf,inf,1751.0,1554.0,,8192,256,9,2304,2304,1,11,4,1.118033988749895,1.25,2,1,512,512,512,512,"         rop: ≈2^1162.7
         mem:  ≈2^inf
           m:     1554
           β:     1751
           d:     3858
           ↻:        1
         tag:     dual"
Viper-512,512,u,quantum_coresvp,ADPS16_quantum,dual_hybrid,520.9798201494503,inf,519.6545238683836,inf,520.2450956520258,1753.0,2304.0,50.0,8192,256,9,2304,2304,1,11,4,1.118033988749895,1.25,2,1,512,512,512,512,"         rop: ≈2^521.0
         red: ≈2^519.7
       guess: ≈2^520.2
           β:     1753
           p:        2
           ζ:       50
           t:      400
          β':     1753
           N: ≈2^418.9
           m: ≈2^11.2"
