KEM_Q,KEM_LEVEL,KEM_MESSAGE_BIT_LENGTH,KEM_N,KEM_K,KEM_ETA1,KEM_ETA2,KEM_N_BLOCKS_FOR_DU0,KEM_DU0,KEM_DU1,KEM_DV,CODE_ALPHA,CODE_BETA,DFR
3329,1,128,64,9,2,2,9,12,0,6,832,0,3.6530578633578377133982985090394157618943899077060204582501043341520614822073606e-29
3329,1,128,64,9,2,2,9,12,0,6,832,10,3.5637205970426758406628062412383011879622250121101437979486025740492433991604397e-29
3329,1,128,64,9,2,2,9,12,0,6,832,20,3.4720611847622887273708687369739935837099830905059452262096875869977159137633401e-29
3329,1,128,64,9,2,2,9,12,0,6,832,30,3.3253599815088713718067273934283818687793812834631550496717340824926216598805656e-29
3329,1,128,64,9,2,2,9,12,0,6,832,40,3.1303132969959920967140295075080257152366728730779722244087237805990949408496128e-29
3329,1,128,64,9,2,2,9,12,0,6,832,50,2.8956562593808081850598287115795718079111510106901978472377483015989015187816578e-29
3329,1,128,64,9,2,2,9,12,0,6,832,60,2.6325616822779172227772246097034052233846100045792975353409232425532042659439718e-29
3329,1,128,64,9,2,2,9,12,0,6,832,70,2.3518511809259626653244375447107383373493935814784349468438399976165218503731819e-29
3329,1,128,64,9,2,2,9,12,0,6,832,80,2.0639151404311959387335258686823197147026041840451651696327565125722642499282245e-29
3329,1,128,64,9,2,2,9,12,0,6,832,90,1.7802923499090411051169925052579533289793960524202670527105965447378938235254172e-29
3329,1,128,64,9,2,2,9,12,0,6,832,100,1.5085136725770155361969078006453305361174906754439643115572641150348062686471650e-29
3329,1,128,64,9,2,2,9,12,0,6,832,110,1.2549658720090659557971472317330028237389745577815511595502730178583041557823645e-29
3329,1,128,64,9,2,2,9,12,0,6,832,120,1.0263027711423962678841577114025760485599929218534795221788965192092075603248304e-29
3329,1,128,64,9,2,2,9,12,0,6,832,130,8.2373000519668698672938100562017535209396628933717129311342046004633639261560255e-30
3329,1,128,64,9,2,2,9,12,0,6,832,140,6.4967102446872389925237233484460817217866084928865599109235064772684543377543315e-30
3329,1,128,64,9,2,2,9,12,0,6,832,150,5.0248521692302570871386823866932895293651179574068112645457300598897619981693028e-30
3329,1,128,64,9,2,2,9,12,0,6,832,160,3.8213426353101304401258505897143857880019515055856328170616346487346859748707033e-30
3329,1,128,64,9,2,2,9,12,0,6,832,170,2.8502622301819659150522548784565903252781306247511410295868576267157286128141511e-30
3329,1,128,64,9,2,2,9,12,0,6,832,180,2.0884580303491369809383991627870798016034722059585824693464284059726289685565632e-30
3329,1,128,64,9,2,2,9,12,0,6,832,190,1.5006959542249137995233395717726053439953583298777549226523296269035392374759079e-30
3329,1,128,64,9,2,2,9,12,0,6,832,200,1.0603828601616505458236733609929749981914497537492822957222540903973053223255283e-30
3329,1,128,64,9,2,2,9,12,0,6,832,210,7.4671679390642628379455903601864600788242589575045506785840921850973448051648550e-31
3329,1,128,64,9,2,2,9,12,0,6,832,220,6.3030200077564719341380899508051228341143609989872864074078220445757190478189332e-31
3329,1,128,64,9,2,2,9,12,0,6,832,230,1.6929008056659433246943190554670848883607924065115037924011101396199675587269496e-30
3329,2,256,128,9,1,1,9,11,0,9,832,0,4.4803267777423343908870517272476441762147141066997176688440446311881237191087661e-46
3329,2,256,128,9,1,1,9,11,0,9,832,10,4.2405732536940323637573665811685863873343437331032861381183555477118088581312468e-46
3329,2,256,128,9,1,1,9,11,0,9,832,20,4.0455216961636426287226581945007360040050430639242031783407199970380905795650752e-46
3329,2,256,128,9,1,1,9,11,0,9,832,30,3.7473600157946769220786647880272250453112633000503016864660285360476424094130934e-46
3329,2,256,128,9,1,1,9,11,0,9,832,40,3.3666832487601345099038461051177949322298313590494019224098397889278361952851034e-46
3329,2,256,128,9,1,1,9,11,0,9,832,50,2.9329217610136695689822660134138234414121296135053565950999294259324212856351559e-46
3329,2,256,128,9,1,1,9,11,0,9,832,60,2.4780311344197017347916272778802637572473394041803683148219248888010289841680994e-46
3329,2,256,128,9,1,1,9,11,0,9,832,70,2.0304033306128588909000011656914659709252613100831782356664964588237546448793729e-46
3329,2,256,128,9,1,1,9,11,0,9,832,80,1.6135255344972841896374409345688929970951518224070879777087946768487216112253228e-46
3329,2,256,128,9,1,1,9,11,0,9,832,90,1.2431872443577422301578869964077675122759893846968180105614737299079754473551294e-46
3329,2,256,128,9,1,1,9,11,0,9,832,100,9.2908051762130112314709323182261223777261082138736325946690380274423044297363266e-47
3329,2,256,128,9,1,1,9,11,0,9,832,110,6.7338107554391419897375501388848693450635111133746349839469535582628458790666880e-47
3329,2,256,128,9,1,1,9,11,0,9,832,120,4.7326530312320134083449163201203099308031938349896373432174455722770829354930742e-47
3329,2,256,128,9,1,1,9,11,0,9,832,130,3.2280806095816987624908962163214394574405323203438649545947442941520066340812777e-47
3329,2,256,128,9,1,1,9,11,0,9,832,140,2.1326675726553731324413575610503100873834042671423864453767368369388831967092977e-47
3329,2,256,128,9,1,1,9,11,0,9,832,150,1.3675525957576037271068938758416418688294681626971522388392444344818519036795906e-47
3329,2,256,128,9,1,1,9,11,0,9,832,160,8.5105630946922064340754138960082879144546395001507098300382261262380212209268135e-48
3329,2,256,128,9,1,1,9,11,0,9,832,170,5.1283226482830893803857375322646833096007608989663213163382598850137147056325069e-48
3329,2,256,128,9,1,1,9,11,0,9,832,180,2.9994193628082928147893551785263372627725487115317497393085016469570568164674601e-48
3329,2,256,128,9,1,1,9,11,0,9,832,190,1.7017425711250935726111520116090060488888310957058291057035632463294350586251488e-48
3329,2,256,128,9,1,1,9,11,0,9,832,200,9.3624830367009993194767647346381936765716566640443036082009189096623740219460716e-49
3329,2,256,128,9,1,1,9,11,0,9,832,210,4.9986731531022898922664136345385648718987707199056605097392069782487893418838105e-49
3329,2,256,128,9,1,1,9,11,0,9,832,220,2.7249700940424183193704119776618869424365133232807042221150473503528714028062434e-49
3329,2,256,128,9,1,1,9,11,0,9,832,230,6.9479591716381530849465532483530991903406594291484413719274857987301669479357992e-49
7681,3,512,256,8,2,2,8,13,0,7,1920,0,6.0078373582122206110547913812942483077766096838177792996063967491645949169989441e-46
7681,3,512,256,8,2,2,8,13,0,7,1920,10,5.9474394319977922053115533808768753964851694655848595781328898773986705217177756e-46
7681,3,512,256,8,2,2,8,13,0,7,1920,20,5.8964628033888506935853762647616130213696023378436967286327410422264984591057817e-46
7681,3,512,256,8,2,2,8,13,0,7,1920,30,5.8150345459243797350641420773971191080380510876580513529918975575965852988939743e-46
7681,3,512,256,8,2,2,8,13,0,7,1920,40,5.7028468412910846171740333758167959639447084353653800835286621983506552944940670e-46
7681,3,512,256,8,2,2,8,13,0,7,1920,50,5.5612988116253982863265539351895997504473274879110074407107623558072000074325535e-46
7681,3,512,256,8,2,2,8,13,0,7,1920,60,5.3939257246875067902823283441556312523235168478236967847815392710316924094536035e-46
7681,3,512,256,8,2,2,8,13,0,7,1920,70,5.2015478759118690324191143880660074438421796659992226426134235855985949609299473e-46
7681,3,512,256,8,2,2,8,13,0,7,1920,80,4.9892468473348982557424835949583745930505869577806276838231382648965231484557429e-46
7681,3,512,256,8,2,2,8,13,0,7,1920,90,4.7578482730187916257932975518557101925205423091753568141308623932603671737718132e-46
7681,3,512,256,8,2,2,8,13,0,7,1920,100,4.5122520774608347675580608187843231752501387827363705376676776067890959122691314e-46
7681,3,512,256,8,2,2,8,13,0,7,1920,110,4.2556482781002948635230522906651547595385193626619796866110275501232149834520387e-46
7681,3,512,256,8,2,2,8,13,0,7,1920,120,3.9921922942843424595905260593375232796085965514171143088164842471914171227009236e-46
7681,3,512,256,8,2,2,8,13,0,7,1920,130,3.7223772802573049193568577570736707338481113877376271246413638618059541821871226e-46
7681,3,512,256,8,2,2,8,13,0,7,1920,140,3.4524458916191732606039523246447818126298237401316438985210935964474690722386919e-46
7681,3,512,256,8,2,2,8,13,0,7,1920,150,3.1841744896160599228993732199270665079685530126597665145483832494252960015307174e-46
7681,3,512,256,8,2,2,8,13,0,7,1920,160,2.9213174380560533995971807245022944494183494534016013115165166154858938503338341e-46
7681,3,512,256,8,2,2,8,13,0,7,1920,170,2.6633127184497045245672509768286287133314992215812806857782488360936996058459933e-46
7681,3,512,256,8,2,2,8,13,0,7,1920,180,2.4157494335196118500707793396771674948950612101696711928807204516435885908181993e-46
7681,3,512,256,8,2,2,8,13,0,7,1920,190,2.1784391250759158920001692840293425657398308191304687246058227587062085298836323e-46
7681,3,512,256,8,2,2,8,13,0,7,1920,200,1.9538241757537449781397415134536569220258537677638403171516344197671935028882765e-46
7681,3,512,256,8,2,2,8,13,0,7,1920,210,1.7424065654852953158537990395193762950830883924966878284095763706113816229219119e-46
7681,3,512,256,8,2,2,8,13,0,7,1920,220,1.5451775203697581550686305689206707527539178800509678504467493120324432903075896e-46
7681,3,512,256,8,2,2,8,13,0,7,1920,230,1.3625533521637950756413188724723814439881671912144782224793686127869733433847984e-46
7681,3,512,256,8,2,2,8,13,0,7,1920,240,1.1957109521444027747854876328576964813790644698771884426932273271176357204395252e-46
7681,3,512,256,8,2,2,8,13,0,7,1920,250,1.0419372655392298948714673570236104434153292555130358004196969190285452358798763e-46
7681,3,512,256,8,2,2,8,13,0,7,1920,260,9.0355143556158106762965661979887905886694478594750167886263724218849103566010317e-47
7681,3,512,256,8,2,2,8,13,0,7,1920,270,7.7912573613194916228655059572525375802343089149261984423657010469213024628348082e-47
7681,3,512,256,8,2,2,8,13,0,7,1920,280,6.6805727754652638910240272869308770430146263263926035405500553802028942356074037e-47
7681,3,512,256,8,2,2,8,13,0,7,1920,290,5.6955868054230952860340651660456247228074834325751263351003288230847523506453071e-47
7681,3,512,256,8,2,2,8,13,0,7,1920,300,4.8293918329991890210281071256395629990859139814411471891895540069150174118624497e-47
7681,3,512,256,8,2,2,8,13,0,7,1920,310,4.0710253479297865327568511661125142771519144633549499120556801347956961561903135e-47
7681,3,512,256,8,2,2,8,13,0,7,1920,320,3.4160514153578663578125842846321101383331415928387196426335939428350335490035191e-47
7681,3,512,256,8,2,2,8,13,0,7,1920,330,2.8448766744914814457369606690297138919397056346048873369046319357766713664715411e-47
7681,3,512,256,8,2,2,8,13,0,7,1920,340,2.3580279781950505840120697738714535088524774296413971597601100341303444991032658e-47
7681,3,512,256,8,2,2,8,13,0,7,1920,350,1.9437502033589243673795522466420966093858167470226298748293544984915315413965433e-47
7681,3,512,256,8,2,2,8,13,0,7,1920,360,1.5933667954935963586310494858406912491089914271370597084309993319371252365450257e-47
7681,3,512,256,8,2,2,8,13,0,7,1920,370,1.2980547201658656899173513078996697654719546879712511887577102244657962366830297e-47
7681,3,512,256,8,2,2,8,13,0,7,1920,380,1.0519014644789330512054915902245300910737962929320318434790942356683491382438488e-47
7681,3,512,256,8,2,2,8,13,0,7,1920,390,8.4761185504296125204800409103675033643990490402682138738839068149820383874766092e-48
7681,3,512,256,8,2,2,8,13,0,7,1920,400,6.7922520894036010252977992057978840954816035691802351944968283022231043922947281e-48
7681,3,512,256,8,2,2,8,13,0,7,1920,410,5.4100336336273384186709112607081186730884962398883702041749565283250713246388145e-48
7681,3,512,256,8,2,2,8,13,0,7,1920,420,4.2863098918028693608152713391465999327576583405310241219352968790849362375739757e-48
7681,3,512,256,8,2,2,8,13,0,7,1920,430,3.3757456267076574608154262983173422814420506397770398953222909837889389768744095e-48
7681,3,512,256,8,2,2,8,13,0,7,1920,440,2.6441401414769871814318691617221617327328840169472206885658511627724117759239345e-48
7681,3,512,256,8,2,2,8,13,0,7,1920,450,2.0591179225562387694357769465252155274746038383194323522215363404482939731562640e-48
7681,3,512,256,8,2,2,8,13,0,7,1920,460,1.5944485297220203524039139433262942489143477675918797641674753838925268421958464e-48
7681,3,512,256,8,2,2,8,13,0,7,1920,470,1.2276787643099316901249146587754476481495959391232842665536409142825699219169956e-48
7681,3,512,256,8,2,2,8,13,0,7,1920,480,9.4213859724485759884596975660162795552376530978463094262607902666726641922193944e-49
7681,3,512,256,8,2,2,8,13,0,7,1920,490,7.1833165800933795369468349505276447724889810538092808876990589003587820920370061e-49
7681,3,512,256,8,2,2,8,13,0,7,1920,500,5.5662307012137895642706620015598444076810705079007978371615010987261816339075940e-49
7681,3,512,256,8,2,2,8,13,0,7,1920,510,4.8471715022615881697887772032067073599471416171452919623585573548782514847699298e-49
7681,3,512,256,8,2,2,8,13,0,7,1920,520,6.9497531709518402530797818635923021253109413263851728515578450062591313569004146e-49
4001,1,128,64,9,1,1,9,9,0,7,1000,0,7.5300522759516365421699665127663197916486593918275886899193143402220204368072523e-29
4001,1,128,64,9,1,1,9,9,0,7,1000,10,7.4008089208574489294569982021680800319150542325804905509664505981535472130075700e-29
4001,1,128,64,9,1,1,9,9,0,7,1000,20,7.2538948680219647889824300760760916021406434862243231731464546532710000175081755e-29
4001,1,128,64,9,1,1,9,9,0,7,1000,30,7.0152896501819143635136568582293575298744137831070904808420227010377688450893348e-29
4001,1,128,64,9,1,1,9,9,0,7,1000,40,6.6958964833336526422314191040306470068770405156338752790755277578176362202614229e-29
4001,1,128,64,9,1,1,9,9,0,7,1000,50,6.3056348693811390094296828880278835609728244756762793905124447971453465651354933e-29
4001,1,128,64,9,1,1,9,9,0,7,1000,60,5.8576037542753996510191528669608615402437575737830493068245169763665786565315954e-29
4001,1,128,64,9,1,1,9,9,0,7,1000,70,5.3698910697997002361913010366203244620601483379225173942361533303047690559774820e-29
4001,1,128,64,9,1,1,9,9,0,7,1000,80,4.8585958662240944723697030967818211495554960838915960884729743742548471600410299e-29
4001,1,128,64,9,1,1,9,9,0,7,1000,90,4.3358854540983822477125432401408292299461678156418623879016058139135917079335516e-29
4001,1,128,64,9,1,1,9,9,0,7,1000,100,3.8212111576670267444411948611365824769616874310855936000469175497943328033906836e-29
4001,1,128,64,9,1,1,9,9,0,7,1000,110,3.3185297675758802433207397092000674752853812188940758723268999926625049423019696e-29
4001,1,128,64,9,1,1,9,9,0,7,1000,120,2.8461228310544442363460065380379648737564614648881639765750823518514564728934212e-29
4001,1,128,64,9,1,1,9,9,0,7,1000,130,2.4074912907707984251193438736116930706285074551381231324624654853166750076046361e-29
4001,1,128,64,9,1,1,9,9,0,7,1000,140,2.0099509866338822632315019585248118929813415769551503798518429528381230743384117e-29
4001,1,128,64,9,1,1,9,9,0,7,1000,150,1.6560342291904820587527023062461105018370958333328247316225631570841453909567046e-29
4001,1,128,64,9,1,1,9,9,0,7,1000,160,1.3458604605113781750966363345669204596419220923896727856199946141496065186682258e-29
4001,1,128,64,9,1,1,9,9,0,7,1000,170,1.0790585287005601632583916732759680096587993107588312744707994110176123191884482e-29
4001,1,128,64,9,1,1,9,9,0,7,1000,180,8.5390790609114027377861170847345788074177371082872012158140552063417047582844003e-30
4001,1,128,64,9,1,1,9,9,0,7,1000,190,6.6664480514977188140709387284373425328555061807697843211815336504837620942989625e-30
4001,1,128,64,9,1,1,9,9,0,7,1000,200,5.1450604264254428867175606561425505620001366041044735770028440025728256341657460e-30
4001,1,128,64,9,1,1,9,9,0,7,1000,210,3.9036745825457241515013935220678749661459604419402296163777912139826597237096485e-30
4001,1,128,64,9,1,1,9,9,0,7,1000,220,2.9279884969332196939541822405046715800162838310621010979927035067324390234411490e-30
4001,1,128,64,9,1,1,9,9,0,7,1000,230,2.1666582008288734999214229522317434022433134465602453522967101122503124863212435e-30
4001,1,128,64,9,1,1,9,9,0,7,1000,240,1.5828633777575161030668386869734606766729415915862166204639861300427023577325649e-30
4001,1,128,64,9,1,1,9,9,0,7,1000,250,1.1462001726089605835464171339861449432954579139501155722020958366653411677898012e-30
4001,1,128,64,9,1,1,9,9,0,7,1000,260,8.3598819047542909622360476023488605948539553429716266436303061928821674451850413e-31
4001,1,128,64,9,1,1,9,9,0,7,1000,270,7.5190319748543888944467951338184545092814530648808634809913152712857589493274477e-31
4001,1,128,64,9,1,1,9,9,0,7,1000,280,1.6693990789839463841549358183266012519075431251030193384162348579299646785664317e-30
4001,2,256,128,9,1,1,9,11,0,5,1000,0,2.0040643604060992777342980839299092234021363773666092719117072730803803655867361e-49
4001,2,256,128,9,1,1,9,11,0,5,1000,10,1.9316104639902966451709449146352526301265939678736079721587546652057431613860149e-49
4001,2,256,128,9,1,1,9,11,0,5,1000,20,1.9406684546137929822052548589533035843850278198454939980440253177352831756133515e-49
4001,2,256,128,9,1,1,9,11,0,5,1000,30,1.9536195503321923268390250911050079497411614514055042136822261870465784539765900e-49
4001,2,256,128,9,1,1,9,11,0,5,1000,40,1.9667952379207876778819607196772843917254055555189169006628838728672251435281088e-49
4001,2,256,128,9,1,1,9,11,0,5,1000,50,1.9716733335854111927966606586447892546159811398749436896713130305628254680976598e-49
4001,2,256,128,9,1,1,9,11,0,5,1000,60,1.9595769467302055522958722763344632938188390847466890939099175981114625786820016e-49
4001,2,256,128,9,1,1,9,11,0,5,1000,70,1.9295392279867521220061385486857986447522043728241432520594975923397675330044542e-49
4001,2,256,128,9,1,1,9,11,0,5,1000,80,1.8772190073954120870449248301367954825045627035076355890564194893689893635590419e-49
4001,2,256,128,9,1,1,9,11,0,5,1000,90,1.7941714945167879657344649779436697238108329158307332788249921226045237104660978e-49
4001,2,256,128,9,1,1,9,11,0,5,1000,100,1.6933567478782515324299390218997025230124093689703960729858512893593713419190315e-49
4001,2,256,128,9,1,1,9,11,0,5,1000,110,1.5570408571462873338615282866840863902877596731054492284992249150161544286078355e-49
4001,2,256,128,9,1,1,9,11,0,5,1000,120,1.4105145529084845926573246717826157897192770639067147177243915357213172356211471e-49
4001,2,256,128,9,1,1,9,11,0,5,1000,130,1.2463170824874920923288999554427594690876533760227173651813774345631509025442367e-49
4001,2,256,128,9,1,1,9,11,0,5,1000,140,1.0788677947413589120232153730420230158412276912889059623684357095929220124723002e-49
4001,2,256,128,9,1,1,9,11,0,5,1000,150,9.1295797279910568700541932350351080923948059569445337437798997548101826977269807e-50
4001,2,256,128,9,1,1,9,11,0,5,1000,160,7.5306422809221014298609674804521449604428872675025007957262162933406564413053835e-50
4001,2,256,128,9,1,1,9,11,0,5,1000,170,6.0592517915728784015999246180816208098995290189200480040470967257121733725081203e-50
4001,2,256,128,9,1,1,9,11,0,5,1000,180,4.7622943973835190640408829805847162410014493070938129622227159938283071254351330e-50
4001,2,256,128,9,1,1,9,11,0,5,1000,190,3.6441985594564791616983716284759305319737942158764798876310376971496047578404839e-50
4001,2,256,128,9,1,1,9,11,0,5,1000,200,2.7412908431732802688931652734783582477658653400804944245267445343046647688706049e-50
4001,2,256,128,9,1,1,9,11,0,5,1000,210,1.9799060747493696832910505571495289818967082693300811864359869484993320879141246e-50
4001,2,256,128,9,1,1,9,11,0,5,1000,220,1.4056267609973770018733682675107996939618393007660745002498897155945840832560792e-50
4001,2,256,128,9,1,1,9,11,0,5,1000,230,9.6926112518956304245235856745344988386715186457446076026380477604346576917325180e-51
4001,2,256,128,9,1,1,9,11,0,5,1000,240,6.5413899352550736338174072983721764222576431123929996288785450033438802328746310e-51
4001,2,256,128,9,1,1,9,11,0,5,1000,250,4.4349023077256525165835791509863720055344609550333961312097339652710845987186541e-51
4001,2,256,128,9,1,1,9,11,0,5,1000,260,6.8254584062883690912780573724947757767304452924105302378580434294492877053961795e-51
4001,3,512,256,9,1,1,9,12,0,8,1000,0,7.1330583739460198072377114473389940174194529098961939482867481641245383110926433e-46
4001,3,512,256,9,1,1,9,12,0,8,1000,10,6.8627479650789192840471739981279210401583088796906951727093651250558943971445628e-46
4001,3,512,256,9,1,1,9,12,0,8,1000,20,6.6412530736758055530631363306058618740331273512714087040478645859801937722621227e-46
4001,3,512,256,9,1,1,9,12,0,8,1000,30,6.2949906978516742096637252877642977015674442225214202708561175023851535496985062e-46
4001,3,512,256,9,1,1,9,12,0,8,1000,40,5.8437833937559337315738181064621285520999337871933800077547985815444486449455950e-46
4001,3,512,256,9,1,1,9,12,0,8,1000,50,5.3090057227509295038228583113061896553475403022463243138284932487077998625780236e-46
4001,3,512,256,9,1,1,9,12,0,8,1000,60,4.7172387276908348457778923253150596690028105702278980162195022321829431329844648e-46
4001,3,512,256,9,1,1,9,12,0,8,1000,70,4.1044782941668225393674918889361522881581121497089413231209961941142392239473399e-46
4001,3,512,256,9,1,1,9,12,0,8,1000,80,3.4979315987371162583381305522092887711904354890501285090031947625244838721560711e-46
4001,3,512,256,9,1,1,9,12,0,8,1000,90,2.9148308629911482402174054958543053973270716900836255731975235072196148792650278e-46
4001,3,512,256,9,1,1,9,12,0,8,1000,100,2.3829722326771471940359123684765225230412038789115312611372530292581828911072608e-46
4001,3,512,256,9,1,1,9,12,0,8,1000,110,1.9000353382948237162151522238430483957553479827127806250714824877590351067911768e-46
4001,3,512,256,9,1,1,9,12,0,8,1000,120,1.4863789979587868199531316468780644409019925855189832270049360098882716442069116e-46
4001,3,512,256,9,1,1,9,12,0,8,1000,130,1.1368509742041241624236034456092772354552909377369377725760615596806009745042901e-46
4001,3,512,256,9,1,1,9,12,0,8,1000,140,8.5172019315010039346735716033403328457172818768115307042010315016444492918159463e-47
4001,3,512,256,9,1,1,9,12,0,8,1000,150,6.2490438749345909965349501946953117310833208846548761530883347907467108201326551e-47
4001,3,512,256,9,1,1,9,12,0,8,1000,160,4.4837644104868786468324310366040769820780175933936831151835275748184899443868949e-47
4001,3,512,256,9,1,1,9,12,0,8,1000,170,3.1477010296679876224592030375801204353433920798857247064526969952986239258484161e-47
4001,3,512,256,9,1,1,9,12,0,8,1000,180,2.1646738314158660903615577036817253481901693758747302868572732861464469741437517e-47
4001,3,512,256,9,1,1,9,12,0,8,1000,190,1.4565815272813525161440257782674852496633565064785625355521890619071490265707429e-47
4001,3,512,256,9,1,1,9,12,0,8,1000,200,9.6432362324696098416347596591927201733681485741609511420182100677487095834539911e-48
4001,3,512,256,9,1,1,9,12,0,8,1000,210,6.1868802985949045702398075530161040807450165101360259425564421355851790282538380e-48
4001,3,512,256,9,1,1,9,12,0,8,1000,220,3.9054411932852061166733805002944322023294327469016650414119329848272649282826832e-48
4001,3,512,256,9,1,1,9,12,0,8,1000,230,2.4121625016768854428548023062868213063787927685951257788082650922833833614694886e-48
4001,3,512,256,9,1,1,9,12,0,8,1000,240,1.4595970689275265607283719359123157366054557058385618998699934980735873053691840e-48
4001,3,512,256,9,1,1,9,12,0,8,1000,250,8.6957342940557829731324532536603810936976247878387358828681275000048662039280950e-49
4001,3,512,256,9,1,1,9,12,0,8,1000,260,5.0615319070053695271439051598904429835828960305599138565935441992721195549567914e-49
4001,3,512,256,9,1,1,9,12,0,8,1000,270,4.2279179741097675879679010231102629772404253653328652212224130467060400468114945e-49
4001,3,512,256,9,1,1,9,12,0,8,1000,280,3.2709262194384063021340642298866190112527921309251586883262714804917233297758429e-48
