scheme,profile,level,backend,implementation,operation_group,operation,cycles,iterations,status,notes,pk_bytes,ct_bytes,sk_bytes,ss_bytes
MAMBA-Viper-128,Viper-128,128,REF,Reference,KEM,KEM_KeyGen,47956,1000,ok,codec=scalar use_e8=0 q=4096 k=2 eta_s=2 eta_r=2 t_pk=9 t_u=9 t_v=4 e8_rate=1 e8_alpha=2048 e8_active_blocks=16 msg_bytes=16,608,736,1424,16
MAMBA-Viper-128,Viper-128,128,REF,Reference,KEM,KEM_Encaps,55936,1000,ok,codec=scalar use_e8=0 q=4096 k=2 eta_s=2 eta_r=2 t_pk=9 t_u=9 t_v=4 e8_rate=1 e8_alpha=2048 e8_active_blocks=16 msg_bytes=16,608,736,1424,16
MAMBA-Viper-128,Viper-128,128,REF,Reference,KEM,KEM_Decaps,58215,1000,ok,codec=scalar use_e8=0 q=4096 k=2 eta_s=2 eta_r=2 t_pk=9 t_u=9 t_v=4 e8_rate=1 e8_alpha=2048 e8_active_blocks=16 msg_bytes=16,608,736,1424,16
MAMBA-Viper-128,Viper-128,128,REF,Reference,PKE,PKE_KeyGen,31919,1000,ok,codec=scalar use_e8=0 q=4096 k=2 eta_s=2 eta_r=2 t_pk=9 t_u=9 t_v=4 e8_rate=1 e8_alpha=2048 e8_active_blocks=16 msg_bytes=16,608,736,1424,16
MAMBA-Viper-128,Viper-128,128,REF,Reference,PKE,PKE_Enc,40014,1000,ok,codec=scalar use_e8=0 q=4096 k=2 eta_s=2 eta_r=2 t_pk=9 t_u=9 t_v=4 e8_rate=1 e8_alpha=2048 e8_active_blocks=16 msg_bytes=16,608,736,1424,16
MAMBA-Viper-128,Viper-128,128,REF,Reference,PKE,PKE_Dec,12578,1000,ok,codec=scalar use_e8=0 q=4096 k=2 eta_s=2 eta_r=2 t_pk=9 t_u=9 t_v=4 e8_rate=1 e8_alpha=2048 e8_active_blocks=16 msg_bytes=16,608,736,1424,16
MAMBA-Viper-128,Viper-128,128,REF,Reference,message_codec,msg_encode,189,1000,ok,codec=scalar use_e8=0 q=4096 k=2 eta_s=2 eta_r=2 t_pk=9 t_u=9 t_v=4 e8_rate=1 e8_alpha=2048 e8_active_blocks=16 msg_bytes=16,608,736,1424,16
MAMBA-Viper-128,Viper-128,128,REF,Reference,message_codec,msg_decode,228,1000,ok,codec=scalar use_e8=0 q=4096 k=2 eta_s=2 eta_r=2 t_pk=9 t_u=9 t_v=4 e8_rate=1 e8_alpha=2048 e8_active_blocks=16 msg_bytes=16,608,736,1424,16
MAMBA-Viper-128,Viper-128,128,REF,Reference,arithmetic,poly_mul,2697,1000,ok,codec=scalar use_e8=0 q=4096 k=2 eta_s=2 eta_r=2 t_pk=9 t_u=9 t_v=4 e8_rate=1 e8_alpha=2048 e8_active_blocks=16 msg_bytes=16,608,736,1424,16
MAMBA-Viper-128,Viper-128,128,REF,Reference,arithmetic,A_times_s,10677,1000,ok,codec=scalar use_e8=0 q=4096 k=2 eta_s=2 eta_r=2 t_pk=9 t_u=9 t_v=4 e8_rate=1 e8_alpha=2048 e8_active_blocks=16 msg_bytes=16,608,736,1424,16
MAMBA-Viper-128,Viper-128,128,REF,Reference,arithmetic,AT_times_r,10640,1000,ok,codec=scalar use_e8=0 q=4096 k=2 eta_s=2 eta_r=2 t_pk=9 t_u=9 t_v=4 e8_rate=1 e8_alpha=2048 e8_active_blocks=16 msg_bytes=16,608,736,1424,16
MAMBA-Viper-128,Viper-128,128,REF,Reference,arithmetic,bhatT_times_r,5282,1000,ok,codec=scalar use_e8=0 q=4096 k=2 eta_s=2 eta_r=2 t_pk=9 t_u=9 t_v=4 e8_rate=1 e8_alpha=2048 e8_active_blocks=16 msg_bytes=16,608,736,1424,16
MAMBA-Viper-128,Viper-128,128,REF,Reference,arithmetic,sT_times_u,5319,1000,ok,codec=scalar use_e8=0 q=4096 k=2 eta_s=2 eta_r=2 t_pk=9 t_u=9 t_v=4 e8_rate=1 e8_alpha=2048 e8_active_blocks=16 msg_bytes=16,608,736,1424,16
MAMBA-Viper-128,Viper-128,128,REF,Reference,KEM,KEM_KeyGen,47766,1000,ok,codec=E8 use_e8=1 q=4096 k=2 eta_s=2 eta_r=2 t_pk=9 t_u=9 t_v=4 e8_rate=1 e8_alpha=2048 e8_active_blocks=16 msg_bytes=16,608,736,1424,16
MAMBA-Viper-128,Viper-128,128,REF,Reference,KEM,KEM_Encaps,67107,1000,ok,codec=E8 use_e8=1 q=4096 k=2 eta_s=2 eta_r=2 t_pk=9 t_u=9 t_v=4 e8_rate=1 e8_alpha=2048 e8_active_blocks=16 msg_bytes=16,608,736,1424,16
MAMBA-Viper-128,Viper-128,128,REF,Reference,KEM,KEM_Decaps,69502,1000,ok,codec=E8 use_e8=1 q=4096 k=2 eta_s=2 eta_r=2 t_pk=9 t_u=9 t_v=4 e8_rate=1 e8_alpha=2048 e8_active_blocks=16 msg_bytes=16,608,736,1424,16
MAMBA-Viper-128,Viper-128,128,REF,Reference,PKE,PKE_KeyGen,31882,1000,ok,codec=E8 use_e8=1 q=4096 k=2 eta_s=2 eta_r=2 t_pk=9 t_u=9 t_v=4 e8_rate=1 e8_alpha=2048 e8_active_blocks=16 msg_bytes=16,608,736,1424,16
MAMBA-Viper-128,Viper-128,128,REF,Reference,PKE,PKE_Enc,47272,1000,ok,codec=E8 use_e8=1 q=4096 k=2 eta_s=2 eta_r=2 t_pk=9 t_u=9 t_v=4 e8_rate=1 e8_alpha=2048 e8_active_blocks=16 msg_bytes=16,608,736,1424,16
MAMBA-Viper-128,Viper-128,128,REF,Reference,PKE,PKE_Dec,15846,1000,ok,codec=E8 use_e8=1 q=4096 k=2 eta_s=2 eta_r=2 t_pk=9 t_u=9 t_v=4 e8_rate=1 e8_alpha=2048 e8_active_blocks=16 msg_bytes=16,608,736,1424,16
MAMBA-Viper-128,Viper-128,128,REF,Reference,message_codec,msg_encode,7258,1000,ok,codec=E8 use_e8=1 q=4096 k=2 eta_s=2 eta_r=2 t_pk=9 t_u=9 t_v=4 e8_rate=1 e8_alpha=2048 e8_active_blocks=16 msg_bytes=16,608,736,1424,16
MAMBA-Viper-128,Viper-128,128,REF,Reference,message_codec,msg_decode,1975,1000,ok,codec=E8 use_e8=1 q=4096 k=2 eta_s=2 eta_r=2 t_pk=9 t_u=9 t_v=4 e8_rate=1 e8_alpha=2048 e8_active_blocks=16 msg_bytes=16,608,736,1424,16
MAMBA-Viper-128,Viper-128,128,REF,Reference,arithmetic,poly_mul,2660,1000,ok,codec=E8 use_e8=1 q=4096 k=2 eta_s=2 eta_r=2 t_pk=9 t_u=9 t_v=4 e8_rate=1 e8_alpha=2048 e8_active_blocks=16 msg_bytes=16,608,736,1424,16
MAMBA-Viper-128,Viper-128,128,REF,Reference,arithmetic,A_times_s,10640,1000,ok,codec=E8 use_e8=1 q=4096 k=2 eta_s=2 eta_r=2 t_pk=9 t_u=9 t_v=4 e8_rate=1 e8_alpha=2048 e8_active_blocks=16 msg_bytes=16,608,736,1424,16
MAMBA-Viper-128,Viper-128,128,REF,Reference,arithmetic,AT_times_r,10640,1000,ok,codec=E8 use_e8=1 q=4096 k=2 eta_s=2 eta_r=2 t_pk=9 t_u=9 t_v=4 e8_rate=1 e8_alpha=2048 e8_active_blocks=16 msg_bytes=16,608,736,1424,16
MAMBA-Viper-128,Viper-128,128,REF,Reference,arithmetic,bhatT_times_r,5357,1000,ok,codec=E8 use_e8=1 q=4096 k=2 eta_s=2 eta_r=2 t_pk=9 t_u=9 t_v=4 e8_rate=1 e8_alpha=2048 e8_active_blocks=16 msg_bytes=16,608,736,1424,16
MAMBA-Viper-128,Viper-128,128,REF,Reference,arithmetic,sT_times_u,5319,1000,ok,codec=E8 use_e8=1 q=4096 k=2 eta_s=2 eta_r=2 t_pk=9 t_u=9 t_v=4 e8_rate=1 e8_alpha=2048 e8_active_blocks=16 msg_bytes=16,608,736,1424,16
MAMBA-Viper-128,Viper-128,128,AVX2_DEFAULT,AVX2,KEM,KEM_KeyGen,33098,1000,ok,codec=scalar use_e8=0 q=4096 k=2 eta_s=2 eta_r=2 t_pk=9 t_u=9 t_v=4 e8_rate=1 e8_alpha=2048 e8_active_blocks=16 msg_bytes=16,608,736,1424,16
MAMBA-Viper-128,Viper-128,128,AVX2_DEFAULT,AVX2,KEM,KEM_Encaps,37202,1000,ok,codec=scalar use_e8=0 q=4096 k=2 eta_s=2 eta_r=2 t_pk=9 t_u=9 t_v=4 e8_rate=1 e8_alpha=2048 e8_active_blocks=16 msg_bytes=16,608,736,1424,16
MAMBA-Viper-128,Viper-128,128,AVX2_DEFAULT,AVX2,KEM,KEM_Decaps,35758,1000,ok,codec=scalar use_e8=0 q=4096 k=2 eta_s=2 eta_r=2 t_pk=9 t_u=9 t_v=4 e8_rate=1 e8_alpha=2048 e8_active_blocks=16 msg_bytes=16,608,736,1424,16
MAMBA-Viper-128,Viper-128,128,AVX2_DEFAULT,AVX2,PKE,PKE_KeyGen,17024,1000,ok,codec=scalar use_e8=0 q=4096 k=2 eta_s=2 eta_r=2 t_pk=9 t_u=9 t_v=4 e8_rate=1 e8_alpha=2048 e8_active_blocks=16 msg_bytes=16,608,736,1424,16
MAMBA-Viper-128,Viper-128,128,AVX2_DEFAULT,AVX2,PKE,PKE_Enc,21203,1000,ok,codec=scalar use_e8=0 q=4096 k=2 eta_s=2 eta_r=2 t_pk=9 t_u=9 t_v=4 e8_rate=1 e8_alpha=2048 e8_active_blocks=16 msg_bytes=16,608,736,1424,16
MAMBA-Viper-128,Viper-128,128,AVX2_DEFAULT,AVX2,PKE,PKE_Dec,7904,1000,ok,codec=scalar use_e8=0 q=4096 k=2 eta_s=2 eta_r=2 t_pk=9 t_u=9 t_v=4 e8_rate=1 e8_alpha=2048 e8_active_blocks=16 msg_bytes=16,608,736,1424,16
MAMBA-Viper-128,Viper-128,128,AVX2_DEFAULT,AVX2,message_codec,msg_encode,189,1000,ok,codec=scalar use_e8=0 q=4096 k=2 eta_s=2 eta_r=2 t_pk=9 t_u=9 t_v=4 e8_rate=1 e8_alpha=2048 e8_active_blocks=16 msg_bytes=16,608,736,1424,16
MAMBA-Viper-128,Viper-128,128,AVX2_DEFAULT,AVX2,message_codec,msg_decode,228,1000,ok,codec=scalar use_e8=0 q=4096 k=2 eta_s=2 eta_r=2 t_pk=9 t_u=9 t_v=4 e8_rate=1 e8_alpha=2048 e8_active_blocks=16 msg_bytes=16,608,736,1424,16
MAMBA-Viper-128,Viper-128,128,AVX2_DEFAULT,AVX2,arithmetic,poly_mul,912,1000,ok,codec=scalar use_e8=0 q=4096 k=2 eta_s=2 eta_r=2 t_pk=9 t_u=9 t_v=4 e8_rate=1 e8_alpha=2048 e8_active_blocks=16 msg_bytes=16,608,736,1424,16
MAMBA-Viper-128,Viper-128,128,AVX2_DEFAULT,AVX2,arithmetic,A_times_s,2850,1000,ok,codec=scalar use_e8=0 q=4096 k=2 eta_s=2 eta_r=2 t_pk=9 t_u=9 t_v=4 e8_rate=1 e8_alpha=2048 e8_active_blocks=16 msg_bytes=16,608,736,1424,16
MAMBA-Viper-128,Viper-128,128,AVX2_DEFAULT,AVX2,arithmetic,AT_times_r,2850,1000,ok,codec=scalar use_e8=0 q=4096 k=2 eta_s=2 eta_r=2 t_pk=9 t_u=9 t_v=4 e8_rate=1 e8_alpha=2048 e8_active_blocks=16 msg_bytes=16,608,736,1424,16
MAMBA-Viper-128,Viper-128,128,AVX2_DEFAULT,AVX2,arithmetic,bhatT_times_r,1558,1000,ok,codec=scalar use_e8=0 q=4096 k=2 eta_s=2 eta_r=2 t_pk=9 t_u=9 t_v=4 e8_rate=1 e8_alpha=2048 e8_active_blocks=16 msg_bytes=16,608,736,1424,16
MAMBA-Viper-128,Viper-128,128,AVX2_DEFAULT,AVX2,arithmetic,sT_times_u,1558,1000,ok,codec=scalar use_e8=0 q=4096 k=2 eta_s=2 eta_r=2 t_pk=9 t_u=9 t_v=4 e8_rate=1 e8_alpha=2048 e8_active_blocks=16 msg_bytes=16,608,736,1424,16
MAMBA-Viper-128,Viper-128,128,AVX2_DEFAULT,AVX2,KEM,KEM_KeyGen,32718,1000,ok,codec=E8 use_e8=1 q=4096 k=2 eta_s=2 eta_r=2 t_pk=9 t_u=9 t_v=4 e8_rate=1 e8_alpha=2048 e8_active_blocks=16 msg_bytes=16,608,736,1424,16
MAMBA-Viper-128,Viper-128,128,AVX2_DEFAULT,AVX2,KEM,KEM_Encaps,48032,1000,ok,codec=E8 use_e8=1 q=4096 k=2 eta_s=2 eta_r=2 t_pk=9 t_u=9 t_v=4 e8_rate=1 e8_alpha=2048 e8_active_blocks=16 msg_bytes=16,608,736,1424,16
MAMBA-Viper-128,Viper-128,128,AVX2_DEFAULT,AVX2,KEM,KEM_Decaps,47424,1000,ok,codec=E8 use_e8=1 q=4096 k=2 eta_s=2 eta_r=2 t_pk=9 t_u=9 t_v=4 e8_rate=1 e8_alpha=2048 e8_active_blocks=16 msg_bytes=16,608,736,1424,16
MAMBA-Viper-128,Viper-128,128,AVX2_DEFAULT,AVX2,PKE,PKE_KeyGen,17099,1000,ok,codec=E8 use_e8=1 q=4096 k=2 eta_s=2 eta_r=2 t_pk=9 t_u=9 t_v=4 e8_rate=1 e8_alpha=2048 e8_active_blocks=16 msg_bytes=16,608,736,1424,16
MAMBA-Viper-128,Viper-128,128,AVX2_DEFAULT,AVX2,PKE,PKE_Enc,28842,1000,ok,codec=E8 use_e8=1 q=4096 k=2 eta_s=2 eta_r=2 t_pk=9 t_u=9 t_v=4 e8_rate=1 e8_alpha=2048 e8_active_blocks=16 msg_bytes=16,608,736,1424,16
MAMBA-Viper-128,Viper-128,128,AVX2_DEFAULT,AVX2,PKE,PKE_Dec,10412,1000,ok,codec=E8 use_e8=1 q=4096 k=2 eta_s=2 eta_r=2 t_pk=9 t_u=9 t_v=4 e8_rate=1 e8_alpha=2048 e8_active_blocks=16 msg_bytes=16,608,736,1424,16
MAMBA-Viper-128,Viper-128,128,AVX2_DEFAULT,AVX2,message_codec,msg_encode,7333,1000,ok,codec=E8 use_e8=1 q=4096 k=2 eta_s=2 eta_r=2 t_pk=9 t_u=9 t_v=4 e8_rate=1 e8_alpha=2048 e8_active_blocks=16 msg_bytes=16,608,736,1424,16
MAMBA-Viper-128,Viper-128,128,AVX2_DEFAULT,AVX2,message_codec,msg_decode,1975,1000,ok,codec=E8 use_e8=1 q=4096 k=2 eta_s=2 eta_r=2 t_pk=9 t_u=9 t_v=4 e8_rate=1 e8_alpha=2048 e8_active_blocks=16 msg_bytes=16,608,736,1424,16
MAMBA-Viper-128,Viper-128,128,AVX2_DEFAULT,AVX2,arithmetic,poly_mul,874,1000,ok,codec=E8 use_e8=1 q=4096 k=2 eta_s=2 eta_r=2 t_pk=9 t_u=9 t_v=4 e8_rate=1 e8_alpha=2048 e8_active_blocks=16 msg_bytes=16,608,736,1424,16
MAMBA-Viper-128,Viper-128,128,AVX2_DEFAULT,AVX2,arithmetic,A_times_s,2850,1000,ok,codec=E8 use_e8=1 q=4096 k=2 eta_s=2 eta_r=2 t_pk=9 t_u=9 t_v=4 e8_rate=1 e8_alpha=2048 e8_active_blocks=16 msg_bytes=16,608,736,1424,16
MAMBA-Viper-128,Viper-128,128,AVX2_DEFAULT,AVX2,arithmetic,AT_times_r,2964,1000,ok,codec=E8 use_e8=1 q=4096 k=2 eta_s=2 eta_r=2 t_pk=9 t_u=9 t_v=4 e8_rate=1 e8_alpha=2048 e8_active_blocks=16 msg_bytes=16,608,736,1424,16
MAMBA-Viper-128,Viper-128,128,AVX2_DEFAULT,AVX2,arithmetic,bhatT_times_r,1899,1000,ok,codec=E8 use_e8=1 q=4096 k=2 eta_s=2 eta_r=2 t_pk=9 t_u=9 t_v=4 e8_rate=1 e8_alpha=2048 e8_active_blocks=16 msg_bytes=16,608,736,1424,16
MAMBA-Viper-128,Viper-128,128,AVX2_DEFAULT,AVX2,arithmetic,sT_times_u,1633,1000,ok,codec=E8 use_e8=1 q=4096 k=2 eta_s=2 eta_r=2 t_pk=9 t_u=9 t_v=4 e8_rate=1 e8_alpha=2048 e8_active_blocks=16 msg_bytes=16,608,736,1424,16
MAMBA-Viper-128,Viper-128,128,AVX2_TCHES2021_NTT,AVX2,KEM,KEM_KeyGen,33059,1000,ok,codec=scalar use_e8=0 q=4096 k=2 eta_s=2 eta_r=2 t_pk=9 t_u=9 t_v=4 e8_rate=1 e8_alpha=2048 e8_active_blocks=16 msg_bytes=16 auxiliary-prime-CRT-NTT,608,736,1424,16
MAMBA-Viper-128,Viper-128,128,AVX2_TCHES2021_NTT,AVX2,KEM,KEM_Encaps,37011,1000,ok,codec=scalar use_e8=0 q=4096 k=2 eta_s=2 eta_r=2 t_pk=9 t_u=9 t_v=4 e8_rate=1 e8_alpha=2048 e8_active_blocks=16 msg_bytes=16 auxiliary-prime-CRT-NTT,608,736,1424,16
MAMBA-Viper-128,Viper-128,128,AVX2_TCHES2021_NTT,AVX2,KEM,KEM_Decaps,36061,1000,ok,codec=scalar use_e8=0 q=4096 k=2 eta_s=2 eta_r=2 t_pk=9 t_u=9 t_v=4 e8_rate=1 e8_alpha=2048 e8_active_blocks=16 msg_bytes=16 auxiliary-prime-CRT-NTT,608,736,1424,16
MAMBA-Viper-128,Viper-128,128,AVX2_TCHES2021_NTT,AVX2,PKE,PKE_KeyGen,16643,1000,ok,codec=scalar use_e8=0 q=4096 k=2 eta_s=2 eta_r=2 t_pk=9 t_u=9 t_v=4 e8_rate=1 e8_alpha=2048 e8_active_blocks=16 msg_bytes=16 auxiliary-prime-CRT-NTT,608,736,1424,16
MAMBA-Viper-128,Viper-128,128,AVX2_TCHES2021_NTT,AVX2,PKE,PKE_Enc,21014,1000,ok,codec=scalar use_e8=0 q=4096 k=2 eta_s=2 eta_r=2 t_pk=9 t_u=9 t_v=4 e8_rate=1 e8_alpha=2048 e8_active_blocks=16 msg_bytes=16 auxiliary-prime-CRT-NTT,608,736,1424,16
MAMBA-Viper-128,Viper-128,128,AVX2_TCHES2021_NTT,AVX2,PKE,PKE_Dec,7866,1000,ok,codec=scalar use_e8=0 q=4096 k=2 eta_s=2 eta_r=2 t_pk=9 t_u=9 t_v=4 e8_rate=1 e8_alpha=2048 e8_active_blocks=16 msg_bytes=16 auxiliary-prime-CRT-NTT,608,736,1424,16
MAMBA-Viper-128,Viper-128,128,AVX2_TCHES2021_NTT,AVX2,message_codec,msg_encode,189,1000,ok,codec=scalar use_e8=0 q=4096 k=2 eta_s=2 eta_r=2 t_pk=9 t_u=9 t_v=4 e8_rate=1 e8_alpha=2048 e8_active_blocks=16 msg_bytes=16 auxiliary-prime-CRT-NTT,608,736,1424,16
MAMBA-Viper-128,Viper-128,128,AVX2_TCHES2021_NTT,AVX2,message_codec,msg_decode,228,1000,ok,codec=scalar use_e8=0 q=4096 k=2 eta_s=2 eta_r=2 t_pk=9 t_u=9 t_v=4 e8_rate=1 e8_alpha=2048 e8_active_blocks=16 msg_bytes=16 auxiliary-prime-CRT-NTT,608,736,1424,16
MAMBA-Viper-128,Viper-128,128,AVX2_TCHES2021_NTT,AVX2,arithmetic,poly_mul,1026,1000,ok,codec=scalar use_e8=0 q=4096 k=2 eta_s=2 eta_r=2 t_pk=9 t_u=9 t_v=4 e8_rate=1 e8_alpha=2048 e8_active_blocks=16 msg_bytes=16 auxiliary-prime-CRT-NTT,608,736,1424,16
MAMBA-Viper-128,Viper-128,128,AVX2_TCHES2021_NTT,AVX2,arithmetic,A_times_s,2812,1000,ok,codec=scalar use_e8=0 q=4096 k=2 eta_s=2 eta_r=2 t_pk=9 t_u=9 t_v=4 e8_rate=1 e8_alpha=2048 e8_active_blocks=16 msg_bytes=16 auxiliary-prime-CRT-NTT,608,736,1424,16
MAMBA-Viper-128,Viper-128,128,AVX2_TCHES2021_NTT,AVX2,arithmetic,AT_times_r,2812,1000,ok,codec=scalar use_e8=0 q=4096 k=2 eta_s=2 eta_r=2 t_pk=9 t_u=9 t_v=4 e8_rate=1 e8_alpha=2048 e8_active_blocks=16 msg_bytes=16 auxiliary-prime-CRT-NTT,608,736,1424,16
MAMBA-Viper-128,Viper-128,128,AVX2_TCHES2021_NTT,AVX2,arithmetic,bhatT_times_r,1710,1000,ok,codec=scalar use_e8=0 q=4096 k=2 eta_s=2 eta_r=2 t_pk=9 t_u=9 t_v=4 e8_rate=1 e8_alpha=2048 e8_active_blocks=16 msg_bytes=16 auxiliary-prime-CRT-NTT,608,736,1424,16
MAMBA-Viper-128,Viper-128,128,AVX2_TCHES2021_NTT,AVX2,arithmetic,sT_times_u,1710,1000,ok,codec=scalar use_e8=0 q=4096 k=2 eta_s=2 eta_r=2 t_pk=9 t_u=9 t_v=4 e8_rate=1 e8_alpha=2048 e8_active_blocks=16 msg_bytes=16 auxiliary-prime-CRT-NTT,608,736,1424,16
MAMBA-Viper-128,Viper-128,128,AVX2_TCHES2021_NTT,AVX2,KEM,KEM_KeyGen,32603,1000,ok,codec=E8 use_e8=1 q=4096 k=2 eta_s=2 eta_r=2 t_pk=9 t_u=9 t_v=4 e8_rate=1 e8_alpha=2048 e8_active_blocks=16 msg_bytes=16 auxiliary-prime-CRT-NTT,608,736,1424,16
MAMBA-Viper-128,Viper-128,128,AVX2_TCHES2021_NTT,AVX2,KEM,KEM_Encaps,48145,1000,ok,codec=E8 use_e8=1 q=4096 k=2 eta_s=2 eta_r=2 t_pk=9 t_u=9 t_v=4 e8_rate=1 e8_alpha=2048 e8_active_blocks=16 msg_bytes=16 auxiliary-prime-CRT-NTT,608,736,1424,16
MAMBA-Viper-128,Viper-128,128,AVX2_TCHES2021_NTT,AVX2,KEM,KEM_Decaps,47310,1000,ok,codec=E8 use_e8=1 q=4096 k=2 eta_s=2 eta_r=2 t_pk=9 t_u=9 t_v=4 e8_rate=1 e8_alpha=2048 e8_active_blocks=16 msg_bytes=16 auxiliary-prime-CRT-NTT,608,736,1424,16
MAMBA-Viper-128,Viper-128,128,AVX2_TCHES2021_NTT,AVX2,PKE,PKE_KeyGen,17252,1000,ok,codec=E8 use_e8=1 q=4096 k=2 eta_s=2 eta_r=2 t_pk=9 t_u=9 t_v=4 e8_rate=1 e8_alpha=2048 e8_active_blocks=16 msg_bytes=16 auxiliary-prime-CRT-NTT,608,736,1424,16
MAMBA-Viper-128,Viper-128,128,AVX2_TCHES2021_NTT,AVX2,PKE,PKE_Enc,28842,1000,ok,codec=E8 use_e8=1 q=4096 k=2 eta_s=2 eta_r=2 t_pk=9 t_u=9 t_v=4 e8_rate=1 e8_alpha=2048 e8_active_blocks=16 msg_bytes=16 auxiliary-prime-CRT-NTT,608,736,1424,16
MAMBA-Viper-128,Viper-128,128,AVX2_TCHES2021_NTT,AVX2,PKE,PKE_Dec,10184,1000,ok,codec=E8 use_e8=1 q=4096 k=2 eta_s=2 eta_r=2 t_pk=9 t_u=9 t_v=4 e8_rate=1 e8_alpha=2048 e8_active_blocks=16 msg_bytes=16 auxiliary-prime-CRT-NTT,608,736,1424,16
MAMBA-Viper-128,Viper-128,128,AVX2_TCHES2021_NTT,AVX2,message_codec,msg_encode,7219,1000,ok,codec=E8 use_e8=1 q=4096 k=2 eta_s=2 eta_r=2 t_pk=9 t_u=9 t_v=4 e8_rate=1 e8_alpha=2048 e8_active_blocks=16 msg_bytes=16 auxiliary-prime-CRT-NTT,608,736,1424,16
MAMBA-Viper-128,Viper-128,128,AVX2_TCHES2021_NTT,AVX2,message_codec,msg_decode,1975,1000,ok,codec=E8 use_e8=1 q=4096 k=2 eta_s=2 eta_r=2 t_pk=9 t_u=9 t_v=4 e8_rate=1 e8_alpha=2048 e8_active_blocks=16 msg_bytes=16 auxiliary-prime-CRT-NTT,608,736,1424,16
MAMBA-Viper-128,Viper-128,128,AVX2_TCHES2021_NTT,AVX2,arithmetic,poly_mul,1026,1000,ok,codec=E8 use_e8=1 q=4096 k=2 eta_s=2 eta_r=2 t_pk=9 t_u=9 t_v=4 e8_rate=1 e8_alpha=2048 e8_active_blocks=16 msg_bytes=16 auxiliary-prime-CRT-NTT,608,736,1424,16
MAMBA-Viper-128,Viper-128,128,AVX2_TCHES2021_NTT,AVX2,arithmetic,A_times_s,2812,1000,ok,codec=E8 use_e8=1 q=4096 k=2 eta_s=2 eta_r=2 t_pk=9 t_u=9 t_v=4 e8_rate=1 e8_alpha=2048 e8_active_blocks=16 msg_bytes=16 auxiliary-prime-CRT-NTT,608,736,1424,16
MAMBA-Viper-128,Viper-128,128,AVX2_TCHES2021_NTT,AVX2,arithmetic,AT_times_r,2812,1000,ok,codec=E8 use_e8=1 q=4096 k=2 eta_s=2 eta_r=2 t_pk=9 t_u=9 t_v=4 e8_rate=1 e8_alpha=2048 e8_active_blocks=16 msg_bytes=16 auxiliary-prime-CRT-NTT,608,736,1424,16
MAMBA-Viper-128,Viper-128,128,AVX2_TCHES2021_NTT,AVX2,arithmetic,bhatT_times_r,1709,1000,ok,codec=E8 use_e8=1 q=4096 k=2 eta_s=2 eta_r=2 t_pk=9 t_u=9 t_v=4 e8_rate=1 e8_alpha=2048 e8_active_blocks=16 msg_bytes=16 auxiliary-prime-CRT-NTT,608,736,1424,16
MAMBA-Viper-128,Viper-128,128,AVX2_TCHES2021_NTT,AVX2,arithmetic,sT_times_u,1710,1000,ok,codec=E8 use_e8=1 q=4096 k=2 eta_s=2 eta_r=2 t_pk=9 t_u=9 t_v=4 e8_rate=1 e8_alpha=2048 e8_active_blocks=16 msg_bytes=16 auxiliary-prime-CRT-NTT,608,736,1424,16
MAMBA-Viper-192,Viper-192,192,REF,Reference,KEM,KEM_KeyGen,86412,1000,ok,codec=scalar use_e8=0 q=4096 k=3 eta_s=3 eta_r=3 t_pk=10 t_u=9 t_v=6 e8_rate=1 e8_alpha=2048 e8_active_blocks=24 msg_bytes=24,992,1088,2200,24
MAMBA-Viper-192,Viper-192,192,REF,Reference,KEM,KEM_Encaps,100206,1000,ok,codec=scalar use_e8=0 q=4096 k=3 eta_s=3 eta_r=3 t_pk=10 t_u=9 t_v=6 e8_rate=1 e8_alpha=2048 e8_active_blocks=24 msg_bytes=24,992,1088,2200,24
MAMBA-Viper-192,Viper-192,192,REF,Reference,KEM,KEM_Decaps,104690,1000,ok,codec=scalar use_e8=0 q=4096 k=3 eta_s=3 eta_r=3 t_pk=10 t_u=9 t_v=6 e8_rate=1 e8_alpha=2048 e8_active_blocks=24 msg_bytes=24,992,1088,2200,24
MAMBA-Viper-192,Viper-192,192,REF,Reference,PKE,PKE_KeyGen,67563,1000,ok,codec=scalar use_e8=0 q=4096 k=3 eta_s=3 eta_r=3 t_pk=10 t_u=9 t_v=6 e8_rate=1 e8_alpha=2048 e8_active_blocks=24 msg_bytes=24,992,1088,2200,24
MAMBA-Viper-192,Viper-192,192,REF,Reference,PKE,PKE_Enc,79495,1000,ok,codec=scalar use_e8=0 q=4096 k=3 eta_s=3 eta_r=3 t_pk=10 t_u=9 t_v=6 e8_rate=1 e8_alpha=2048 e8_active_blocks=24 msg_bytes=24,992,1088,2200,24
MAMBA-Viper-192,Viper-192,192,REF,Reference,PKE,PKE_Dec,16454,1000,ok,codec=scalar use_e8=0 q=4096 k=3 eta_s=3 eta_r=3 t_pk=10 t_u=9 t_v=6 e8_rate=1 e8_alpha=2048 e8_active_blocks=24 msg_bytes=24,992,1088,2200,24
MAMBA-Viper-192,Viper-192,192,REF,Reference,message_codec,msg_encode,303,1000,ok,codec=scalar use_e8=0 q=4096 k=3 eta_s=3 eta_r=3 t_pk=10 t_u=9 t_v=6 e8_rate=1 e8_alpha=2048 e8_active_blocks=24 msg_bytes=24,992,1088,2200,24
MAMBA-Viper-192,Viper-192,192,REF,Reference,message_codec,msg_decode,531,1000,ok,codec=scalar use_e8=0 q=4096 k=3 eta_s=3 eta_r=3 t_pk=10 t_u=9 t_v=6 e8_rate=1 e8_alpha=2048 e8_active_blocks=24 msg_bytes=24,992,1088,2200,24
MAMBA-Viper-192,Viper-192,192,REF,Reference,arithmetic,poly_mul,3115,1000,ok,codec=scalar use_e8=0 q=4096 k=3 eta_s=3 eta_r=3 t_pk=10 t_u=9 t_v=6 e8_rate=1 e8_alpha=2048 e8_active_blocks=24 msg_bytes=24,992,1088,2200,24
MAMBA-Viper-192,Viper-192,192,REF,Reference,arithmetic,A_times_s,23864,1000,ok,codec=scalar use_e8=0 q=4096 k=3 eta_s=3 eta_r=3 t_pk=10 t_u=9 t_v=6 e8_rate=1 e8_alpha=2048 e8_active_blocks=24 msg_bytes=24,992,1088,2200,24
MAMBA-Viper-192,Viper-192,192,REF,Reference,arithmetic,AT_times_r,23826,1000,ok,codec=scalar use_e8=0 q=4096 k=3 eta_s=3 eta_r=3 t_pk=10 t_u=9 t_v=6 e8_rate=1 e8_alpha=2048 e8_active_blocks=24 msg_bytes=24,992,1088,2200,24
MAMBA-Viper-192,Viper-192,192,REF,Reference,arithmetic,bhatT_times_r,7942,1000,ok,codec=scalar use_e8=0 q=4096 k=3 eta_s=3 eta_r=3 t_pk=10 t_u=9 t_v=6 e8_rate=1 e8_alpha=2048 e8_active_blocks=24 msg_bytes=24,992,1088,2200,24
MAMBA-Viper-192,Viper-192,192,REF,Reference,arithmetic,sT_times_u,7942,1000,ok,codec=scalar use_e8=0 q=4096 k=3 eta_s=3 eta_r=3 t_pk=10 t_u=9 t_v=6 e8_rate=1 e8_alpha=2048 e8_active_blocks=24 msg_bytes=24,992,1088,2200,24
MAMBA-Viper-192,Viper-192,192,REF,Reference,KEM,KEM_KeyGen,86108,1000,ok,codec=E8 use_e8=1 q=4096 k=3 eta_s=3 eta_r=3 t_pk=10 t_u=9 t_v=6 e8_rate=1 e8_alpha=2048 e8_active_blocks=24 msg_bytes=24,992,1088,2200,24
MAMBA-Viper-192,Viper-192,192,REF,Reference,KEM,KEM_Encaps,116052,1000,ok,codec=E8 use_e8=1 q=4096 k=3 eta_s=3 eta_r=3 t_pk=10 t_u=9 t_v=6 e8_rate=1 e8_alpha=2048 e8_active_blocks=24 msg_bytes=24,992,1088,2200,24
MAMBA-Viper-192,Viper-192,192,REF,Reference,KEM,KEM_Decaps,120649,1000,ok,codec=E8 use_e8=1 q=4096 k=3 eta_s=3 eta_r=3 t_pk=10 t_u=9 t_v=6 e8_rate=1 e8_alpha=2048 e8_active_blocks=24 msg_bytes=24,992,1088,2200,24
MAMBA-Viper-192,Viper-192,192,REF,Reference,PKE,PKE_KeyGen,67526,1000,ok,codec=E8 use_e8=1 q=4096 k=3 eta_s=3 eta_r=3 t_pk=10 t_u=9 t_v=6 e8_rate=1 e8_alpha=2048 e8_active_blocks=24 msg_bytes=24,992,1088,2200,24
MAMBA-Viper-192,Viper-192,192,REF,Reference,PKE,PKE_Enc,91200,1000,ok,codec=E8 use_e8=1 q=4096 k=3 eta_s=3 eta_r=3 t_pk=10 t_u=9 t_v=6 e8_rate=1 e8_alpha=2048 e8_active_blocks=24 msg_bytes=24,992,1088,2200,24
MAMBA-Viper-192,Viper-192,192,REF,Reference,PKE,PKE_Dec,19646,1000,ok,codec=E8 use_e8=1 q=4096 k=3 eta_s=3 eta_r=3 t_pk=10 t_u=9 t_v=6 e8_rate=1 e8_alpha=2048 e8_active_blocks=24 msg_bytes=24,992,1088,2200,24
MAMBA-Viper-192,Viper-192,192,REF,Reference,message_codec,msg_encode,11438,1000,ok,codec=E8 use_e8=1 q=4096 k=3 eta_s=3 eta_r=3 t_pk=10 t_u=9 t_v=6 e8_rate=1 e8_alpha=2048 e8_active_blocks=24 msg_bytes=24,992,1088,2200,24
MAMBA-Viper-192,Viper-192,192,REF,Reference,message_codec,msg_decode,2963,1000,ok,codec=E8 use_e8=1 q=4096 k=3 eta_s=3 eta_r=3 t_pk=10 t_u=9 t_v=6 e8_rate=1 e8_alpha=2048 e8_active_blocks=24 msg_bytes=24,992,1088,2200,24
MAMBA-Viper-192,Viper-192,192,REF,Reference,arithmetic,poly_mul,2736,1000,ok,codec=E8 use_e8=1 q=4096 k=3 eta_s=3 eta_r=3 t_pk=10 t_u=9 t_v=6 e8_rate=1 e8_alpha=2048 e8_active_blocks=24 msg_bytes=24,992,1088,2200,24
MAMBA-Viper-192,Viper-192,192,REF,Reference,arithmetic,A_times_s,24167,1000,ok,codec=E8 use_e8=1 q=4096 k=3 eta_s=3 eta_r=3 t_pk=10 t_u=9 t_v=6 e8_rate=1 e8_alpha=2048 e8_active_blocks=24 msg_bytes=24,992,1088,2200,24
MAMBA-Viper-192,Viper-192,192,REF,Reference,arithmetic,AT_times_r,24205,1000,ok,codec=E8 use_e8=1 q=4096 k=3 eta_s=3 eta_r=3 t_pk=10 t_u=9 t_v=6 e8_rate=1 e8_alpha=2048 e8_active_blocks=24 msg_bytes=24,992,1088,2200,24
MAMBA-Viper-192,Viper-192,192,REF,Reference,arithmetic,bhatT_times_r,8132,1000,ok,codec=E8 use_e8=1 q=4096 k=3 eta_s=3 eta_r=3 t_pk=10 t_u=9 t_v=6 e8_rate=1 e8_alpha=2048 e8_active_blocks=24 msg_bytes=24,992,1088,2200,24
MAMBA-Viper-192,Viper-192,192,REF,Reference,arithmetic,sT_times_u,8132,1000,ok,codec=E8 use_e8=1 q=4096 k=3 eta_s=3 eta_r=3 t_pk=10 t_u=9 t_v=6 e8_rate=1 e8_alpha=2048 e8_active_blocks=24 msg_bytes=24,992,1088,2200,24
MAMBA-Viper-192,Viper-192,192,AVX2_DEFAULT,AVX2,KEM,KEM_KeyGen,53009,1000,ok,codec=scalar use_e8=0 q=4096 k=3 eta_s=3 eta_r=3 t_pk=10 t_u=9 t_v=6 e8_rate=1 e8_alpha=2048 e8_active_blocks=24 msg_bytes=24,992,1088,2200,24
MAMBA-Viper-192,Viper-192,192,AVX2_DEFAULT,AVX2,KEM,KEM_Encaps,61141,1000,ok,codec=scalar use_e8=0 q=4096 k=3 eta_s=3 eta_r=3 t_pk=10 t_u=9 t_v=6 e8_rate=1 e8_alpha=2048 e8_active_blocks=24 msg_bytes=24,992,1088,2200,24
MAMBA-Viper-192,Viper-192,192,AVX2_DEFAULT,AVX2,KEM,KEM_Decaps,60192,1000,ok,codec=scalar use_e8=0 q=4096 k=3 eta_s=3 eta_r=3 t_pk=10 t_u=9 t_v=6 e8_rate=1 e8_alpha=2048 e8_active_blocks=24 msg_bytes=24,992,1088,2200,24
MAMBA-Viper-192,Viper-192,192,AVX2_DEFAULT,AVX2,PKE,PKE_KeyGen,34465,1000,ok,codec=scalar use_e8=0 q=4096 k=3 eta_s=3 eta_r=3 t_pk=10 t_u=9 t_v=6 e8_rate=1 e8_alpha=2048 e8_active_blocks=24 msg_bytes=24,992,1088,2200,24
MAMBA-Viper-192,Viper-192,192,AVX2_DEFAULT,AVX2,PKE,PKE_Enc,40621,1000,ok,codec=scalar use_e8=0 q=4096 k=3 eta_s=3 eta_r=3 t_pk=10 t_u=9 t_v=6 e8_rate=1 e8_alpha=2048 e8_active_blocks=24 msg_bytes=24,992,1088,2200,24
MAMBA-Viper-192,Viper-192,192,AVX2_DEFAULT,AVX2,PKE,PKE_Dec,10906,1000,ok,codec=scalar use_e8=0 q=4096 k=3 eta_s=3 eta_r=3 t_pk=10 t_u=9 t_v=6 e8_rate=1 e8_alpha=2048 e8_active_blocks=24 msg_bytes=24,992,1088,2200,24
MAMBA-Viper-192,Viper-192,192,AVX2_DEFAULT,AVX2,message_codec,msg_encode,303,1000,ok,codec=scalar use_e8=0 q=4096 k=3 eta_s=3 eta_r=3 t_pk=10 t_u=9 t_v=6 e8_rate=1 e8_alpha=2048 e8_active_blocks=24 msg_bytes=24,992,1088,2200,24
MAMBA-Viper-192,Viper-192,192,AVX2_DEFAULT,AVX2,message_codec,msg_decode,531,1000,ok,codec=scalar use_e8=0 q=4096 k=3 eta_s=3 eta_r=3 t_pk=10 t_u=9 t_v=6 e8_rate=1 e8_alpha=2048 e8_active_blocks=24 msg_bytes=24,992,1088,2200,24
MAMBA-Viper-192,Viper-192,192,AVX2_DEFAULT,AVX2,arithmetic,poly_mul,988,1000,ok,codec=scalar use_e8=0 q=4096 k=3 eta_s=3 eta_r=3 t_pk=10 t_u=9 t_v=6 e8_rate=1 e8_alpha=2048 e8_active_blocks=24 msg_bytes=24,992,1088,2200,24
MAMBA-Viper-192,Viper-192,192,AVX2_DEFAULT,AVX2,arithmetic,A_times_s,5928,1000,ok,codec=scalar use_e8=0 q=4096 k=3 eta_s=3 eta_r=3 t_pk=10 t_u=9 t_v=6 e8_rate=1 e8_alpha=2048 e8_active_blocks=24 msg_bytes=24,992,1088,2200,24
MAMBA-Viper-192,Viper-192,192,AVX2_DEFAULT,AVX2,arithmetic,AT_times_r,5928,1000,ok,codec=scalar use_e8=0 q=4096 k=3 eta_s=3 eta_r=3 t_pk=10 t_u=9 t_v=6 e8_rate=1 e8_alpha=2048 e8_active_blocks=24 msg_bytes=24,992,1088,2200,24
MAMBA-Viper-192,Viper-192,192,AVX2_DEFAULT,AVX2,arithmetic,bhatT_times_r,2241,1000,ok,codec=scalar use_e8=0 q=4096 k=3 eta_s=3 eta_r=3 t_pk=10 t_u=9 t_v=6 e8_rate=1 e8_alpha=2048 e8_active_blocks=24 msg_bytes=24,992,1088,2200,24
MAMBA-Viper-192,Viper-192,192,AVX2_DEFAULT,AVX2,arithmetic,sT_times_u,2241,1000,ok,codec=scalar use_e8=0 q=4096 k=3 eta_s=3 eta_r=3 t_pk=10 t_u=9 t_v=6 e8_rate=1 e8_alpha=2048 e8_active_blocks=24 msg_bytes=24,992,1088,2200,24
MAMBA-Viper-192,Viper-192,192,AVX2_DEFAULT,AVX2,KEM,KEM_KeyGen,54036,1000,ok,codec=E8 use_e8=1 q=4096 k=3 eta_s=3 eta_r=3 t_pk=10 t_u=9 t_v=6 e8_rate=1 e8_alpha=2048 e8_active_blocks=24 msg_bytes=24,992,1088,2200,24
MAMBA-Viper-192,Viper-192,192,AVX2_DEFAULT,AVX2,KEM,KEM_Encaps,78127,1000,ok,codec=E8 use_e8=1 q=4096 k=3 eta_s=3 eta_r=3 t_pk=10 t_u=9 t_v=6 e8_rate=1 e8_alpha=2048 e8_active_blocks=24 msg_bytes=24,992,1088,2200,24
MAMBA-Viper-192,Viper-192,192,AVX2_DEFAULT,AVX2,KEM,KEM_Decaps,75962,1000,ok,codec=E8 use_e8=1 q=4096 k=3 eta_s=3 eta_r=3 t_pk=10 t_u=9 t_v=6 e8_rate=1 e8_alpha=2048 e8_active_blocks=24 msg_bytes=24,992,1088,2200,24
MAMBA-Viper-192,Viper-192,192,AVX2_DEFAULT,AVX2,PKE,PKE_KeyGen,35795,1000,ok,codec=E8 use_e8=1 q=4096 k=3 eta_s=3 eta_r=3 t_pk=10 t_u=9 t_v=6 e8_rate=1 e8_alpha=2048 e8_active_blocks=24 msg_bytes=24,992,1088,2200,24
MAMBA-Viper-192,Viper-192,192,AVX2_DEFAULT,AVX2,PKE,PKE_Enc,52174,1000,ok,codec=E8 use_e8=1 q=4096 k=3 eta_s=3 eta_r=3 t_pk=10 t_u=9 t_v=6 e8_rate=1 e8_alpha=2048 e8_active_blocks=24 msg_bytes=24,992,1088,2200,24
MAMBA-Viper-192,Viper-192,192,AVX2_DEFAULT,AVX2,PKE,PKE_Dec,14249,1000,ok,codec=E8 use_e8=1 q=4096 k=3 eta_s=3 eta_r=3 t_pk=10 t_u=9 t_v=6 e8_rate=1 e8_alpha=2048 e8_active_blocks=24 msg_bytes=24,992,1088,2200,24
MAMBA-Viper-192,Viper-192,192,AVX2_DEFAULT,AVX2,message_codec,msg_encode,11818,1000,ok,codec=E8 use_e8=1 q=4096 k=3 eta_s=3 eta_r=3 t_pk=10 t_u=9 t_v=6 e8_rate=1 e8_alpha=2048 e8_active_blocks=24 msg_bytes=24,992,1088,2200,24
MAMBA-Viper-192,Viper-192,192,AVX2_DEFAULT,AVX2,message_codec,msg_decode,2963,1000,ok,codec=E8 use_e8=1 q=4096 k=3 eta_s=3 eta_r=3 t_pk=10 t_u=9 t_v=6 e8_rate=1 e8_alpha=2048 e8_active_blocks=24 msg_bytes=24,992,1088,2200,24
MAMBA-Viper-192,Viper-192,192,AVX2_DEFAULT,AVX2,arithmetic,poly_mul,874,1000,ok,codec=E8 use_e8=1 q=4096 k=3 eta_s=3 eta_r=3 t_pk=10 t_u=9 t_v=6 e8_rate=1 e8_alpha=2048 e8_active_blocks=24 msg_bytes=24,992,1088,2200,24
MAMBA-Viper-192,Viper-192,192,AVX2_DEFAULT,AVX2,arithmetic,A_times_s,5928,1000,ok,codec=E8 use_e8=1 q=4096 k=3 eta_s=3 eta_r=3 t_pk=10 t_u=9 t_v=6 e8_rate=1 e8_alpha=2048 e8_active_blocks=24 msg_bytes=24,992,1088,2200,24
MAMBA-Viper-192,Viper-192,192,AVX2_DEFAULT,AVX2,arithmetic,AT_times_r,5928,1000,ok,codec=E8 use_e8=1 q=4096 k=3 eta_s=3 eta_r=3 t_pk=10 t_u=9 t_v=6 e8_rate=1 e8_alpha=2048 e8_active_blocks=24 msg_bytes=24,992,1088,2200,24
MAMBA-Viper-192,Viper-192,192,AVX2_DEFAULT,AVX2,arithmetic,bhatT_times_r,2204,1000,ok,codec=E8 use_e8=1 q=4096 k=3 eta_s=3 eta_r=3 t_pk=10 t_u=9 t_v=6 e8_rate=1 e8_alpha=2048 e8_active_blocks=24 msg_bytes=24,992,1088,2200,24
MAMBA-Viper-192,Viper-192,192,AVX2_DEFAULT,AVX2,arithmetic,sT_times_u,2241,1000,ok,codec=E8 use_e8=1 q=4096 k=3 eta_s=3 eta_r=3 t_pk=10 t_u=9 t_v=6 e8_rate=1 e8_alpha=2048 e8_active_blocks=24 msg_bytes=24,992,1088,2200,24
MAMBA-Viper-192,Viper-192,192,AVX2_TCHES2021_NTT,AVX2,KEM,KEM_KeyGen,52972,1000,ok,codec=scalar use_e8=0 q=4096 k=3 eta_s=3 eta_r=3 t_pk=10 t_u=9 t_v=6 e8_rate=1 e8_alpha=2048 e8_active_blocks=24 msg_bytes=24 auxiliary-prime-CRT-NTT,992,1088,2200,24
MAMBA-Viper-192,Viper-192,192,AVX2_TCHES2021_NTT,AVX2,KEM,KEM_Encaps,60686,1000,ok,codec=scalar use_e8=0 q=4096 k=3 eta_s=3 eta_r=3 t_pk=10 t_u=9 t_v=6 e8_rate=1 e8_alpha=2048 e8_active_blocks=24 msg_bytes=24 auxiliary-prime-CRT-NTT,992,1088,2200,24
MAMBA-Viper-192,Viper-192,192,AVX2_TCHES2021_NTT,AVX2,KEM,KEM_Decaps,59469,1000,ok,codec=scalar use_e8=0 q=4096 k=3 eta_s=3 eta_r=3 t_pk=10 t_u=9 t_v=6 e8_rate=1 e8_alpha=2048 e8_active_blocks=24 msg_bytes=24 auxiliary-prime-CRT-NTT,992,1088,2200,24
MAMBA-Viper-192,Viper-192,192,AVX2_TCHES2021_NTT,AVX2,PKE,PKE_KeyGen,34466,1000,ok,codec=scalar use_e8=0 q=4096 k=3 eta_s=3 eta_r=3 t_pk=10 t_u=9 t_v=6 e8_rate=1 e8_alpha=2048 e8_active_blocks=24 msg_bytes=24 auxiliary-prime-CRT-NTT,992,1088,2200,24
MAMBA-Viper-192,Viper-192,192,AVX2_TCHES2021_NTT,AVX2,PKE,PKE_Enc,40279,1000,ok,codec=scalar use_e8=0 q=4096 k=3 eta_s=3 eta_r=3 t_pk=10 t_u=9 t_v=6 e8_rate=1 e8_alpha=2048 e8_active_blocks=24 msg_bytes=24 auxiliary-prime-CRT-NTT,992,1088,2200,24
MAMBA-Viper-192,Viper-192,192,AVX2_TCHES2021_NTT,AVX2,PKE,PKE_Dec,10640,1000,ok,codec=scalar use_e8=0 q=4096 k=3 eta_s=3 eta_r=3 t_pk=10 t_u=9 t_v=6 e8_rate=1 e8_alpha=2048 e8_active_blocks=24 msg_bytes=24 auxiliary-prime-CRT-NTT,992,1088,2200,24
MAMBA-Viper-192,Viper-192,192,AVX2_TCHES2021_NTT,AVX2,message_codec,msg_encode,266,1000,ok,codec=scalar use_e8=0 q=4096 k=3 eta_s=3 eta_r=3 t_pk=10 t_u=9 t_v=6 e8_rate=1 e8_alpha=2048 e8_active_blocks=24 msg_bytes=24 auxiliary-prime-CRT-NTT,992,1088,2200,24
MAMBA-Viper-192,Viper-192,192,AVX2_TCHES2021_NTT,AVX2,message_codec,msg_decode,380,1000,ok,codec=scalar use_e8=0 q=4096 k=3 eta_s=3 eta_r=3 t_pk=10 t_u=9 t_v=6 e8_rate=1 e8_alpha=2048 e8_active_blocks=24 msg_bytes=24 auxiliary-prime-CRT-NTT,992,1088,2200,24
MAMBA-Viper-192,Viper-192,192,AVX2_TCHES2021_NTT,AVX2,arithmetic,poly_mul,1026,1000,ok,codec=scalar use_e8=0 q=4096 k=3 eta_s=3 eta_r=3 t_pk=10 t_u=9 t_v=6 e8_rate=1 e8_alpha=2048 e8_active_blocks=24 msg_bytes=24 auxiliary-prime-CRT-NTT,992,1088,2200,24
MAMBA-Viper-192,Viper-192,192,AVX2_TCHES2021_NTT,AVX2,arithmetic,A_times_s,5320,1000,ok,codec=scalar use_e8=0 q=4096 k=3 eta_s=3 eta_r=3 t_pk=10 t_u=9 t_v=6 e8_rate=1 e8_alpha=2048 e8_active_blocks=24 msg_bytes=24 auxiliary-prime-CRT-NTT,992,1088,2200,24
MAMBA-Viper-192,Viper-192,192,AVX2_TCHES2021_NTT,AVX2,arithmetic,AT_times_r,5320,1000,ok,codec=scalar use_e8=0 q=4096 k=3 eta_s=3 eta_r=3 t_pk=10 t_u=9 t_v=6 e8_rate=1 e8_alpha=2048 e8_active_blocks=24 msg_bytes=24 auxiliary-prime-CRT-NTT,992,1088,2200,24
MAMBA-Viper-192,Viper-192,192,AVX2_TCHES2021_NTT,AVX2,arithmetic,bhatT_times_r,2432,1000,ok,codec=scalar use_e8=0 q=4096 k=3 eta_s=3 eta_r=3 t_pk=10 t_u=9 t_v=6 e8_rate=1 e8_alpha=2048 e8_active_blocks=24 msg_bytes=24 auxiliary-prime-CRT-NTT,992,1088,2200,24
MAMBA-Viper-192,Viper-192,192,AVX2_TCHES2021_NTT,AVX2,arithmetic,sT_times_u,2432,1000,ok,codec=scalar use_e8=0 q=4096 k=3 eta_s=3 eta_r=3 t_pk=10 t_u=9 t_v=6 e8_rate=1 e8_alpha=2048 e8_active_blocks=24 msg_bytes=24 auxiliary-prime-CRT-NTT,992,1088,2200,24
MAMBA-Viper-192,Viper-192,192,AVX2_TCHES2021_NTT,AVX2,KEM,KEM_KeyGen,52820,1000,ok,codec=E8 use_e8=1 q=4096 k=3 eta_s=3 eta_r=3 t_pk=10 t_u=9 t_v=6 e8_rate=1 e8_alpha=2048 e8_active_blocks=24 msg_bytes=24 auxiliary-prime-CRT-NTT,992,1088,2200,24
MAMBA-Viper-192,Viper-192,192,AVX2_TCHES2021_NTT,AVX2,KEM,KEM_Encaps,77178,1000,ok,codec=E8 use_e8=1 q=4096 k=3 eta_s=3 eta_r=3 t_pk=10 t_u=9 t_v=6 e8_rate=1 e8_alpha=2048 e8_active_blocks=24 msg_bytes=24 auxiliary-prime-CRT-NTT,992,1088,2200,24
MAMBA-Viper-192,Viper-192,192,AVX2_TCHES2021_NTT,AVX2,KEM,KEM_Decaps,75620,1000,ok,codec=E8 use_e8=1 q=4096 k=3 eta_s=3 eta_r=3 t_pk=10 t_u=9 t_v=6 e8_rate=1 e8_alpha=2048 e8_active_blocks=24 msg_bytes=24 auxiliary-prime-CRT-NTT,992,1088,2200,24
MAMBA-Viper-192,Viper-192,192,AVX2_TCHES2021_NTT,AVX2,PKE,PKE_KeyGen,34466,1000,ok,codec=E8 use_e8=1 q=4096 k=3 eta_s=3 eta_r=3 t_pk=10 t_u=9 t_v=6 e8_rate=1 e8_alpha=2048 e8_active_blocks=24 msg_bytes=24 auxiliary-prime-CRT-NTT,992,1088,2200,24
MAMBA-Viper-192,Viper-192,192,AVX2_TCHES2021_NTT,AVX2,PKE,PKE_Enc,50995,1000,ok,codec=E8 use_e8=1 q=4096 k=3 eta_s=3 eta_r=3 t_pk=10 t_u=9 t_v=6 e8_rate=1 e8_alpha=2048 e8_active_blocks=24 msg_bytes=24 auxiliary-prime-CRT-NTT,992,1088,2200,24
MAMBA-Viper-192,Viper-192,192,AVX2_TCHES2021_NTT,AVX2,PKE,PKE_Dec,14097,1000,ok,codec=E8 use_e8=1 q=4096 k=3 eta_s=3 eta_r=3 t_pk=10 t_u=9 t_v=6 e8_rate=1 e8_alpha=2048 e8_active_blocks=24 msg_bytes=24 auxiliary-prime-CRT-NTT,992,1088,2200,24
MAMBA-Viper-192,Viper-192,192,AVX2_TCHES2021_NTT,AVX2,message_codec,msg_encode,11020,1000,ok,codec=E8 use_e8=1 q=4096 k=3 eta_s=3 eta_r=3 t_pk=10 t_u=9 t_v=6 e8_rate=1 e8_alpha=2048 e8_active_blocks=24 msg_bytes=24 auxiliary-prime-CRT-NTT,992,1088,2200,24
MAMBA-Viper-192,Viper-192,192,AVX2_TCHES2021_NTT,AVX2,message_codec,msg_decode,2963,1000,ok,codec=E8 use_e8=1 q=4096 k=3 eta_s=3 eta_r=3 t_pk=10 t_u=9 t_v=6 e8_rate=1 e8_alpha=2048 e8_active_blocks=24 msg_bytes=24 auxiliary-prime-CRT-NTT,992,1088,2200,24
MAMBA-Viper-192,Viper-192,192,AVX2_TCHES2021_NTT,AVX2,arithmetic,poly_mul,1026,1000,ok,codec=E8 use_e8=1 q=4096 k=3 eta_s=3 eta_r=3 t_pk=10 t_u=9 t_v=6 e8_rate=1 e8_alpha=2048 e8_active_blocks=24 msg_bytes=24 auxiliary-prime-CRT-NTT,992,1088,2200,24
MAMBA-Viper-192,Viper-192,192,AVX2_TCHES2021_NTT,AVX2,arithmetic,A_times_s,5358,1000,ok,codec=E8 use_e8=1 q=4096 k=3 eta_s=3 eta_r=3 t_pk=10 t_u=9 t_v=6 e8_rate=1 e8_alpha=2048 e8_active_blocks=24 msg_bytes=24 auxiliary-prime-CRT-NTT,992,1088,2200,24
MAMBA-Viper-192,Viper-192,192,AVX2_TCHES2021_NTT,AVX2,arithmetic,AT_times_r,5320,1000,ok,codec=E8 use_e8=1 q=4096 k=3 eta_s=3 eta_r=3 t_pk=10 t_u=9 t_v=6 e8_rate=1 e8_alpha=2048 e8_active_blocks=24 msg_bytes=24 auxiliary-prime-CRT-NTT,992,1088,2200,24
MAMBA-Viper-192,Viper-192,192,AVX2_TCHES2021_NTT,AVX2,arithmetic,bhatT_times_r,2394,1000,ok,codec=E8 use_e8=1 q=4096 k=3 eta_s=3 eta_r=3 t_pk=10 t_u=9 t_v=6 e8_rate=1 e8_alpha=2048 e8_active_blocks=24 msg_bytes=24 auxiliary-prime-CRT-NTT,992,1088,2200,24
MAMBA-Viper-192,Viper-192,192,AVX2_TCHES2021_NTT,AVX2,arithmetic,sT_times_u,2394,1000,ok,codec=E8 use_e8=1 q=4096 k=3 eta_s=3 eta_r=3 t_pk=10 t_u=9 t_v=6 e8_rate=1 e8_alpha=2048 e8_active_blocks=24 msg_bytes=24 auxiliary-prime-CRT-NTT,992,1088,2200,24
MAMBA-Viper-256,Viper-256,256,REF,Reference,KEM,KEM_KeyGen,135888,1000,ok,codec=scalar use_e8=0 q=4096 k=4 eta_s=3 eta_r=3 t_pk=10 t_u=10 t_v=5 e8_rate=1 e8_alpha=2048 e8_active_blocks=32 msg_bytes=32,1312,1472,2912,32
MAMBA-Viper-256,Viper-256,256,REF,Reference,KEM,KEM_Encaps,153405,1000,ok,codec=scalar use_e8=0 q=4096 k=4 eta_s=3 eta_r=3 t_pk=10 t_u=10 t_v=5 e8_rate=1 e8_alpha=2048 e8_active_blocks=32 msg_bytes=32,1312,1472,2912,32
MAMBA-Viper-256,Viper-256,256,REF,Reference,KEM,KEM_Decaps,159258,1000,ok,codec=scalar use_e8=0 q=4096 k=4 eta_s=3 eta_r=3 t_pk=10 t_u=10 t_v=5 e8_rate=1 e8_alpha=2048 e8_active_blocks=32 msg_bytes=32,1312,1472,2912,32
MAMBA-Viper-256,Viper-256,256,REF,Reference,PKE,PKE_KeyGen,114608,1000,ok,codec=scalar use_e8=0 q=4096 k=4 eta_s=3 eta_r=3 t_pk=10 t_u=10 t_v=5 e8_rate=1 e8_alpha=2048 e8_active_blocks=32 msg_bytes=32,1312,1472,2912,32
MAMBA-Viper-256,Viper-256,256,REF,Reference,PKE,PKE_Enc,129048,1000,ok,codec=scalar use_e8=0 q=4096 k=4 eta_s=3 eta_r=3 t_pk=10 t_u=10 t_v=5 e8_rate=1 e8_alpha=2048 e8_active_blocks=32 msg_bytes=32,1312,1472,2912,32
MAMBA-Viper-256,Viper-256,256,REF,Reference,PKE,PKE_Dec,19760,1000,ok,codec=scalar use_e8=0 q=4096 k=4 eta_s=3 eta_r=3 t_pk=10 t_u=10 t_v=5 e8_rate=1 e8_alpha=2048 e8_active_blocks=32 msg_bytes=32,1312,1472,2912,32
MAMBA-Viper-256,Viper-256,256,REF,Reference,message_codec,msg_encode,380,1000,ok,codec=scalar use_e8=0 q=4096 k=4 eta_s=3 eta_r=3 t_pk=10 t_u=10 t_v=5 e8_rate=1 e8_alpha=2048 e8_active_blocks=32 msg_bytes=32,1312,1472,2912,32
MAMBA-Viper-256,Viper-256,256,REF,Reference,message_codec,msg_decode,684,1000,ok,codec=scalar use_e8=0 q=4096 k=4 eta_s=3 eta_r=3 t_pk=10 t_u=10 t_v=5 e8_rate=1 e8_alpha=2048 e8_active_blocks=32 msg_bytes=32,1312,1472,2912,32
MAMBA-Viper-256,Viper-256,256,REF,Reference,arithmetic,poly_mul,2660,1000,ok,codec=scalar use_e8=0 q=4096 k=4 eta_s=3 eta_r=3 t_pk=10 t_u=10 t_v=5 e8_rate=1 e8_alpha=2048 e8_active_blocks=32 msg_bytes=32,1312,1472,2912,32
MAMBA-Viper-256,Viper-256,256,REF,Reference,arithmetic,A_times_s,42446,1000,ok,codec=scalar use_e8=0 q=4096 k=4 eta_s=3 eta_r=3 t_pk=10 t_u=10 t_v=5 e8_rate=1 e8_alpha=2048 e8_active_blocks=32 msg_bytes=32,1312,1472,2912,32
MAMBA-Viper-256,Viper-256,256,REF,Reference,arithmetic,AT_times_r,42484,1000,ok,codec=scalar use_e8=0 q=4096 k=4 eta_s=3 eta_r=3 t_pk=10 t_u=10 t_v=5 e8_rate=1 e8_alpha=2048 e8_active_blocks=32 msg_bytes=32,1312,1472,2912,32
MAMBA-Viper-256,Viper-256,256,REF,Reference,arithmetic,bhatT_times_r,10601,1000,ok,codec=scalar use_e8=0 q=4096 k=4 eta_s=3 eta_r=3 t_pk=10 t_u=10 t_v=5 e8_rate=1 e8_alpha=2048 e8_active_blocks=32 msg_bytes=32,1312,1472,2912,32
MAMBA-Viper-256,Viper-256,256,REF,Reference,arithmetic,sT_times_u,10602,1000,ok,codec=scalar use_e8=0 q=4096 k=4 eta_s=3 eta_r=3 t_pk=10 t_u=10 t_v=5 e8_rate=1 e8_alpha=2048 e8_active_blocks=32 msg_bytes=32,1312,1472,2912,32
MAMBA-Viper-256,Viper-256,256,REF,Reference,KEM,KEM_KeyGen,135470,1000,ok,codec=E8 use_e8=1 q=4096 k=4 eta_s=3 eta_r=3 t_pk=10 t_u=10 t_v=5 e8_rate=1 e8_alpha=2048 e8_active_blocks=32 msg_bytes=32,1312,1472,2912,32
MAMBA-Viper-256,Viper-256,256,REF,Reference,KEM,KEM_Encaps,174381,1000,ok,codec=E8 use_e8=1 q=4096 k=4 eta_s=3 eta_r=3 t_pk=10 t_u=10 t_v=5 e8_rate=1 e8_alpha=2048 e8_active_blocks=32 msg_bytes=32,1312,1472,2912,32
MAMBA-Viper-256,Viper-256,256,REF,Reference,KEM,KEM_Decaps,178752,1000,ok,codec=E8 use_e8=1 q=4096 k=4 eta_s=3 eta_r=3 t_pk=10 t_u=10 t_v=5 e8_rate=1 e8_alpha=2048 e8_active_blocks=32 msg_bytes=32,1312,1472,2912,32
MAMBA-Viper-256,Viper-256,256,REF,Reference,PKE,PKE_KeyGen,114608,1000,ok,codec=E8 use_e8=1 q=4096 k=4 eta_s=3 eta_r=3 t_pk=10 t_u=10 t_v=5 e8_rate=1 e8_alpha=2048 e8_active_blocks=32 msg_bytes=32,1312,1472,2912,32
MAMBA-Viper-256,Viper-256,256,REF,Reference,PKE,PKE_Enc,145008,1000,ok,codec=E8 use_e8=1 q=4096 k=4 eta_s=3 eta_r=3 t_pk=10 t_u=10 t_v=5 e8_rate=1 e8_alpha=2048 e8_active_blocks=32 msg_bytes=32,1312,1472,2912,32
MAMBA-Viper-256,Viper-256,256,REF,Reference,PKE,PKE_Dec,24054,1000,ok,codec=E8 use_e8=1 q=4096 k=4 eta_s=3 eta_r=3 t_pk=10 t_u=10 t_v=5 e8_rate=1 e8_alpha=2048 e8_active_blocks=32 msg_bytes=32,1312,1472,2912,32
MAMBA-Viper-256,Viper-256,256,REF,Reference,message_codec,msg_encode,15655,1000,ok,codec=E8 use_e8=1 q=4096 k=4 eta_s=3 eta_r=3 t_pk=10 t_u=10 t_v=5 e8_rate=1 e8_alpha=2048 e8_active_blocks=32 msg_bytes=32,1312,1472,2912,32
MAMBA-Viper-256,Viper-256,256,REF,Reference,message_codec,msg_decode,3952,1000,ok,codec=E8 use_e8=1 q=4096 k=4 eta_s=3 eta_r=3 t_pk=10 t_u=10 t_v=5 e8_rate=1 e8_alpha=2048 e8_active_blocks=32 msg_bytes=32,1312,1472,2912,32
MAMBA-Viper-256,Viper-256,256,REF,Reference,arithmetic,poly_mul,2660,1000,ok,codec=E8 use_e8=1 q=4096 k=4 eta_s=3 eta_r=3 t_pk=10 t_u=10 t_v=5 e8_rate=1 e8_alpha=2048 e8_active_blocks=32 msg_bytes=32,1312,1472,2912,32
MAMBA-Viper-256,Viper-256,256,REF,Reference,arithmetic,A_times_s,42332,1000,ok,codec=E8 use_e8=1 q=4096 k=4 eta_s=3 eta_r=3 t_pk=10 t_u=10 t_v=5 e8_rate=1 e8_alpha=2048 e8_active_blocks=32 msg_bytes=32,1312,1472,2912,32
MAMBA-Viper-256,Viper-256,256,REF,Reference,arithmetic,AT_times_r,42408,1000,ok,codec=E8 use_e8=1 q=4096 k=4 eta_s=3 eta_r=3 t_pk=10 t_u=10 t_v=5 e8_rate=1 e8_alpha=2048 e8_active_blocks=32 msg_bytes=32,1312,1472,2912,32
MAMBA-Viper-256,Viper-256,256,REF,Reference,arithmetic,bhatT_times_r,10564,1000,ok,codec=E8 use_e8=1 q=4096 k=4 eta_s=3 eta_r=3 t_pk=10 t_u=10 t_v=5 e8_rate=1 e8_alpha=2048 e8_active_blocks=32 msg_bytes=32,1312,1472,2912,32
MAMBA-Viper-256,Viper-256,256,REF,Reference,arithmetic,sT_times_u,12464,1000,ok,codec=E8 use_e8=1 q=4096 k=4 eta_s=3 eta_r=3 t_pk=10 t_u=10 t_v=5 e8_rate=1 e8_alpha=2048 e8_active_blocks=32 msg_bytes=32,1312,1472,2912,32
MAMBA-Viper-256,Viper-256,256,AVX2_DEFAULT,AVX2,KEM,KEM_KeyGen,70527,1000,ok,codec=scalar use_e8=0 q=4096 k=4 eta_s=3 eta_r=3 t_pk=10 t_u=10 t_v=5 e8_rate=1 e8_alpha=2048 e8_active_blocks=32 msg_bytes=32,1312,1472,2912,32
MAMBA-Viper-256,Viper-256,256,AVX2_DEFAULT,AVX2,KEM,KEM_Encaps,79305,1000,ok,codec=scalar use_e8=0 q=4096 k=4 eta_s=3 eta_r=3 t_pk=10 t_u=10 t_v=5 e8_rate=1 e8_alpha=2048 e8_active_blocks=32 msg_bytes=32,1312,1472,2912,32
MAMBA-Viper-256,Viper-256,256,AVX2_DEFAULT,AVX2,KEM,KEM_Decaps,78204,1000,ok,codec=scalar use_e8=0 q=4096 k=4 eta_s=3 eta_r=3 t_pk=10 t_u=10 t_v=5 e8_rate=1 e8_alpha=2048 e8_active_blocks=32 msg_bytes=32,1312,1472,2912,32
MAMBA-Viper-256,Viper-256,256,AVX2_DEFAULT,AVX2,PKE,PKE_KeyGen,50122,1000,ok,codec=scalar use_e8=0 q=4096 k=4 eta_s=3 eta_r=3 t_pk=10 t_u=10 t_v=5 e8_rate=1 e8_alpha=2048 e8_active_blocks=32 msg_bytes=32,1312,1472,2912,32
MAMBA-Viper-256,Viper-256,256,AVX2_DEFAULT,AVX2,PKE,PKE_Enc,55138,1000,ok,codec=scalar use_e8=0 q=4096 k=4 eta_s=3 eta_r=3 t_pk=10 t_u=10 t_v=5 e8_rate=1 e8_alpha=2048 e8_active_blocks=32 msg_bytes=32,1312,1472,2912,32
MAMBA-Viper-256,Viper-256,256,AVX2_DEFAULT,AVX2,PKE,PKE_Dec,14440,1000,ok,codec=scalar use_e8=0 q=4096 k=4 eta_s=3 eta_r=3 t_pk=10 t_u=10 t_v=5 e8_rate=1 e8_alpha=2048 e8_active_blocks=32 msg_bytes=32,1312,1472,2912,32
MAMBA-Viper-256,Viper-256,256,AVX2_DEFAULT,AVX2,message_codec,msg_encode,494,1000,ok,codec=scalar use_e8=0 q=4096 k=4 eta_s=3 eta_r=3 t_pk=10 t_u=10 t_v=5 e8_rate=1 e8_alpha=2048 e8_active_blocks=32 msg_bytes=32,1312,1472,2912,32
MAMBA-Viper-256,Viper-256,256,AVX2_DEFAULT,AVX2,message_codec,msg_decode,684,1000,ok,codec=scalar use_e8=0 q=4096 k=4 eta_s=3 eta_r=3 t_pk=10 t_u=10 t_v=5 e8_rate=1 e8_alpha=2048 e8_active_blocks=32 msg_bytes=32,1312,1472,2912,32
MAMBA-Viper-256,Viper-256,256,AVX2_DEFAULT,AVX2,arithmetic,poly_mul,874,1000,ok,codec=scalar use_e8=0 q=4096 k=4 eta_s=3 eta_r=3 t_pk=10 t_u=10 t_v=5 e8_rate=1 e8_alpha=2048 e8_active_blocks=32 msg_bytes=32,1312,1472,2912,32
MAMBA-Viper-256,Viper-256,256,AVX2_DEFAULT,AVX2,arithmetic,A_times_s,10070,1000,ok,codec=scalar use_e8=0 q=4096 k=4 eta_s=3 eta_r=3 t_pk=10 t_u=10 t_v=5 e8_rate=1 e8_alpha=2048 e8_active_blocks=32 msg_bytes=32,1312,1472,2912,32
MAMBA-Viper-256,Viper-256,256,AVX2_DEFAULT,AVX2,arithmetic,AT_times_r,10070,1000,ok,codec=scalar use_e8=0 q=4096 k=4 eta_s=3 eta_r=3 t_pk=10 t_u=10 t_v=5 e8_rate=1 e8_alpha=2048 e8_active_blocks=32 msg_bytes=32,1312,1472,2912,32
MAMBA-Viper-256,Viper-256,256,AVX2_DEFAULT,AVX2,arithmetic,bhatT_times_r,2888,1000,ok,codec=scalar use_e8=0 q=4096 k=4 eta_s=3 eta_r=3 t_pk=10 t_u=10 t_v=5 e8_rate=1 e8_alpha=2048 e8_active_blocks=32 msg_bytes=32,1312,1472,2912,32
MAMBA-Viper-256,Viper-256,256,AVX2_DEFAULT,AVX2,arithmetic,sT_times_u,2888,1000,ok,codec=scalar use_e8=0 q=4096 k=4 eta_s=3 eta_r=3 t_pk=10 t_u=10 t_v=5 e8_rate=1 e8_alpha=2048 e8_active_blocks=32 msg_bytes=32,1312,1472,2912,32
MAMBA-Viper-256,Viper-256,256,AVX2_DEFAULT,AVX2,KEM,KEM_KeyGen,70490,1000,ok,codec=E8 use_e8=1 q=4096 k=4 eta_s=3 eta_r=3 t_pk=10 t_u=10 t_v=5 e8_rate=1 e8_alpha=2048 e8_active_blocks=32 msg_bytes=32,1312,1472,2912,32
MAMBA-Viper-256,Viper-256,256,AVX2_DEFAULT,AVX2,KEM,KEM_Encaps,101650,1000,ok,codec=E8 use_e8=1 q=4096 k=4 eta_s=3 eta_r=3 t_pk=10 t_u=10 t_v=5 e8_rate=1 e8_alpha=2048 e8_active_blocks=32 msg_bytes=32,1312,1472,2912,32
MAMBA-Viper-256,Viper-256,256,AVX2_DEFAULT,AVX2,KEM,KEM_Decaps,97850,1000,ok,codec=E8 use_e8=1 q=4096 k=4 eta_s=3 eta_r=3 t_pk=10 t_u=10 t_v=5 e8_rate=1 e8_alpha=2048 e8_active_blocks=32 msg_bytes=32,1312,1472,2912,32
MAMBA-Viper-256,Viper-256,256,AVX2_DEFAULT,AVX2,PKE,PKE_KeyGen,50197,1000,ok,codec=E8 use_e8=1 q=4096 k=4 eta_s=3 eta_r=3 t_pk=10 t_u=10 t_v=5 e8_rate=1 e8_alpha=2048 e8_active_blocks=32 msg_bytes=32,1312,1472,2912,32
MAMBA-Viper-256,Viper-256,256,AVX2_DEFAULT,AVX2,PKE,PKE_Enc,70870,1000,ok,codec=E8 use_e8=1 q=4096 k=4 eta_s=3 eta_r=3 t_pk=10 t_u=10 t_v=5 e8_rate=1 e8_alpha=2048 e8_active_blocks=32 msg_bytes=32,1312,1472,2912,32
MAMBA-Viper-256,Viper-256,256,AVX2_DEFAULT,AVX2,PKE,PKE_Dec,16416,1000,ok,codec=E8 use_e8=1 q=4096 k=4 eta_s=3 eta_r=3 t_pk=10 t_u=10 t_v=5 e8_rate=1 e8_alpha=2048 e8_active_blocks=32 msg_bytes=32,1312,1472,2912,32
MAMBA-Viper-256,Viper-256,256,AVX2_DEFAULT,AVX2,message_codec,msg_encode,15922,1000,ok,codec=E8 use_e8=1 q=4096 k=4 eta_s=3 eta_r=3 t_pk=10 t_u=10 t_v=5 e8_rate=1 e8_alpha=2048 e8_active_blocks=32 msg_bytes=32,1312,1472,2912,32
MAMBA-Viper-256,Viper-256,256,AVX2_DEFAULT,AVX2,message_codec,msg_decode,3952,1000,ok,codec=E8 use_e8=1 q=4096 k=4 eta_s=3 eta_r=3 t_pk=10 t_u=10 t_v=5 e8_rate=1 e8_alpha=2048 e8_active_blocks=32 msg_bytes=32,1312,1472,2912,32
MAMBA-Viper-256,Viper-256,256,AVX2_DEFAULT,AVX2,arithmetic,poly_mul,912,1000,ok,codec=E8 use_e8=1 q=4096 k=4 eta_s=3 eta_r=3 t_pk=10 t_u=10 t_v=5 e8_rate=1 e8_alpha=2048 e8_active_blocks=32 msg_bytes=32,1312,1472,2912,32
MAMBA-Viper-256,Viper-256,256,AVX2_DEFAULT,AVX2,arithmetic,A_times_s,10107,1000,ok,codec=E8 use_e8=1 q=4096 k=4 eta_s=3 eta_r=3 t_pk=10 t_u=10 t_v=5 e8_rate=1 e8_alpha=2048 e8_active_blocks=32 msg_bytes=32,1312,1472,2912,32
MAMBA-Viper-256,Viper-256,256,AVX2_DEFAULT,AVX2,arithmetic,AT_times_r,10070,1000,ok,codec=E8 use_e8=1 q=4096 k=4 eta_s=3 eta_r=3 t_pk=10 t_u=10 t_v=5 e8_rate=1 e8_alpha=2048 e8_active_blocks=32 msg_bytes=32,1312,1472,2912,32
MAMBA-Viper-256,Viper-256,256,AVX2_DEFAULT,AVX2,arithmetic,bhatT_times_r,2887,1000,ok,codec=E8 use_e8=1 q=4096 k=4 eta_s=3 eta_r=3 t_pk=10 t_u=10 t_v=5 e8_rate=1 e8_alpha=2048 e8_active_blocks=32 msg_bytes=32,1312,1472,2912,32
MAMBA-Viper-256,Viper-256,256,AVX2_DEFAULT,AVX2,arithmetic,sT_times_u,2850,1000,ok,codec=E8 use_e8=1 q=4096 k=4 eta_s=3 eta_r=3 t_pk=10 t_u=10 t_v=5 e8_rate=1 e8_alpha=2048 e8_active_blocks=32 msg_bytes=32,1312,1472,2912,32
MAMBA-Viper-256,Viper-256,256,AVX2_TCHES2021_NTT,AVX2,KEM,KEM_KeyGen,68665,1000,ok,codec=scalar use_e8=0 q=4096 k=4 eta_s=3 eta_r=3 t_pk=10 t_u=10 t_v=5 e8_rate=1 e8_alpha=2048 e8_active_blocks=32 msg_bytes=32 auxiliary-prime-CRT-NTT,1312,1472,2912,32
MAMBA-Viper-256,Viper-256,256,AVX2_TCHES2021_NTT,AVX2,KEM,KEM_Encaps,77634,1000,ok,codec=scalar use_e8=0 q=4096 k=4 eta_s=3 eta_r=3 t_pk=10 t_u=10 t_v=5 e8_rate=1 e8_alpha=2048 e8_active_blocks=32 msg_bytes=32 auxiliary-prime-CRT-NTT,1312,1472,2912,32
MAMBA-Viper-256,Viper-256,256,AVX2_TCHES2021_NTT,AVX2,KEM,KEM_Decaps,76380,1000,ok,codec=scalar use_e8=0 q=4096 k=4 eta_s=3 eta_r=3 t_pk=10 t_u=10 t_v=5 e8_rate=1 e8_alpha=2048 e8_active_blocks=32 msg_bytes=32 auxiliary-prime-CRT-NTT,1312,1472,2912,32
MAMBA-Viper-256,Viper-256,256,AVX2_TCHES2021_NTT,AVX2,PKE,PKE_KeyGen,48335,1000,ok,codec=scalar use_e8=0 q=4096 k=4 eta_s=3 eta_r=3 t_pk=10 t_u=10 t_v=5 e8_rate=1 e8_alpha=2048 e8_active_blocks=32 msg_bytes=32 auxiliary-prime-CRT-NTT,1312,1472,2912,32
MAMBA-Viper-256,Viper-256,256,AVX2_TCHES2021_NTT,AVX2,PKE,PKE_Enc,53504,1000,ok,codec=scalar use_e8=0 q=4096 k=4 eta_s=3 eta_r=3 t_pk=10 t_u=10 t_v=5 e8_rate=1 e8_alpha=2048 e8_active_blocks=32 msg_bytes=32 auxiliary-prime-CRT-NTT,1312,1472,2912,32
MAMBA-Viper-256,Viper-256,256,AVX2_TCHES2021_NTT,AVX2,PKE,PKE_Dec,12198,1000,ok,codec=scalar use_e8=0 q=4096 k=4 eta_s=3 eta_r=3 t_pk=10 t_u=10 t_v=5 e8_rate=1 e8_alpha=2048 e8_active_blocks=32 msg_bytes=32 auxiliary-prime-CRT-NTT,1312,1472,2912,32
MAMBA-Viper-256,Viper-256,256,AVX2_TCHES2021_NTT,AVX2,message_codec,msg_encode,380,1000,ok,codec=scalar use_e8=0 q=4096 k=4 eta_s=3 eta_r=3 t_pk=10 t_u=10 t_v=5 e8_rate=1 e8_alpha=2048 e8_active_blocks=32 msg_bytes=32 auxiliary-prime-CRT-NTT,1312,1472,2912,32
MAMBA-Viper-256,Viper-256,256,AVX2_TCHES2021_NTT,AVX2,message_codec,msg_decode,684,1000,ok,codec=scalar use_e8=0 q=4096 k=4 eta_s=3 eta_r=3 t_pk=10 t_u=10 t_v=5 e8_rate=1 e8_alpha=2048 e8_active_blocks=32 msg_bytes=32 auxiliary-prime-CRT-NTT,1312,1472,2912,32
MAMBA-Viper-256,Viper-256,256,AVX2_TCHES2021_NTT,AVX2,arithmetic,poly_mul,1102,1000,ok,codec=scalar use_e8=0 q=4096 k=4 eta_s=3 eta_r=3 t_pk=10 t_u=10 t_v=5 e8_rate=1 e8_alpha=2048 e8_active_blocks=32 msg_bytes=32 auxiliary-prime-CRT-NTT,1312,1472,2912,32
MAMBA-Viper-256,Viper-256,256,AVX2_TCHES2021_NTT,AVX2,arithmetic,A_times_s,8854,1000,ok,codec=scalar use_e8=0 q=4096 k=4 eta_s=3 eta_r=3 t_pk=10 t_u=10 t_v=5 e8_rate=1 e8_alpha=2048 e8_active_blocks=32 msg_bytes=32 auxiliary-prime-CRT-NTT,1312,1472,2912,32
MAMBA-Viper-256,Viper-256,256,AVX2_TCHES2021_NTT,AVX2,arithmetic,AT_times_r,8550,1000,ok,codec=scalar use_e8=0 q=4096 k=4 eta_s=3 eta_r=3 t_pk=10 t_u=10 t_v=5 e8_rate=1 e8_alpha=2048 e8_active_blocks=32 msg_bytes=32 auxiliary-prime-CRT-NTT,1312,1472,2912,32
MAMBA-Viper-256,Viper-256,256,AVX2_TCHES2021_NTT,AVX2,arithmetic,bhatT_times_r,3230,1000,ok,codec=scalar use_e8=0 q=4096 k=4 eta_s=3 eta_r=3 t_pk=10 t_u=10 t_v=5 e8_rate=1 e8_alpha=2048 e8_active_blocks=32 msg_bytes=32 auxiliary-prime-CRT-NTT,1312,1472,2912,32
MAMBA-Viper-256,Viper-256,256,AVX2_TCHES2021_NTT,AVX2,arithmetic,sT_times_u,3078,1000,ok,codec=scalar use_e8=0 q=4096 k=4 eta_s=3 eta_r=3 t_pk=10 t_u=10 t_v=5 e8_rate=1 e8_alpha=2048 e8_active_blocks=32 msg_bytes=32 auxiliary-prime-CRT-NTT,1312,1472,2912,32
MAMBA-Viper-256,Viper-256,256,AVX2_TCHES2021_NTT,AVX2,KEM,KEM_KeyGen,68476,1000,ok,codec=E8 use_e8=1 q=4096 k=4 eta_s=3 eta_r=3 t_pk=10 t_u=10 t_v=5 e8_rate=1 e8_alpha=2048 e8_active_blocks=32 msg_bytes=32 auxiliary-prime-CRT-NTT,1312,1472,2912,32
MAMBA-Viper-256,Viper-256,256,AVX2_TCHES2021_NTT,AVX2,KEM,KEM_Encaps,99484,1000,ok,codec=E8 use_e8=1 q=4096 k=4 eta_s=3 eta_r=3 t_pk=10 t_u=10 t_v=5 e8_rate=1 e8_alpha=2048 e8_active_blocks=32 msg_bytes=32 auxiliary-prime-CRT-NTT,1312,1472,2912,32
MAMBA-Viper-256,Viper-256,256,AVX2_TCHES2021_NTT,AVX2,KEM,KEM_Decaps,96481,1000,ok,codec=E8 use_e8=1 q=4096 k=4 eta_s=3 eta_r=3 t_pk=10 t_u=10 t_v=5 e8_rate=1 e8_alpha=2048 e8_active_blocks=32 msg_bytes=32 auxiliary-prime-CRT-NTT,1312,1472,2912,32
MAMBA-Viper-256,Viper-256,256,AVX2_TCHES2021_NTT,AVX2,PKE,PKE_KeyGen,47727,1000,ok,codec=E8 use_e8=1 q=4096 k=4 eta_s=3 eta_r=3 t_pk=10 t_u=10 t_v=5 e8_rate=1 e8_alpha=2048 e8_active_blocks=32 msg_bytes=32 auxiliary-prime-CRT-NTT,1312,1472,2912,32
MAMBA-Viper-256,Viper-256,256,AVX2_TCHES2021_NTT,AVX2,PKE,PKE_Enc,69312,1000,ok,codec=E8 use_e8=1 q=4096 k=4 eta_s=3 eta_r=3 t_pk=10 t_u=10 t_v=5 e8_rate=1 e8_alpha=2048 e8_active_blocks=32 msg_bytes=32 auxiliary-prime-CRT-NTT,1312,1472,2912,32
MAMBA-Viper-256,Viper-256,256,AVX2_TCHES2021_NTT,AVX2,PKE,PKE_Dec,16568,1000,ok,codec=E8 use_e8=1 q=4096 k=4 eta_s=3 eta_r=3 t_pk=10 t_u=10 t_v=5 e8_rate=1 e8_alpha=2048 e8_active_blocks=32 msg_bytes=32 auxiliary-prime-CRT-NTT,1312,1472,2912,32
MAMBA-Viper-256,Viper-256,256,AVX2_TCHES2021_NTT,AVX2,message_codec,msg_encode,15808,1000,ok,codec=E8 use_e8=1 q=4096 k=4 eta_s=3 eta_r=3 t_pk=10 t_u=10 t_v=5 e8_rate=1 e8_alpha=2048 e8_active_blocks=32 msg_bytes=32 auxiliary-prime-CRT-NTT,1312,1472,2912,32
MAMBA-Viper-256,Viper-256,256,AVX2_TCHES2021_NTT,AVX2,message_codec,msg_decode,3951,1000,ok,codec=E8 use_e8=1 q=4096 k=4 eta_s=3 eta_r=3 t_pk=10 t_u=10 t_v=5 e8_rate=1 e8_alpha=2048 e8_active_blocks=32 msg_bytes=32 auxiliary-prime-CRT-NTT,1312,1472,2912,32
MAMBA-Viper-256,Viper-256,256,AVX2_TCHES2021_NTT,AVX2,arithmetic,poly_mul,1026,1000,ok,codec=E8 use_e8=1 q=4096 k=4 eta_s=3 eta_r=3 t_pk=10 t_u=10 t_v=5 e8_rate=1 e8_alpha=2048 e8_active_blocks=32 msg_bytes=32 auxiliary-prime-CRT-NTT,1312,1472,2912,32
MAMBA-Viper-256,Viper-256,256,AVX2_TCHES2021_NTT,AVX2,arithmetic,A_times_s,8550,1000,ok,codec=E8 use_e8=1 q=4096 k=4 eta_s=3 eta_r=3 t_pk=10 t_u=10 t_v=5 e8_rate=1 e8_alpha=2048 e8_active_blocks=32 msg_bytes=32 auxiliary-prime-CRT-NTT,1312,1472,2912,32
MAMBA-Viper-256,Viper-256,256,AVX2_TCHES2021_NTT,AVX2,arithmetic,AT_times_r,8550,1000,ok,codec=E8 use_e8=1 q=4096 k=4 eta_s=3 eta_r=3 t_pk=10 t_u=10 t_v=5 e8_rate=1 e8_alpha=2048 e8_active_blocks=32 msg_bytes=32 auxiliary-prime-CRT-NTT,1312,1472,2912,32
MAMBA-Viper-256,Viper-256,256,AVX2_TCHES2021_NTT,AVX2,arithmetic,bhatT_times_r,3078,1000,ok,codec=E8 use_e8=1 q=4096 k=4 eta_s=3 eta_r=3 t_pk=10 t_u=10 t_v=5 e8_rate=1 e8_alpha=2048 e8_active_blocks=32 msg_bytes=32 auxiliary-prime-CRT-NTT,1312,1472,2912,32
MAMBA-Viper-256,Viper-256,256,AVX2_TCHES2021_NTT,AVX2,arithmetic,sT_times_u,3078,1000,ok,codec=E8 use_e8=1 q=4096 k=4 eta_s=3 eta_r=3 t_pk=10 t_u=10 t_v=5 e8_rate=1 e8_alpha=2048 e8_active_blocks=32 msg_bytes=32 auxiliary-prime-CRT-NTT,1312,1472,2912,32
MAMBA-Viper-384,Viper-384,384,REF,Reference,KEM,KEM_KeyGen,361190,1000,ok,codec=scalar use_e8=0 q=8192 k=7 eta_s=1 eta_r=1 t_pk=11 t_u=11 t_v=5 e8_rate=2 e8_alpha=2048 e8_active_blocks=24 msg_bytes=48,2496,2656,5488,48
MAMBA-Viper-384,Viper-384,384,REF,Reference,KEM,KEM_Encaps,404054,1000,ok,codec=scalar use_e8=0 q=8192 k=7 eta_s=1 eta_r=1 t_pk=11 t_u=11 t_v=5 e8_rate=2 e8_alpha=2048 e8_active_blocks=24 msg_bytes=48,2496,2656,5488,48
MAMBA-Viper-384,Viper-384,384,REF,Reference,KEM,KEM_Decaps,412300,1000,ok,codec=scalar use_e8=0 q=8192 k=7 eta_s=1 eta_r=1 t_pk=11 t_u=11 t_v=5 e8_rate=2 e8_alpha=2048 e8_active_blocks=24 msg_bytes=48,2496,2656,5488,48
MAMBA-Viper-384,Viper-384,384,REF,Reference,PKE,PKE_KeyGen,332956,1000,ok,codec=scalar use_e8=0 q=8192 k=7 eta_s=1 eta_r=1 t_pk=11 t_u=11 t_v=5 e8_rate=2 e8_alpha=2048 e8_active_blocks=24 msg_bytes=48,2496,2656,5488,48
MAMBA-Viper-384,Viper-384,384,REF,Reference,PKE,PKE_Enc,359176,1000,ok,codec=scalar use_e8=0 q=8192 k=7 eta_s=1 eta_r=1 t_pk=11 t_u=11 t_v=5 e8_rate=2 e8_alpha=2048 e8_active_blocks=24 msg_bytes=48,2496,2656,5488,48
MAMBA-Viper-384,Viper-384,384,REF,Reference,PKE,PKE_Dec,35416,1000,ok,codec=scalar use_e8=0 q=8192 k=7 eta_s=1 eta_r=1 t_pk=11 t_u=11 t_v=5 e8_rate=2 e8_alpha=2048 e8_active_blocks=24 msg_bytes=48,2496,2656,5488,48
MAMBA-Viper-384,Viper-384,384,REF,Reference,message_codec,msg_encode,455,1000,ok,codec=scalar use_e8=0 q=8192 k=7 eta_s=1 eta_r=1 t_pk=11 t_u=11 t_v=5 e8_rate=2 e8_alpha=2048 e8_active_blocks=24 msg_bytes=48,2496,2656,5488,48
MAMBA-Viper-384,Viper-384,384,REF,Reference,message_codec,msg_decode,608,1000,ok,codec=scalar use_e8=0 q=8192 k=7 eta_s=1 eta_r=1 t_pk=11 t_u=11 t_v=5 e8_rate=2 e8_alpha=2048 e8_active_blocks=24 msg_bytes=48,2496,2656,5488,48
MAMBA-Viper-384,Viper-384,384,REF,Reference,arithmetic,poly_mul,2660,1000,ok,codec=scalar use_e8=0 q=8192 k=7 eta_s=1 eta_r=1 t_pk=11 t_u=11 t_v=5 e8_rate=2 e8_alpha=2048 e8_active_blocks=24 msg_bytes=48,2496,2656,5488,48
MAMBA-Viper-384,Viper-384,384,REF,Reference,arithmetic,A_times_s,129732,1000,ok,codec=scalar use_e8=0 q=8192 k=7 eta_s=1 eta_r=1 t_pk=11 t_u=11 t_v=5 e8_rate=2 e8_alpha=2048 e8_active_blocks=24 msg_bytes=48,2496,2656,5488,48
MAMBA-Viper-384,Viper-384,384,REF,Reference,arithmetic,AT_times_r,129808,1000,ok,codec=scalar use_e8=0 q=8192 k=7 eta_s=1 eta_r=1 t_pk=11 t_u=11 t_v=5 e8_rate=2 e8_alpha=2048 e8_active_blocks=24 msg_bytes=48,2496,2656,5488,48
MAMBA-Viper-384,Viper-384,384,REF,Reference,arithmetic,bhatT_times_r,18581,1000,ok,codec=scalar use_e8=0 q=8192 k=7 eta_s=1 eta_r=1 t_pk=11 t_u=11 t_v=5 e8_rate=2 e8_alpha=2048 e8_active_blocks=24 msg_bytes=48,2496,2656,5488,48
MAMBA-Viper-384,Viper-384,384,REF,Reference,arithmetic,sT_times_u,18543,1000,ok,codec=scalar use_e8=0 q=8192 k=7 eta_s=1 eta_r=1 t_pk=11 t_u=11 t_v=5 e8_rate=2 e8_alpha=2048 e8_active_blocks=24 msg_bytes=48,2496,2656,5488,48
MAMBA-Viper-384,Viper-384,384,REF,Reference,KEM,KEM_KeyGen,365978,1000,ok,codec=E8 use_e8=1 q=8192 k=7 eta_s=1 eta_r=1 t_pk=11 t_u=11 t_v=5 e8_rate=2 e8_alpha=2048 e8_active_blocks=24 msg_bytes=48,2496,2656,5488,48
MAMBA-Viper-384,Viper-384,384,REF,Reference,KEM,KEM_Encaps,431110,1000,ok,codec=E8 use_e8=1 q=8192 k=7 eta_s=1 eta_r=1 t_pk=11 t_u=11 t_v=5 e8_rate=2 e8_alpha=2048 e8_active_blocks=24 msg_bytes=48,2496,2656,5488,48
MAMBA-Viper-384,Viper-384,384,REF,Reference,KEM,KEM_Decaps,437646,1000,ok,codec=E8 use_e8=1 q=8192 k=7 eta_s=1 eta_r=1 t_pk=11 t_u=11 t_v=5 e8_rate=2 e8_alpha=2048 e8_active_blocks=24 msg_bytes=48,2496,2656,5488,48
MAMBA-Viper-384,Viper-384,384,REF,Reference,PKE,PKE_KeyGen,334742,1000,ok,codec=E8 use_e8=1 q=8192 k=7 eta_s=1 eta_r=1 t_pk=11 t_u=11 t_v=5 e8_rate=2 e8_alpha=2048 e8_active_blocks=24 msg_bytes=48,2496,2656,5488,48
MAMBA-Viper-384,Viper-384,384,REF,Reference,PKE,PKE_Enc,375060,1000,ok,codec=E8 use_e8=1 q=8192 k=7 eta_s=1 eta_r=1 t_pk=11 t_u=11 t_v=5 e8_rate=2 e8_alpha=2048 e8_active_blocks=24 msg_bytes=48,2496,2656,5488,48
MAMBA-Viper-384,Viper-384,384,REF,Reference,PKE,PKE_Dec,39254,1000,ok,codec=E8 use_e8=1 q=8192 k=7 eta_s=1 eta_r=1 t_pk=11 t_u=11 t_v=5 e8_rate=2 e8_alpha=2048 e8_active_blocks=24 msg_bytes=48,2496,2656,5488,48
MAMBA-Viper-384,Viper-384,384,REF,Reference,message_codec,msg_encode,16454,1000,ok,codec=E8 use_e8=1 q=8192 k=7 eta_s=1 eta_r=1 t_pk=11 t_u=11 t_v=5 e8_rate=2 e8_alpha=2048 e8_active_blocks=24 msg_bytes=48,2496,2656,5488,48
MAMBA-Viper-384,Viper-384,384,REF,Reference,message_codec,msg_decode,3610,1000,ok,codec=E8 use_e8=1 q=8192 k=7 eta_s=1 eta_r=1 t_pk=11 t_u=11 t_v=5 e8_rate=2 e8_alpha=2048 e8_active_blocks=24 msg_bytes=48,2496,2656,5488,48
MAMBA-Viper-384,Viper-384,384,REF,Reference,arithmetic,poly_mul,2697,1000,ok,codec=E8 use_e8=1 q=8192 k=7 eta_s=1 eta_r=1 t_pk=11 t_u=11 t_v=5 e8_rate=2 e8_alpha=2048 e8_active_blocks=24 msg_bytes=48,2496,2656,5488,48
MAMBA-Viper-384,Viper-384,384,REF,Reference,arithmetic,A_times_s,129884,1000,ok,codec=E8 use_e8=1 q=8192 k=7 eta_s=1 eta_r=1 t_pk=11 t_u=11 t_v=5 e8_rate=2 e8_alpha=2048 e8_active_blocks=24 msg_bytes=48,2496,2656,5488,48
MAMBA-Viper-384,Viper-384,384,REF,Reference,arithmetic,AT_times_r,129732,1000,ok,codec=E8 use_e8=1 q=8192 k=7 eta_s=1 eta_r=1 t_pk=11 t_u=11 t_v=5 e8_rate=2 e8_alpha=2048 e8_active_blocks=24 msg_bytes=48,2496,2656,5488,48
MAMBA-Viper-384,Viper-384,384,REF,Reference,arithmetic,bhatT_times_r,18506,1000,ok,codec=E8 use_e8=1 q=8192 k=7 eta_s=1 eta_r=1 t_pk=11 t_u=11 t_v=5 e8_rate=2 e8_alpha=2048 e8_active_blocks=24 msg_bytes=48,2496,2656,5488,48
MAMBA-Viper-384,Viper-384,384,REF,Reference,arithmetic,sT_times_u,18506,1000,ok,codec=E8 use_e8=1 q=8192 k=7 eta_s=1 eta_r=1 t_pk=11 t_u=11 t_v=5 e8_rate=2 e8_alpha=2048 e8_active_blocks=24 msg_bytes=48,2496,2656,5488,48
MAMBA-Viper-384,Viper-384,384,AVX2_DEFAULT,AVX2,KEM,KEM_KeyGen,165794,1000,ok,codec=scalar use_e8=0 q=8192 k=7 eta_s=1 eta_r=1 t_pk=11 t_u=11 t_v=5 e8_rate=2 e8_alpha=2048 e8_active_blocks=24 msg_bytes=48,2496,2656,5488,48
MAMBA-Viper-384,Viper-384,384,AVX2_DEFAULT,AVX2,KEM,KEM_Encaps,187492,1000,ok,codec=scalar use_e8=0 q=8192 k=7 eta_s=1 eta_r=1 t_pk=11 t_u=11 t_v=5 e8_rate=2 e8_alpha=2048 e8_active_blocks=24 msg_bytes=48,2496,2656,5488,48
MAMBA-Viper-384,Viper-384,384,AVX2_DEFAULT,AVX2,KEM,KEM_Decaps,188783,1000,ok,codec=scalar use_e8=0 q=8192 k=7 eta_s=1 eta_r=1 t_pk=11 t_u=11 t_v=5 e8_rate=2 e8_alpha=2048 e8_active_blocks=24 msg_bytes=48,2496,2656,5488,48
MAMBA-Viper-384,Viper-384,384,AVX2_DEFAULT,AVX2,PKE,PKE_KeyGen,138548,1000,ok,codec=scalar use_e8=0 q=8192 k=7 eta_s=1 eta_r=1 t_pk=11 t_u=11 t_v=5 e8_rate=2 e8_alpha=2048 e8_active_blocks=24 msg_bytes=48,2496,2656,5488,48
MAMBA-Viper-384,Viper-384,384,AVX2_DEFAULT,AVX2,PKE,PKE_Enc,149910,1000,ok,codec=scalar use_e8=0 q=8192 k=7 eta_s=1 eta_r=1 t_pk=11 t_u=11 t_v=5 e8_rate=2 e8_alpha=2048 e8_active_blocks=24 msg_bytes=48,2496,2656,5488,48
MAMBA-Viper-384,Viper-384,384,AVX2_DEFAULT,AVX2,PKE,PKE_Dec,21736,1000,ok,codec=scalar use_e8=0 q=8192 k=7 eta_s=1 eta_r=1 t_pk=11 t_u=11 t_v=5 e8_rate=2 e8_alpha=2048 e8_active_blocks=24 msg_bytes=48,2496,2656,5488,48
MAMBA-Viper-384,Viper-384,384,AVX2_DEFAULT,AVX2,message_codec,msg_encode,532,1000,ok,codec=scalar use_e8=0 q=8192 k=7 eta_s=1 eta_r=1 t_pk=11 t_u=11 t_v=5 e8_rate=2 e8_alpha=2048 e8_active_blocks=24 msg_bytes=48,2496,2656,5488,48
MAMBA-Viper-384,Viper-384,384,AVX2_DEFAULT,AVX2,message_codec,msg_decode,608,1000,ok,codec=scalar use_e8=0 q=8192 k=7 eta_s=1 eta_r=1 t_pk=11 t_u=11 t_v=5 e8_rate=2 e8_alpha=2048 e8_active_blocks=24 msg_bytes=48,2496,2656,5488,48
MAMBA-Viper-384,Viper-384,384,AVX2_DEFAULT,AVX2,arithmetic,poly_mul,912,1000,ok,codec=scalar use_e8=0 q=8192 k=7 eta_s=1 eta_r=1 t_pk=11 t_u=11 t_v=5 e8_rate=2 e8_alpha=2048 e8_active_blocks=24 msg_bytes=48,2496,2656,5488,48
MAMBA-Viper-384,Viper-384,384,AVX2_DEFAULT,AVX2,arithmetic,A_times_s,29488,1000,ok,codec=scalar use_e8=0 q=8192 k=7 eta_s=1 eta_r=1 t_pk=11 t_u=11 t_v=5 e8_rate=2 e8_alpha=2048 e8_active_blocks=24 msg_bytes=48,2496,2656,5488,48
MAMBA-Viper-384,Viper-384,384,AVX2_DEFAULT,AVX2,arithmetic,AT_times_r,29526,1000,ok,codec=scalar use_e8=0 q=8192 k=7 eta_s=1 eta_r=1 t_pk=11 t_u=11 t_v=5 e8_rate=2 e8_alpha=2048 e8_active_blocks=24 msg_bytes=48,2496,2656,5488,48
MAMBA-Viper-384,Viper-384,384,AVX2_DEFAULT,AVX2,arithmetic,bhatT_times_r,4788,1000,ok,codec=scalar use_e8=0 q=8192 k=7 eta_s=1 eta_r=1 t_pk=11 t_u=11 t_v=5 e8_rate=2 e8_alpha=2048 e8_active_blocks=24 msg_bytes=48,2496,2656,5488,48
MAMBA-Viper-384,Viper-384,384,AVX2_DEFAULT,AVX2,arithmetic,sT_times_u,4788,1000,ok,codec=scalar use_e8=0 q=8192 k=7 eta_s=1 eta_r=1 t_pk=11 t_u=11 t_v=5 e8_rate=2 e8_alpha=2048 e8_active_blocks=24 msg_bytes=48,2496,2656,5488,48
MAMBA-Viper-384,Viper-384,384,AVX2_DEFAULT,AVX2,KEM,KEM_KeyGen,165148,1000,ok,codec=E8 use_e8=1 q=8192 k=7 eta_s=1 eta_r=1 t_pk=11 t_u=11 t_v=5 e8_rate=2 e8_alpha=2048 e8_active_blocks=24 msg_bytes=48,2496,2656,5488,48
MAMBA-Viper-384,Viper-384,384,AVX2_DEFAULT,AVX2,KEM,KEM_Encaps,214320,1000,ok,codec=E8 use_e8=1 q=8192 k=7 eta_s=1 eta_r=1 t_pk=11 t_u=11 t_v=5 e8_rate=2 e8_alpha=2048 e8_active_blocks=24 msg_bytes=48,2496,2656,5488,48
MAMBA-Viper-384,Viper-384,384,AVX2_DEFAULT,AVX2,KEM,KEM_Decaps,210900,1000,ok,codec=E8 use_e8=1 q=8192 k=7 eta_s=1 eta_r=1 t_pk=11 t_u=11 t_v=5 e8_rate=2 e8_alpha=2048 e8_active_blocks=24 msg_bytes=48,2496,2656,5488,48
MAMBA-Viper-384,Viper-384,384,AVX2_DEFAULT,AVX2,PKE,PKE_KeyGen,148314,1000,ok,codec=E8 use_e8=1 q=8192 k=7 eta_s=1 eta_r=1 t_pk=11 t_u=11 t_v=5 e8_rate=2 e8_alpha=2048 e8_active_blocks=24 msg_bytes=48,2496,2656,5488,48
MAMBA-Viper-384,Viper-384,384,AVX2_DEFAULT,AVX2,PKE,PKE_Enc,164236,1000,ok,codec=E8 use_e8=1 q=8192 k=7 eta_s=1 eta_r=1 t_pk=11 t_u=11 t_v=5 e8_rate=2 e8_alpha=2048 e8_active_blocks=24 msg_bytes=48,2496,2656,5488,48
MAMBA-Viper-384,Viper-384,384,AVX2_DEFAULT,AVX2,PKE,PKE_Dec,25840,1000,ok,codec=E8 use_e8=1 q=8192 k=7 eta_s=1 eta_r=1 t_pk=11 t_u=11 t_v=5 e8_rate=2 e8_alpha=2048 e8_active_blocks=24 msg_bytes=48,2496,2656,5488,48
MAMBA-Viper-384,Viper-384,384,AVX2_DEFAULT,AVX2,message_codec,msg_encode,16074,1000,ok,codec=E8 use_e8=1 q=8192 k=7 eta_s=1 eta_r=1 t_pk=11 t_u=11 t_v=5 e8_rate=2 e8_alpha=2048 e8_active_blocks=24 msg_bytes=48,2496,2656,5488,48
MAMBA-Viper-384,Viper-384,384,AVX2_DEFAULT,AVX2,message_codec,msg_decode,3572,1000,ok,codec=E8 use_e8=1 q=8192 k=7 eta_s=1 eta_r=1 t_pk=11 t_u=11 t_v=5 e8_rate=2 e8_alpha=2048 e8_active_blocks=24 msg_bytes=48,2496,2656,5488,48
MAMBA-Viper-384,Viper-384,384,AVX2_DEFAULT,AVX2,arithmetic,poly_mul,874,1000,ok,codec=E8 use_e8=1 q=8192 k=7 eta_s=1 eta_r=1 t_pk=11 t_u=11 t_v=5 e8_rate=2 e8_alpha=2048 e8_active_blocks=24 msg_bytes=48,2496,2656,5488,48
MAMBA-Viper-384,Viper-384,384,AVX2_DEFAULT,AVX2,arithmetic,A_times_s,29412,1000,ok,codec=E8 use_e8=1 q=8192 k=7 eta_s=1 eta_r=1 t_pk=11 t_u=11 t_v=5 e8_rate=2 e8_alpha=2048 e8_active_blocks=24 msg_bytes=48,2496,2656,5488,48
MAMBA-Viper-384,Viper-384,384,AVX2_DEFAULT,AVX2,arithmetic,AT_times_r,29450,1000,ok,codec=E8 use_e8=1 q=8192 k=7 eta_s=1 eta_r=1 t_pk=11 t_u=11 t_v=5 e8_rate=2 e8_alpha=2048 e8_active_blocks=24 msg_bytes=48,2496,2656,5488,48
MAMBA-Viper-384,Viper-384,384,AVX2_DEFAULT,AVX2,arithmetic,bhatT_times_r,4788,1000,ok,codec=E8 use_e8=1 q=8192 k=7 eta_s=1 eta_r=1 t_pk=11 t_u=11 t_v=5 e8_rate=2 e8_alpha=2048 e8_active_blocks=24 msg_bytes=48,2496,2656,5488,48
MAMBA-Viper-384,Viper-384,384,AVX2_DEFAULT,AVX2,arithmetic,sT_times_u,4788,1000,ok,codec=E8 use_e8=1 q=8192 k=7 eta_s=1 eta_r=1 t_pk=11 t_u=11 t_v=5 e8_rate=2 e8_alpha=2048 e8_active_blocks=24 msg_bytes=48,2496,2656,5488,48
MAMBA-Viper-384,Viper-384,384,AVX2_TCHES2021_NTT,AVX2,KEM,KEM_KeyGen,163248,1000,ok,codec=scalar use_e8=0 q=8192 k=7 eta_s=1 eta_r=1 t_pk=11 t_u=11 t_v=5 e8_rate=2 e8_alpha=2048 e8_active_blocks=24 msg_bytes=48 auxiliary-prime-CRT-NTT,2496,2656,5488,48
MAMBA-Viper-384,Viper-384,384,AVX2_TCHES2021_NTT,AVX2,KEM,KEM_Encaps,184870,1000,ok,codec=scalar use_e8=0 q=8192 k=7 eta_s=1 eta_r=1 t_pk=11 t_u=11 t_v=5 e8_rate=2 e8_alpha=2048 e8_active_blocks=24 msg_bytes=48 auxiliary-prime-CRT-NTT,2496,2656,5488,48
MAMBA-Viper-384,Viper-384,384,AVX2_TCHES2021_NTT,AVX2,KEM,KEM_Decaps,187454,1000,ok,codec=scalar use_e8=0 q=8192 k=7 eta_s=1 eta_r=1 t_pk=11 t_u=11 t_v=5 e8_rate=2 e8_alpha=2048 e8_active_blocks=24 msg_bytes=48 auxiliary-prime-CRT-NTT,2496,2656,5488,48
MAMBA-Viper-384,Viper-384,384,AVX2_TCHES2021_NTT,AVX2,PKE,PKE_KeyGen,135318,1000,ok,codec=scalar use_e8=0 q=8192 k=7 eta_s=1 eta_r=1 t_pk=11 t_u=11 t_v=5 e8_rate=2 e8_alpha=2048 e8_active_blocks=24 msg_bytes=48 auxiliary-prime-CRT-NTT,2496,2656,5488,48
MAMBA-Viper-384,Viper-384,384,AVX2_TCHES2021_NTT,AVX2,PKE,PKE_Enc,147136,1000,ok,codec=scalar use_e8=0 q=8192 k=7 eta_s=1 eta_r=1 t_pk=11 t_u=11 t_v=5 e8_rate=2 e8_alpha=2048 e8_active_blocks=24 msg_bytes=48 auxiliary-prime-CRT-NTT,2496,2656,5488,48
MAMBA-Viper-384,Viper-384,384,AVX2_TCHES2021_NTT,AVX2,PKE,PKE_Dec,22800,1000,ok,codec=scalar use_e8=0 q=8192 k=7 eta_s=1 eta_r=1 t_pk=11 t_u=11 t_v=5 e8_rate=2 e8_alpha=2048 e8_active_blocks=24 msg_bytes=48 auxiliary-prime-CRT-NTT,2496,2656,5488,48
MAMBA-Viper-384,Viper-384,384,AVX2_TCHES2021_NTT,AVX2,message_codec,msg_encode,532,1000,ok,codec=scalar use_e8=0 q=8192 k=7 eta_s=1 eta_r=1 t_pk=11 t_u=11 t_v=5 e8_rate=2 e8_alpha=2048 e8_active_blocks=24 msg_bytes=48 auxiliary-prime-CRT-NTT,2496,2656,5488,48
MAMBA-Viper-384,Viper-384,384,AVX2_TCHES2021_NTT,AVX2,message_codec,msg_decode,608,1000,ok,codec=scalar use_e8=0 q=8192 k=7 eta_s=1 eta_r=1 t_pk=11 t_u=11 t_v=5 e8_rate=2 e8_alpha=2048 e8_active_blocks=24 msg_bytes=48 auxiliary-prime-CRT-NTT,2496,2656,5488,48
MAMBA-Viper-384,Viper-384,384,AVX2_TCHES2021_NTT,AVX2,arithmetic,poly_mul,1026,1000,ok,codec=scalar use_e8=0 q=8192 k=7 eta_s=1 eta_r=1 t_pk=11 t_u=11 t_v=5 e8_rate=2 e8_alpha=2048 e8_active_blocks=24 msg_bytes=48 auxiliary-prime-CRT-NTT,2496,2656,5488,48
MAMBA-Viper-384,Viper-384,384,AVX2_TCHES2021_NTT,AVX2,arithmetic,A_times_s,27360,1000,ok,codec=scalar use_e8=0 q=8192 k=7 eta_s=1 eta_r=1 t_pk=11 t_u=11 t_v=5 e8_rate=2 e8_alpha=2048 e8_active_blocks=24 msg_bytes=48 auxiliary-prime-CRT-NTT,2496,2656,5488,48
MAMBA-Viper-384,Viper-384,384,AVX2_TCHES2021_NTT,AVX2,arithmetic,AT_times_r,27397,1000,ok,codec=scalar use_e8=0 q=8192 k=7 eta_s=1 eta_r=1 t_pk=11 t_u=11 t_v=5 e8_rate=2 e8_alpha=2048 e8_active_blocks=24 msg_bytes=48 auxiliary-prime-CRT-NTT,2496,2656,5488,48
MAMBA-Viper-384,Viper-384,384,AVX2_TCHES2021_NTT,AVX2,arithmetic,bhatT_times_r,5738,1000,ok,codec=scalar use_e8=0 q=8192 k=7 eta_s=1 eta_r=1 t_pk=11 t_u=11 t_v=5 e8_rate=2 e8_alpha=2048 e8_active_blocks=24 msg_bytes=48 auxiliary-prime-CRT-NTT,2496,2656,5488,48
MAMBA-Viper-384,Viper-384,384,AVX2_TCHES2021_NTT,AVX2,arithmetic,sT_times_u,5738,1000,ok,codec=scalar use_e8=0 q=8192 k=7 eta_s=1 eta_r=1 t_pk=11 t_u=11 t_v=5 e8_rate=2 e8_alpha=2048 e8_active_blocks=24 msg_bytes=48 auxiliary-prime-CRT-NTT,2496,2656,5488,48
MAMBA-Viper-384,Viper-384,384,AVX2_TCHES2021_NTT,AVX2,KEM,KEM_KeyGen,177156,1000,ok,codec=E8 use_e8=1 q=8192 k=7 eta_s=1 eta_r=1 t_pk=11 t_u=11 t_v=5 e8_rate=2 e8_alpha=2048 e8_active_blocks=24 msg_bytes=48 auxiliary-prime-CRT-NTT,2496,2656,5488,48
MAMBA-Viper-384,Viper-384,384,AVX2_TCHES2021_NTT,AVX2,KEM,KEM_Encaps,227050,1000,ok,codec=E8 use_e8=1 q=8192 k=7 eta_s=1 eta_r=1 t_pk=11 t_u=11 t_v=5 e8_rate=2 e8_alpha=2048 e8_active_blocks=24 msg_bytes=48 auxiliary-prime-CRT-NTT,2496,2656,5488,48
MAMBA-Viper-384,Viper-384,384,AVX2_TCHES2021_NTT,AVX2,KEM,KEM_Decaps,225720,1000,ok,codec=E8 use_e8=1 q=8192 k=7 eta_s=1 eta_r=1 t_pk=11 t_u=11 t_v=5 e8_rate=2 e8_alpha=2048 e8_active_blocks=24 msg_bytes=48 auxiliary-prime-CRT-NTT,2496,2656,5488,48
MAMBA-Viper-384,Viper-384,384,AVX2_TCHES2021_NTT,AVX2,PKE,PKE_KeyGen,149796,1000,ok,codec=E8 use_e8=1 q=8192 k=7 eta_s=1 eta_r=1 t_pk=11 t_u=11 t_v=5 e8_rate=2 e8_alpha=2048 e8_active_blocks=24 msg_bytes=48 auxiliary-prime-CRT-NTT,2496,2656,5488,48
MAMBA-Viper-384,Viper-384,384,AVX2_TCHES2021_NTT,AVX2,PKE,PKE_Enc,178334,1000,ok,codec=E8 use_e8=1 q=8192 k=7 eta_s=1 eta_r=1 t_pk=11 t_u=11 t_v=5 e8_rate=2 e8_alpha=2048 e8_active_blocks=24 msg_bytes=48 auxiliary-prime-CRT-NTT,2496,2656,5488,48
MAMBA-Viper-384,Viper-384,384,AVX2_TCHES2021_NTT,AVX2,PKE,PKE_Dec,26562,1000,ok,codec=E8 use_e8=1 q=8192 k=7 eta_s=1 eta_r=1 t_pk=11 t_u=11 t_v=5 e8_rate=2 e8_alpha=2048 e8_active_blocks=24 msg_bytes=48 auxiliary-prime-CRT-NTT,2496,2656,5488,48
MAMBA-Viper-384,Viper-384,384,AVX2_TCHES2021_NTT,AVX2,message_codec,msg_encode,17214,1000,ok,codec=E8 use_e8=1 q=8192 k=7 eta_s=1 eta_r=1 t_pk=11 t_u=11 t_v=5 e8_rate=2 e8_alpha=2048 e8_active_blocks=24 msg_bytes=48 auxiliary-prime-CRT-NTT,2496,2656,5488,48
MAMBA-Viper-384,Viper-384,384,AVX2_TCHES2021_NTT,AVX2,message_codec,msg_decode,3610,1000,ok,codec=E8 use_e8=1 q=8192 k=7 eta_s=1 eta_r=1 t_pk=11 t_u=11 t_v=5 e8_rate=2 e8_alpha=2048 e8_active_blocks=24 msg_bytes=48 auxiliary-prime-CRT-NTT,2496,2656,5488,48
MAMBA-Viper-384,Viper-384,384,AVX2_TCHES2021_NTT,AVX2,arithmetic,poly_mul,1063,1000,ok,codec=E8 use_e8=1 q=8192 k=7 eta_s=1 eta_r=1 t_pk=11 t_u=11 t_v=5 e8_rate=2 e8_alpha=2048 e8_active_blocks=24 msg_bytes=48 auxiliary-prime-CRT-NTT,2496,2656,5488,48
MAMBA-Viper-384,Viper-384,384,AVX2_TCHES2021_NTT,AVX2,arithmetic,A_times_s,27398,1000,ok,codec=E8 use_e8=1 q=8192 k=7 eta_s=1 eta_r=1 t_pk=11 t_u=11 t_v=5 e8_rate=2 e8_alpha=2048 e8_active_blocks=24 msg_bytes=48 auxiliary-prime-CRT-NTT,2496,2656,5488,48
MAMBA-Viper-384,Viper-384,384,AVX2_TCHES2021_NTT,AVX2,arithmetic,AT_times_r,27398,1000,ok,codec=E8 use_e8=1 q=8192 k=7 eta_s=1 eta_r=1 t_pk=11 t_u=11 t_v=5 e8_rate=2 e8_alpha=2048 e8_active_blocks=24 msg_bytes=48 auxiliary-prime-CRT-NTT,2496,2656,5488,48
MAMBA-Viper-384,Viper-384,384,AVX2_TCHES2021_NTT,AVX2,arithmetic,bhatT_times_r,5738,1000,ok,codec=E8 use_e8=1 q=8192 k=7 eta_s=1 eta_r=1 t_pk=11 t_u=11 t_v=5 e8_rate=2 e8_alpha=2048 e8_active_blocks=24 msg_bytes=48 auxiliary-prime-CRT-NTT,2496,2656,5488,48
MAMBA-Viper-384,Viper-384,384,AVX2_TCHES2021_NTT,AVX2,arithmetic,sT_times_u,5738,1000,ok,codec=E8 use_e8=1 q=8192 k=7 eta_s=1 eta_r=1 t_pk=11 t_u=11 t_v=5 e8_rate=2 e8_alpha=2048 e8_active_blocks=24 msg_bytes=48 auxiliary-prime-CRT-NTT,2496,2656,5488,48
MAMBA-Viper-512,Viper-512,512,REF,Reference,KEM,KEM_KeyGen,577600,1000,ok,codec=scalar use_e8=0 q=8192 k=9 eta_s=1 eta_r=1 t_pk=11 t_u=11 t_v=8 e8_rate=2 e8_alpha=2048 e8_active_blocks=32 msg_bytes=64,3200,3456,7040,64
MAMBA-Viper-512,Viper-512,512,REF,Reference,KEM,KEM_Encaps,635018,1000,ok,codec=scalar use_e8=0 q=8192 k=9 eta_s=1 eta_r=1 t_pk=11 t_u=11 t_v=8 e8_rate=2 e8_alpha=2048 e8_active_blocks=32 msg_bytes=64,3200,3456,7040,64
MAMBA-Viper-512,Viper-512,512,REF,Reference,KEM,KEM_Decaps,648280,1000,ok,codec=scalar use_e8=0 q=8192 k=9 eta_s=1 eta_r=1 t_pk=11 t_u=11 t_v=8 e8_rate=2 e8_alpha=2048 e8_active_blocks=32 msg_bytes=64,3200,3456,7040,64
MAMBA-Viper-512,Viper-512,512,REF,Reference,PKE,PKE_KeyGen,542754,1000,ok,codec=scalar use_e8=0 q=8192 k=9 eta_s=1 eta_r=1 t_pk=11 t_u=11 t_v=8 e8_rate=2 e8_alpha=2048 e8_active_blocks=32 msg_bytes=64,3200,3456,7040,64
MAMBA-Viper-512,Viper-512,512,REF,Reference,PKE,PKE_Enc,577676,1000,ok,codec=scalar use_e8=0 q=8192 k=9 eta_s=1 eta_r=1 t_pk=11 t_u=11 t_v=8 e8_rate=2 e8_alpha=2048 e8_active_blocks=32 msg_bytes=64,3200,3456,7040,64
MAMBA-Viper-512,Viper-512,512,REF,Reference,PKE,PKE_Dec,44079,1000,ok,codec=scalar use_e8=0 q=8192 k=9 eta_s=1 eta_r=1 t_pk=11 t_u=11 t_v=8 e8_rate=2 e8_alpha=2048 e8_active_blocks=32 msg_bytes=64,3200,3456,7040,64
MAMBA-Viper-512,Viper-512,512,REF,Reference,message_codec,msg_encode,570,1000,ok,codec=scalar use_e8=0 q=8192 k=9 eta_s=1 eta_r=1 t_pk=11 t_u=11 t_v=8 e8_rate=2 e8_alpha=2048 e8_active_blocks=32 msg_bytes=64,3200,3456,7040,64
MAMBA-Viper-512,Viper-512,512,REF,Reference,message_codec,msg_decode,835,1000,ok,codec=scalar use_e8=0 q=8192 k=9 eta_s=1 eta_r=1 t_pk=11 t_u=11 t_v=8 e8_rate=2 e8_alpha=2048 e8_active_blocks=32 msg_bytes=64,3200,3456,7040,64
MAMBA-Viper-512,Viper-512,512,REF,Reference,arithmetic,poly_mul,2698,1000,ok,codec=scalar use_e8=0 q=8192 k=9 eta_s=1 eta_r=1 t_pk=11 t_u=11 t_v=8 e8_rate=2 e8_alpha=2048 e8_active_blocks=32 msg_bytes=64,3200,3456,7040,64
MAMBA-Viper-512,Viper-512,512,REF,Reference,arithmetic,A_times_s,214396,1000,ok,codec=scalar use_e8=0 q=8192 k=9 eta_s=1 eta_r=1 t_pk=11 t_u=11 t_v=8 e8_rate=2 e8_alpha=2048 e8_active_blocks=32 msg_bytes=64,3200,3456,7040,64
MAMBA-Viper-512,Viper-512,512,REF,Reference,arithmetic,AT_times_r,214548,1000,ok,codec=scalar use_e8=0 q=8192 k=9 eta_s=1 eta_r=1 t_pk=11 t_u=11 t_v=8 e8_rate=2 e8_alpha=2048 e8_active_blocks=32 msg_bytes=64,3200,3456,7040,64
MAMBA-Viper-512,Viper-512,512,REF,Reference,arithmetic,bhatT_times_r,23788,1000,ok,codec=scalar use_e8=0 q=8192 k=9 eta_s=1 eta_r=1 t_pk=11 t_u=11 t_v=8 e8_rate=2 e8_alpha=2048 e8_active_blocks=32 msg_bytes=64,3200,3456,7040,64
MAMBA-Viper-512,Viper-512,512,REF,Reference,arithmetic,sT_times_u,23788,1000,ok,codec=scalar use_e8=0 q=8192 k=9 eta_s=1 eta_r=1 t_pk=11 t_u=11 t_v=8 e8_rate=2 e8_alpha=2048 e8_active_blocks=32 msg_bytes=64,3200,3456,7040,64
MAMBA-Viper-512,Viper-512,512,REF,Reference,KEM,KEM_KeyGen,578511,1000,ok,codec=E8 use_e8=1 q=8192 k=9 eta_s=1 eta_r=1 t_pk=11 t_u=11 t_v=8 e8_rate=2 e8_alpha=2048 e8_active_blocks=32 msg_bytes=64,3200,3456,7040,64
MAMBA-Viper-512,Viper-512,512,REF,Reference,KEM,KEM_Encaps,677159,1000,ok,codec=E8 use_e8=1 q=8192 k=9 eta_s=1 eta_r=1 t_pk=11 t_u=11 t_v=8 e8_rate=2 e8_alpha=2048 e8_active_blocks=32 msg_bytes=64,3200,3456,7040,64
MAMBA-Viper-512,Viper-512,512,REF,Reference,KEM,KEM_Decaps,683999,1000,ok,codec=E8 use_e8=1 q=8192 k=9 eta_s=1 eta_r=1 t_pk=11 t_u=11 t_v=8 e8_rate=2 e8_alpha=2048 e8_active_blocks=32 msg_bytes=64,3200,3456,7040,64
MAMBA-Viper-512,Viper-512,512,REF,Reference,PKE,PKE_KeyGen,541499,1000,ok,codec=E8 use_e8=1 q=8192 k=9 eta_s=1 eta_r=1 t_pk=11 t_u=11 t_v=8 e8_rate=2 e8_alpha=2048 e8_active_blocks=32 msg_bytes=64,3200,3456,7040,64
MAMBA-Viper-512,Viper-512,512,REF,Reference,PKE,PKE_Enc,602603,1000,ok,codec=E8 use_e8=1 q=8192 k=9 eta_s=1 eta_r=1 t_pk=11 t_u=11 t_v=8 e8_rate=2 e8_alpha=2048 e8_active_blocks=32 msg_bytes=64,3200,3456,7040,64
MAMBA-Viper-512,Viper-512,512,REF,Reference,PKE,PKE_Dec,49020,1000,ok,codec=E8 use_e8=1 q=8192 k=9 eta_s=1 eta_r=1 t_pk=11 t_u=11 t_v=8 e8_rate=2 e8_alpha=2048 e8_active_blocks=32 msg_bytes=64,3200,3456,7040,64
MAMBA-Viper-512,Viper-512,512,REF,Reference,message_codec,msg_encode,22268,1000,ok,codec=E8 use_e8=1 q=8192 k=9 eta_s=1 eta_r=1 t_pk=11 t_u=11 t_v=8 e8_rate=2 e8_alpha=2048 e8_active_blocks=32 msg_bytes=64,3200,3456,7040,64
MAMBA-Viper-512,Viper-512,512,REF,Reference,message_codec,msg_decode,4978,1000,ok,codec=E8 use_e8=1 q=8192 k=9 eta_s=1 eta_r=1 t_pk=11 t_u=11 t_v=8 e8_rate=2 e8_alpha=2048 e8_active_blocks=32 msg_bytes=64,3200,3456,7040,64
MAMBA-Viper-512,Viper-512,512,REF,Reference,arithmetic,poly_mul,2660,1000,ok,codec=E8 use_e8=1 q=8192 k=9 eta_s=1 eta_r=1 t_pk=11 t_u=11 t_v=8 e8_rate=2 e8_alpha=2048 e8_active_blocks=32 msg_bytes=64,3200,3456,7040,64
MAMBA-Viper-512,Viper-512,512,REF,Reference,arithmetic,A_times_s,214776,1000,ok,codec=E8 use_e8=1 q=8192 k=9 eta_s=1 eta_r=1 t_pk=11 t_u=11 t_v=8 e8_rate=2 e8_alpha=2048 e8_active_blocks=32 msg_bytes=64,3200,3456,7040,64
MAMBA-Viper-512,Viper-512,512,REF,Reference,arithmetic,AT_times_r,214548,1000,ok,codec=E8 use_e8=1 q=8192 k=9 eta_s=1 eta_r=1 t_pk=11 t_u=11 t_v=8 e8_rate=2 e8_alpha=2048 e8_active_blocks=32 msg_bytes=64,3200,3456,7040,64
MAMBA-Viper-512,Viper-512,512,REF,Reference,arithmetic,bhatT_times_r,23788,1000,ok,codec=E8 use_e8=1 q=8192 k=9 eta_s=1 eta_r=1 t_pk=11 t_u=11 t_v=8 e8_rate=2 e8_alpha=2048 e8_active_blocks=32 msg_bytes=64,3200,3456,7040,64
MAMBA-Viper-512,Viper-512,512,REF,Reference,arithmetic,sT_times_u,23788,1000,ok,codec=E8 use_e8=1 q=8192 k=9 eta_s=1 eta_r=1 t_pk=11 t_u=11 t_v=8 e8_rate=2 e8_alpha=2048 e8_active_blocks=32 msg_bytes=64,3200,3456,7040,64
MAMBA-Viper-512,Viper-512,512,AVX2_DEFAULT,AVX2,KEM,KEM_KeyGen,245480,1000,ok,codec=scalar use_e8=0 q=8192 k=9 eta_s=1 eta_r=1 t_pk=11 t_u=11 t_v=8 e8_rate=2 e8_alpha=2048 e8_active_blocks=32 msg_bytes=64,3200,3456,7040,64
MAMBA-Viper-512,Viper-512,512,AVX2_DEFAULT,AVX2,KEM,KEM_Encaps,273106,1000,ok,codec=scalar use_e8=0 q=8192 k=9 eta_s=1 eta_r=1 t_pk=11 t_u=11 t_v=8 e8_rate=2 e8_alpha=2048 e8_active_blocks=32 msg_bytes=64,3200,3456,7040,64
MAMBA-Viper-512,Viper-512,512,AVX2_DEFAULT,AVX2,KEM,KEM_Decaps,273638,1000,ok,codec=scalar use_e8=0 q=8192 k=9 eta_s=1 eta_r=1 t_pk=11 t_u=11 t_v=8 e8_rate=2 e8_alpha=2048 e8_active_blocks=32 msg_bytes=64,3200,3456,7040,64
MAMBA-Viper-512,Viper-512,512,AVX2_DEFAULT,AVX2,PKE,PKE_KeyGen,213902,1000,ok,codec=scalar use_e8=0 q=8192 k=9 eta_s=1 eta_r=1 t_pk=11 t_u=11 t_v=8 e8_rate=2 e8_alpha=2048 e8_active_blocks=32 msg_bytes=64,3200,3456,7040,64
MAMBA-Viper-512,Viper-512,512,AVX2_DEFAULT,AVX2,PKE,PKE_Enc,226859,1000,ok,codec=scalar use_e8=0 q=8192 k=9 eta_s=1 eta_r=1 t_pk=11 t_u=11 t_v=8 e8_rate=2 e8_alpha=2048 e8_active_blocks=32 msg_bytes=64,3200,3456,7040,64
MAMBA-Viper-512,Viper-512,512,AVX2_DEFAULT,AVX2,PKE,PKE_Dec,26713,1000,ok,codec=scalar use_e8=0 q=8192 k=9 eta_s=1 eta_r=1 t_pk=11 t_u=11 t_v=8 e8_rate=2 e8_alpha=2048 e8_active_blocks=32 msg_bytes=64,3200,3456,7040,64
MAMBA-Viper-512,Viper-512,512,AVX2_DEFAULT,AVX2,message_codec,msg_encode,570,1000,ok,codec=scalar use_e8=0 q=8192 k=9 eta_s=1 eta_r=1 t_pk=11 t_u=11 t_v=8 e8_rate=2 e8_alpha=2048 e8_active_blocks=32 msg_bytes=64,3200,3456,7040,64
MAMBA-Viper-512,Viper-512,512,AVX2_DEFAULT,AVX2,message_codec,msg_decode,798,1000,ok,codec=scalar use_e8=0 q=8192 k=9 eta_s=1 eta_r=1 t_pk=11 t_u=11 t_v=8 e8_rate=2 e8_alpha=2048 e8_active_blocks=32 msg_bytes=64,3200,3456,7040,64
MAMBA-Viper-512,Viper-512,512,AVX2_DEFAULT,AVX2,arithmetic,poly_mul,911,1000,ok,codec=scalar use_e8=0 q=8192 k=9 eta_s=1 eta_r=1 t_pk=11 t_u=11 t_v=8 e8_rate=2 e8_alpha=2048 e8_active_blocks=32 msg_bytes=64,3200,3456,7040,64
MAMBA-Viper-512,Viper-512,512,AVX2_DEFAULT,AVX2,arithmetic,A_times_s,48374,1000,ok,codec=scalar use_e8=0 q=8192 k=9 eta_s=1 eta_r=1 t_pk=11 t_u=11 t_v=8 e8_rate=2 e8_alpha=2048 e8_active_blocks=32 msg_bytes=64,3200,3456,7040,64
MAMBA-Viper-512,Viper-512,512,AVX2_DEFAULT,AVX2,arithmetic,AT_times_r,48754,1000,ok,codec=scalar use_e8=0 q=8192 k=9 eta_s=1 eta_r=1 t_pk=11 t_u=11 t_v=8 e8_rate=2 e8_alpha=2048 e8_active_blocks=32 msg_bytes=64,3200,3456,7040,64
MAMBA-Viper-512,Viper-512,512,AVX2_DEFAULT,AVX2,arithmetic,bhatT_times_r,6194,1000,ok,codec=scalar use_e8=0 q=8192 k=9 eta_s=1 eta_r=1 t_pk=11 t_u=11 t_v=8 e8_rate=2 e8_alpha=2048 e8_active_blocks=32 msg_bytes=64,3200,3456,7040,64
MAMBA-Viper-512,Viper-512,512,AVX2_DEFAULT,AVX2,arithmetic,sT_times_u,6232,1000,ok,codec=scalar use_e8=0 q=8192 k=9 eta_s=1 eta_r=1 t_pk=11 t_u=11 t_v=8 e8_rate=2 e8_alpha=2048 e8_active_blocks=32 msg_bytes=64,3200,3456,7040,64
MAMBA-Viper-512,Viper-512,512,AVX2_DEFAULT,AVX2,KEM,KEM_KeyGen,247722,1000,ok,codec=E8 use_e8=1 q=8192 k=9 eta_s=1 eta_r=1 t_pk=11 t_u=11 t_v=8 e8_rate=2 e8_alpha=2048 e8_active_blocks=32 msg_bytes=64,3200,3456,7040,64
MAMBA-Viper-512,Viper-512,512,AVX2_DEFAULT,AVX2,KEM,KEM_Encaps,311751,1000,ok,codec=E8 use_e8=1 q=8192 k=9 eta_s=1 eta_r=1 t_pk=11 t_u=11 t_v=8 e8_rate=2 e8_alpha=2048 e8_active_blocks=32 msg_bytes=64,3200,3456,7040,64
MAMBA-Viper-512,Viper-512,512,AVX2_DEFAULT,AVX2,KEM,KEM_Decaps,313842,1000,ok,codec=E8 use_e8=1 q=8192 k=9 eta_s=1 eta_r=1 t_pk=11 t_u=11 t_v=8 e8_rate=2 e8_alpha=2048 e8_active_blocks=32 msg_bytes=64,3200,3456,7040,64
MAMBA-Viper-512,Viper-512,512,AVX2_DEFAULT,AVX2,PKE,PKE_KeyGen,214357,1000,ok,codec=E8 use_e8=1 q=8192 k=9 eta_s=1 eta_r=1 t_pk=11 t_u=11 t_v=8 e8_rate=2 e8_alpha=2048 e8_active_blocks=32 msg_bytes=64,3200,3456,7040,64
MAMBA-Viper-512,Viper-512,512,AVX2_DEFAULT,AVX2,PKE,PKE_Enc,249545,1000,ok,codec=E8 use_e8=1 q=8192 k=9 eta_s=1 eta_r=1 t_pk=11 t_u=11 t_v=8 e8_rate=2 e8_alpha=2048 e8_active_blocks=32 msg_bytes=64,3200,3456,7040,64
MAMBA-Viper-512,Viper-512,512,AVX2_DEFAULT,AVX2,PKE,PKE_Dec,31236,1000,ok,codec=E8 use_e8=1 q=8192 k=9 eta_s=1 eta_r=1 t_pk=11 t_u=11 t_v=8 e8_rate=2 e8_alpha=2048 e8_active_blocks=32 msg_bytes=64,3200,3456,7040,64
MAMBA-Viper-512,Viper-512,512,AVX2_DEFAULT,AVX2,message_codec,msg_encode,22534,1000,ok,codec=E8 use_e8=1 q=8192 k=9 eta_s=1 eta_r=1 t_pk=11 t_u=11 t_v=8 e8_rate=2 e8_alpha=2048 e8_active_blocks=32 msg_bytes=64,3200,3456,7040,64
MAMBA-Viper-512,Viper-512,512,AVX2_DEFAULT,AVX2,message_codec,msg_decode,4940,1000,ok,codec=E8 use_e8=1 q=8192 k=9 eta_s=1 eta_r=1 t_pk=11 t_u=11 t_v=8 e8_rate=2 e8_alpha=2048 e8_active_blocks=32 msg_bytes=64,3200,3456,7040,64
MAMBA-Viper-512,Viper-512,512,AVX2_DEFAULT,AVX2,arithmetic,poly_mul,874,1000,ok,codec=E8 use_e8=1 q=8192 k=9 eta_s=1 eta_r=1 t_pk=11 t_u=11 t_v=8 e8_rate=2 e8_alpha=2048 e8_active_blocks=32 msg_bytes=64,3200,3456,7040,64
MAMBA-Viper-512,Viper-512,512,AVX2_DEFAULT,AVX2,arithmetic,A_times_s,48260,1000,ok,codec=E8 use_e8=1 q=8192 k=9 eta_s=1 eta_r=1 t_pk=11 t_u=11 t_v=8 e8_rate=2 e8_alpha=2048 e8_active_blocks=32 msg_bytes=64,3200,3456,7040,64
MAMBA-Viper-512,Viper-512,512,AVX2_DEFAULT,AVX2,arithmetic,AT_times_r,48108,1000,ok,codec=E8 use_e8=1 q=8192 k=9 eta_s=1 eta_r=1 t_pk=11 t_u=11 t_v=8 e8_rate=2 e8_alpha=2048 e8_active_blocks=32 msg_bytes=64,3200,3456,7040,64
MAMBA-Viper-512,Viper-512,512,AVX2_DEFAULT,AVX2,arithmetic,bhatT_times_r,6156,1000,ok,codec=E8 use_e8=1 q=8192 k=9 eta_s=1 eta_r=1 t_pk=11 t_u=11 t_v=8 e8_rate=2 e8_alpha=2048 e8_active_blocks=32 msg_bytes=64,3200,3456,7040,64
MAMBA-Viper-512,Viper-512,512,AVX2_DEFAULT,AVX2,arithmetic,sT_times_u,6118,1000,ok,codec=E8 use_e8=1 q=8192 k=9 eta_s=1 eta_r=1 t_pk=11 t_u=11 t_v=8 e8_rate=2 e8_alpha=2048 e8_active_blocks=32 msg_bytes=64,3200,3456,7040,64
MAMBA-Viper-512,Viper-512,512,AVX2_TCHES2021_NTT,AVX2,KEM,KEM_KeyGen,243959,1000,ok,codec=scalar use_e8=0 q=8192 k=9 eta_s=1 eta_r=1 t_pk=11 t_u=11 t_v=8 e8_rate=2 e8_alpha=2048 e8_active_blocks=32 msg_bytes=64 auxiliary-prime-CRT-NTT,3200,3456,7040,64
MAMBA-Viper-512,Viper-512,512,AVX2_TCHES2021_NTT,AVX2,KEM,KEM_Encaps,273030,1000,ok,codec=scalar use_e8=0 q=8192 k=9 eta_s=1 eta_r=1 t_pk=11 t_u=11 t_v=8 e8_rate=2 e8_alpha=2048 e8_active_blocks=32 msg_bytes=64 auxiliary-prime-CRT-NTT,3200,3456,7040,64
MAMBA-Viper-512,Viper-512,512,AVX2_TCHES2021_NTT,AVX2,KEM,KEM_Decaps,275196,1000,ok,codec=scalar use_e8=0 q=8192 k=9 eta_s=1 eta_r=1 t_pk=11 t_u=11 t_v=8 e8_rate=2 e8_alpha=2048 e8_active_blocks=32 msg_bytes=64 auxiliary-prime-CRT-NTT,3200,3456,7040,64
MAMBA-Viper-512,Viper-512,512,AVX2_TCHES2021_NTT,AVX2,PKE,PKE_KeyGen,216258,1000,ok,codec=scalar use_e8=0 q=8192 k=9 eta_s=1 eta_r=1 t_pk=11 t_u=11 t_v=8 e8_rate=2 e8_alpha=2048 e8_active_blocks=32 msg_bytes=64 auxiliary-prime-CRT-NTT,3200,3456,7040,64
MAMBA-Viper-512,Viper-512,512,AVX2_TCHES2021_NTT,AVX2,PKE,PKE_Enc,225264,1000,ok,codec=scalar use_e8=0 q=8192 k=9 eta_s=1 eta_r=1 t_pk=11 t_u=11 t_v=8 e8_rate=2 e8_alpha=2048 e8_active_blocks=32 msg_bytes=64 auxiliary-prime-CRT-NTT,3200,3456,7040,64
MAMBA-Viper-512,Viper-512,512,AVX2_TCHES2021_NTT,AVX2,PKE,PKE_Dec,28234,1000,ok,codec=scalar use_e8=0 q=8192 k=9 eta_s=1 eta_r=1 t_pk=11 t_u=11 t_v=8 e8_rate=2 e8_alpha=2048 e8_active_blocks=32 msg_bytes=64 auxiliary-prime-CRT-NTT,3200,3456,7040,64
MAMBA-Viper-512,Viper-512,512,AVX2_TCHES2021_NTT,AVX2,message_codec,msg_encode,570,1000,ok,codec=scalar use_e8=0 q=8192 k=9 eta_s=1 eta_r=1 t_pk=11 t_u=11 t_v=8 e8_rate=2 e8_alpha=2048 e8_active_blocks=32 msg_bytes=64 auxiliary-prime-CRT-NTT,3200,3456,7040,64
MAMBA-Viper-512,Viper-512,512,AVX2_TCHES2021_NTT,AVX2,message_codec,msg_decode,835,1000,ok,codec=scalar use_e8=0 q=8192 k=9 eta_s=1 eta_r=1 t_pk=11 t_u=11 t_v=8 e8_rate=2 e8_alpha=2048 e8_active_blocks=32 msg_bytes=64 auxiliary-prime-CRT-NTT,3200,3456,7040,64
MAMBA-Viper-512,Viper-512,512,AVX2_TCHES2021_NTT,AVX2,arithmetic,poly_mul,1026,1000,ok,codec=scalar use_e8=0 q=8192 k=9 eta_s=1 eta_r=1 t_pk=11 t_u=11 t_v=8 e8_rate=2 e8_alpha=2048 e8_active_blocks=32 msg_bytes=64 auxiliary-prime-CRT-NTT,3200,3456,7040,64
MAMBA-Viper-512,Viper-512,512,AVX2_TCHES2021_NTT,AVX2,arithmetic,A_times_s,46740,1000,ok,codec=scalar use_e8=0 q=8192 k=9 eta_s=1 eta_r=1 t_pk=11 t_u=11 t_v=8 e8_rate=2 e8_alpha=2048 e8_active_blocks=32 msg_bytes=64 auxiliary-prime-CRT-NTT,3200,3456,7040,64
MAMBA-Viper-512,Viper-512,512,AVX2_TCHES2021_NTT,AVX2,arithmetic,AT_times_r,46778,1000,ok,codec=scalar use_e8=0 q=8192 k=9 eta_s=1 eta_r=1 t_pk=11 t_u=11 t_v=8 e8_rate=2 e8_alpha=2048 e8_active_blocks=32 msg_bytes=64 auxiliary-prime-CRT-NTT,3200,3456,7040,64
MAMBA-Viper-512,Viper-512,512,AVX2_TCHES2021_NTT,AVX2,arithmetic,bhatT_times_r,7638,1000,ok,codec=scalar use_e8=0 q=8192 k=9 eta_s=1 eta_r=1 t_pk=11 t_u=11 t_v=8 e8_rate=2 e8_alpha=2048 e8_active_blocks=32 msg_bytes=64 auxiliary-prime-CRT-NTT,3200,3456,7040,64
MAMBA-Viper-512,Viper-512,512,AVX2_TCHES2021_NTT,AVX2,arithmetic,sT_times_u,7638,1000,ok,codec=scalar use_e8=0 q=8192 k=9 eta_s=1 eta_r=1 t_pk=11 t_u=11 t_v=8 e8_rate=2 e8_alpha=2048 e8_active_blocks=32 msg_bytes=64 auxiliary-prime-CRT-NTT,3200,3456,7040,64
MAMBA-Viper-512,Viper-512,512,AVX2_TCHES2021_NTT,AVX2,KEM,KEM_KeyGen,245708,1000,ok,codec=E8 use_e8=1 q=8192 k=9 eta_s=1 eta_r=1 t_pk=11 t_u=11 t_v=8 e8_rate=2 e8_alpha=2048 e8_active_blocks=32 msg_bytes=64 auxiliary-prime-CRT-NTT,3200,3456,7040,64
MAMBA-Viper-512,Viper-512,512,AVX2_TCHES2021_NTT,AVX2,KEM,KEM_Encaps,312815,1000,ok,codec=E8 use_e8=1 q=8192 k=9 eta_s=1 eta_r=1 t_pk=11 t_u=11 t_v=8 e8_rate=2 e8_alpha=2048 e8_active_blocks=32 msg_bytes=64 auxiliary-prime-CRT-NTT,3200,3456,7040,64
MAMBA-Viper-512,Viper-512,512,AVX2_TCHES2021_NTT,AVX2,KEM,KEM_Decaps,306584,1000,ok,codec=E8 use_e8=1 q=8192 k=9 eta_s=1 eta_r=1 t_pk=11 t_u=11 t_v=8 e8_rate=2 e8_alpha=2048 e8_active_blocks=32 msg_bytes=64 auxiliary-prime-CRT-NTT,3200,3456,7040,64
MAMBA-Viper-512,Viper-512,512,AVX2_TCHES2021_NTT,AVX2,PKE,PKE_KeyGen,213180,1000,ok,codec=E8 use_e8=1 q=8192 k=9 eta_s=1 eta_r=1 t_pk=11 t_u=11 t_v=8 e8_rate=2 e8_alpha=2048 e8_active_blocks=32 msg_bytes=64 auxiliary-prime-CRT-NTT,3200,3456,7040,64
MAMBA-Viper-512,Viper-512,512,AVX2_TCHES2021_NTT,AVX2,PKE,PKE_Enc,248786,1000,ok,codec=E8 use_e8=1 q=8192 k=9 eta_s=1 eta_r=1 t_pk=11 t_u=11 t_v=8 e8_rate=2 e8_alpha=2048 e8_active_blocks=32 msg_bytes=64 auxiliary-prime-CRT-NTT,3200,3456,7040,64
MAMBA-Viper-512,Viper-512,512,AVX2_TCHES2021_NTT,AVX2,PKE,PKE_Dec,33098,1000,ok,codec=E8 use_e8=1 q=8192 k=9 eta_s=1 eta_r=1 t_pk=11 t_u=11 t_v=8 e8_rate=2 e8_alpha=2048 e8_active_blocks=32 msg_bytes=64 auxiliary-prime-CRT-NTT,3200,3456,7040,64
MAMBA-Viper-512,Viper-512,512,AVX2_TCHES2021_NTT,AVX2,message_codec,msg_encode,22610,1000,ok,codec=E8 use_e8=1 q=8192 k=9 eta_s=1 eta_r=1 t_pk=11 t_u=11 t_v=8 e8_rate=2 e8_alpha=2048 e8_active_blocks=32 msg_bytes=64 auxiliary-prime-CRT-NTT,3200,3456,7040,64
MAMBA-Viper-512,Viper-512,512,AVX2_TCHES2021_NTT,AVX2,message_codec,msg_decode,4978,1000,ok,codec=E8 use_e8=1 q=8192 k=9 eta_s=1 eta_r=1 t_pk=11 t_u=11 t_v=8 e8_rate=2 e8_alpha=2048 e8_active_blocks=32 msg_bytes=64 auxiliary-prime-CRT-NTT,3200,3456,7040,64
MAMBA-Viper-512,Viper-512,512,AVX2_TCHES2021_NTT,AVX2,arithmetic,poly_mul,1026,1000,ok,codec=E8 use_e8=1 q=8192 k=9 eta_s=1 eta_r=1 t_pk=11 t_u=11 t_v=8 e8_rate=2 e8_alpha=2048 e8_active_blocks=32 msg_bytes=64 auxiliary-prime-CRT-NTT,3200,3456,7040,64
MAMBA-Viper-512,Viper-512,512,AVX2_TCHES2021_NTT,AVX2,arithmetic,A_times_s,46778,1000,ok,codec=E8 use_e8=1 q=8192 k=9 eta_s=1 eta_r=1 t_pk=11 t_u=11 t_v=8 e8_rate=2 e8_alpha=2048 e8_active_blocks=32 msg_bytes=64 auxiliary-prime-CRT-NTT,3200,3456,7040,64
MAMBA-Viper-512,Viper-512,512,AVX2_TCHES2021_NTT,AVX2,arithmetic,AT_times_r,46778,1000,ok,codec=E8 use_e8=1 q=8192 k=9 eta_s=1 eta_r=1 t_pk=11 t_u=11 t_v=8 e8_rate=2 e8_alpha=2048 e8_active_blocks=32 msg_bytes=64 auxiliary-prime-CRT-NTT,3200,3456,7040,64
MAMBA-Viper-512,Viper-512,512,AVX2_TCHES2021_NTT,AVX2,arithmetic,bhatT_times_r,7638,1000,ok,codec=E8 use_e8=1 q=8192 k=9 eta_s=1 eta_r=1 t_pk=11 t_u=11 t_v=8 e8_rate=2 e8_alpha=2048 e8_active_blocks=32 msg_bytes=64 auxiliary-prime-CRT-NTT,3200,3456,7040,64
MAMBA-Viper-512,Viper-512,512,AVX2_TCHES2021_NTT,AVX2,arithmetic,sT_times_u,7638,1000,ok,codec=E8 use_e8=1 q=8192 k=9 eta_s=1 eta_r=1 t_pk=11 t_u=11 t_v=8 e8_rate=2 e8_alpha=2048 e8_active_blocks=32 msg_bytes=64 auxiliary-prime-CRT-NTT,3200,3456,7040,64
