序号,类别,算法/文件名称,官方压缩包,仓库内解压目录,文件数,解压后大小(字节),官方压缩包SHA256,官方下载地址,官方页面
001,Digital Signature,Aigis-Sig+,Aigis-Sig+.zip,01-public-key/01-digital-signature/Aigis-Sig+,667,56994455,88242576a3ae8f9d090b0c9045020f04ee9b5ae828e01b839f25267959e9c7ea,https://www.niccs.org.cn/niccs/Proposal/Public-Key%20Cryptographic%20Algorithms/Round%201%20candidates/Digital%20Signature/Aigis-Sig%2B.zip,https://www.niccs.org.cn/niccs/R1DigitalSignature/pc/content/content_2101558094519160832.html
002,Digital Signature,BIT: Bimodal Triangular distribution based lattice signatures,BiT.zip,01-public-key/01-digital-signature/BiT,251,53213071,698fbe834279a4100a66c20f3e0b634c738e1150936acf74b55efc6db6975e8d,https://www.niccs.org.cn/niccs/Proposal/Public-Key%20Cryptographic%20Algorithms/Round%201%20candidates/Digital%20Signature/BiT.zip,https://www.niccs.org.cn/niccs/R1DigitalSignature/pc/content/content_2101557841271279616.html
003,Digital Signature,CEDRUS+C,cedrus+c.zip,01-public-key/01-digital-signature/cedrus+c,699,32352397,a31de849cf0a0703a4e57decbdf4d97b100d00dc74756feaded2c04a7593e110,https://www.niccs.org.cn/niccs/Proposal/Public-Key%20Cryptographic%20Algorithms/Round%201%20candidates/Digital%20Signature/cedrus%2Bc.zip,https://www.niccs.org.cn/niccs/R1DigitalSignature/pc/content/content_2101557642016673792.html
004,Digital Signature,CEDRUSɑ,cedrus-α.zip,01-public-key/01-digital-signature/cedrus-α,595,32463228,b90559ca94bda0130420f91fa52eeb242063a57188c766037c1b234ec3af563b,https://www.niccs.org.cn/niccs/Proposal/Public-Key%20Cryptographic%20Algorithms/Round%201%20candidates/Digital%20Signature/cedrus-%CE%B1.zip,https://www.niccs.org.cn/niccs/R1DigitalSignature/pc/content/content_2101557382456365056.html
005,Digital Signature,Chinith,Chinith.zip,01-public-key/01-digital-signature/Chinith,1536,26010095,4d31ba3fe8718f59901b7efdf01b4179912ef8e04f58b4b6dbba84186f002283,https://www.niccs.org.cn/niccs/Proposal/Public-Key%20Cryptographic%20Algorithms/Round%201%20candidates/Digital%20Signature/Chinith.zip,https://www.niccs.org.cn/niccs/R1DigitalSignature/pc/content/content_2101557150763012096.html
006,Digital Signature,COMPASS-SIG,COMPASS-SIG.zip,01-public-key/01-digital-signature/COMPASS-SIG,422,49225441,ce88066506fe9b58c300b3ca51462c7a8350484d88ad5b8a9c9f17b5152ca820,https://www.niccs.org.cn/niccs/Proposal/Public-Key%20Cryptographic%20Algorithms/Round%201%20candidates/Digital%20Signature/COMPASS-SIG.zip,https://www.niccs.org.cn/niccs/R1DigitalSignature/pc/content/content_2101556993568886784.html
007,Digital Signature,CS,CS.zip,01-public-key/01-digital-signature/CS,142,19296314,c790d31cd4a288990f3d692381ed721a06641938a02dfc2e0435b7d323475cef,https://www.niccs.org.cn/niccs/Proposal/Public-Key%20Cryptographic%20Algorithms/Round%201%20candidates/Digital%20Signature/CS.zip,https://www.niccs.org.cn/niccs/R1DigitalSignature/pc/content/content_2101556821766000640.html
008,Digital Signature,DARTS,DARTS.zip,01-public-key/01-digital-signature/DARTS,837,41947134,1846cfe63f0cef83e2e0ca21f5dcadce3c4b16da33713957be6d156e2a9e6e95,https://www.niccs.org.cn/niccs/Proposal/Public-Key%20Cryptographic%20Algorithms/Round%201%20candidates/Digital%20Signature/DARTS.zip,https://www.niccs.org.cn/niccs/R1DigitalSignature/pc/content/content_2101556638554607616.html
009,Digital Signature,DOVE,DOVE.zip,01-public-key/01-digital-signature/DOVE,12,1062143601,19169e545f6a6fd90b844b0deb72db81b5eb73c136873d1dae113c2c39d1c6e0,https://www.niccs.org.cn/niccs/Proposal/Public-Key%20Cryptographic%20Algorithms/Round%201%20candidates/Digital%20Signature/DOVE.zip,https://www.niccs.org.cn/niccs/R1DigitalSignature/pc/content/content_2101556458866429952.html
010,Digital Signature,Facto-DSA,Facto-DSA.zip,01-public-key/01-digital-signature/Facto-DSA,669,17103431,b3de38fcc2d92ce83290d17cb250dde61f95d3326a49ada36fad3c578f2fc509,https://www.niccs.org.cn/niccs/Proposal/Public-Key%20Cryptographic%20Algorithms/Round%201%20candidates/Digital%20Signature/Facto-DSA.zip,https://www.niccs.org.cn/niccs/R1DigitalSignature/pc/content/content_2101556276175130624.html
011,Digital Signature,FlexTree,Flextree.zip,01-public-key/01-digital-signature/Flextree,763,338499596,f31d434ac297ef6a8c454bf9d219f125290749de157df3eb90d29ae3b8a0270a,https://www.niccs.org.cn/niccs/Proposal/Public-Key%20Cryptographic%20Algorithms/Round%201%20candidates/Digital%20Signature/Flextree.zip,https://www.niccs.org.cn/niccs/R1DigitalSignature/pc/content/content_2101556121149460480.html
012,Digital Signature,Galas Signature Scheme,Galas Signature.zip,01-public-key/01-digital-signature/Galas Signature,1207,75208262,98d57af868fa10d74b2c0656e565aa14a42ff902646d6fc440ffb7355b75342c,https://www.niccs.org.cn/niccs/Proposal/Public-Key%20Cryptographic%20Algorithms/Round%201%20candidates/Digital%20Signature/Galas%20Signature.zip,https://www.niccs.org.cn/niccs/R1DigitalSignature/pc/content/content_2101555932409974784.html
013,Digital Signature,GreatWall Signature Algorithm,GreatWall.zip,01-public-key/01-digital-signature/GreatWall,1461,42957360,814cd3b977ddc0cc59828861c145580473b1a62a66da852b078edbaf689f5a8d,https://www.niccs.org.cn/niccs/Proposal/Public-Key%20Cryptographic%20Algorithms/Round%201%20candidates/Digital%20Signature/GreatWall.zip,https://www.niccs.org.cn/niccs/R1DigitalSignature/pc/content/content_2101555653564256256.html
014,Digital Signature,Lynxer,Lynxer.zip,01-public-key/01-digital-signature/Lynxer,1381,42609716,34d863f7df8979c4a5e27fcfe657ed54e81905115c0afc8ef749f50af432f928,https://www.niccs.org.cn/niccs/Proposal/Public-Key%20Cryptographic%20Algorithms/Round%201%20candidates/Digital%20Signature/Lynxer.zip,https://www.niccs.org.cn/niccs/R1DigitalSignature/pc/content/content_2101555352421617664.html
015,Digital Signature,MORNING-ATLAS,MORNING-ATLAS.zip,01-public-key/01-digital-signature/MORNING-ATLAS,201,16046538,c796b106a7d43b2b3d6110ec2be426aa321cc7336f39a2cc027b2d6e8b4cc8c1,https://www.niccs.org.cn/niccs/Proposal/Public-Key%20Cryptographic%20Algorithms/Round%201%20candidates/Digital%20Signature/MORNING-ATLAS.zip,https://www.niccs.org.cn/niccs/R1DigitalSignature/pc/content/content_2101555184259387392.html
016,Digital Signature,Octarine,Octarine.zip,01-public-key/01-digital-signature/Octarine,423,18782379,7044d22735d39f902df35dd7d8d77c850cd296c81517e8c19134a2f9d006655a,https://www.niccs.org.cn/niccs/Proposal/Public-Key%20Cryptographic%20Algorithms/Round%201%20candidates/Digital%20Signature/Octarine.zip,https://www.niccs.org.cn/niccs/R1DigitalSignature/pc/content/content_2101555029988691968.html
017,Digital Signature,OPS Digital Signature Algorithm,OPS Digital Signature Algorithm.zip,01-public-key/01-digital-signature/OPS Digital Signature Algorithm,312,7201782,02322c6792259231ab8eb3cc094be32be02a1b9b6b1d7c86b0029c37b0f04d09,https://www.niccs.org.cn/niccs/Proposal/Public-Key%20Cryptographic%20Algorithms/Round%201%20candidates/Digital%20Signature/OPS%20Digital%20Signature%20Algorithm.zip,https://www.niccs.org.cn/niccs/R1DigitalSignature/pc/content/content_2101554635183050752.html
018,Digital Signature,Origami,Origami.zip,01-public-key/01-digital-signature/Origami,149,33985308,e34f18832e968681dd0c51ce0d4b29d80e01ad29daa83dfb805718b76fdffa80,https://www.niccs.org.cn/niccs/Proposal/Public-Key%20Cryptographic%20Algorithms/Round%201%20candidates/Digital%20Signature/Origami.zip,https://www.niccs.org.cn/niccs/R1DigitalSignature/pc/content/content_2101554434972143616.html
019,Digital Signature,Phoenix,Phoenix.zip,01-public-key/01-digital-signature/Phoenix,2576,42836899,ec801791976a10baffa852c479afd12362af3b5fb6420104254fb48814d99918,https://www.niccs.org.cn/niccs/Proposal/Public-Key%20Cryptographic%20Algorithms/Round%201%20candidates/Digital%20Signature/Phoenix.zip,https://www.niccs.org.cn/niccs/R1DigitalSignature/pc/content/content_2101554285583618048.html
020,Digital Signature,Qing Luan,QingLuan.zip,01-public-key/01-digital-signature/QingLuan,519,36955156,2eb8f3ed205eb7c7e8b3108a997b59643d1aa5579035b8093b4ddbe051a48007,https://www.niccs.org.cn/niccs/Proposal/Public-Key%20Cryptographic%20Algorithms/Round%201%20candidates/Digital%20Signature/QingLuan.zip,https://www.niccs.org.cn/niccs/R1DigitalSignature/pc/content/content_2101554097515220992.html
021,Digital Signature,ReSolveD-ɑ,ReSolveD-alpha.zip,01-public-key/01-digital-signature/ReSolveD-alpha,1318,23081260,499821538d7f79464cc1ee1468254b0e49f750794a591ffe038938c4cfa11914,https://www.niccs.org.cn/niccs/Proposal/Public-Key%20Cryptographic%20Algorithms/Round%201%20candidates/Digital%20Signature/ReSolveD-alpha.zip,https://www.niccs.org.cn/niccs/R1DigitalSignature/pc/content/content_2101553903805485056.html
022,Digital Signature,Rhyme,Rhyme.zip,01-public-key/01-digital-signature/Rhyme,831,24545095,7b509d21c6674bc23751b8743cb7c2a4a07ee295fafe04e2fa95c0613160bdfd,https://www.niccs.org.cn/niccs/Proposal/Public-Key%20Cryptographic%20Algorithms/Round%201%20candidates/Digital%20Signature/Rhyme.zip,https://www.niccs.org.cn/niccs/R1DigitalSignature/pc/content/content_2101553636984836096.html
023,Digital Signature,Shuttle,shuttle.zip,01-public-key/01-digital-signature/shuttle,564,14012279,09253fd33c2215098177991db3375cb94e4e4a73a65b019783edabefa5bd8a62,https://www.niccs.org.cn/niccs/Proposal/Public-Key%20Cryptographic%20Algorithms/Round%201%20candidates/Digital%20Signature/shuttle.zip,https://www.niccs.org.cn/niccs/R1DigitalSignature/pc/content/content_2101553465160978432.html
024,Digital Signature,Sigurd,Sigurd.zip,01-public-key/01-digital-signature/Sigurd,101,28528620,443ab14257658d89a60e14ad0d4b7f4df9fcdd06da4f42fcb29bbbfc75a97153,https://www.niccs.org.cn/niccs/Proposal/Public-Key%20Cryptographic%20Algorithms/Round%201%20candidates/Digital%20Signature/Sigurd.zip,https://www.niccs.org.cn/niccs/R1DigitalSignature/pc/content/content_2101553271568683008.html
025,Digital Signature,SQIsign2D2,SQIsign2D2.zip,01-public-key/01-digital-signature/SQIsign2D2,1309,39282211,cf635de5eebbdeb7b2212e84f349da4ca878889e0a4a59b463d0c8cdfdb8eeab,https://www.niccs.org.cn/niccs/Proposal/Public-Key%20Cryptographic%20Algorithms/Round%201%20candidates/Digital%20Signature/SQIsign2D2.zip,https://www.niccs.org.cn/niccs/R1DigitalSignature/pc/content/content_2101553124910649344.html
026,Digital Signature,SQIsign2D-push1/2,SQIsign2D-push12.zip,01-public-key/01-digital-signature/SQIsign2D-push12,1710,42581189,98b7e4ffddfe31b5fb0f448345b49228c8d8a7c87078688ba1656b28631448c5,https://www.niccs.org.cn/niccs/Proposal/Public-Key%20Cryptographic%20Algorithms/Round%201%20candidates/Digital%20Signature/SQIsign2D-push12.zip,https://www.niccs.org.cn/niccs/R1DigitalSignature/pc/content/content_2101552902641897472.html
027,Digital Signature,SQIsignTriangle,SQIsignTriangle.zip,01-public-key/01-digital-signature/SQIsignTriangle,3848,44910728,f4afa484e450e2adf4b5f9c867fb199d0d0e22d66a3eafbc8c4738744fb62c58,https://www.niccs.org.cn/niccs/Proposal/Public-Key%20Cryptographic%20Algorithms/Round%201%20candidates/Digital%20Signature/SQIsignTriangle.zip,https://www.niccs.org.cn/niccs/R1DigitalSignature/pc/content/content_2101552649452736512.html
028,Digital Signature,SYDO,SYDO.zip,01-public-key/01-digital-signature/SYDO,835,67644749,c4ae5b27a188612cd286a786179ce5461e6aca0b8599ba13b8d77b210a940adb,https://www.niccs.org.cn/niccs/Proposal/Public-Key%20Cryptographic%20Algorithms/Round%201%20candidates/Digital%20Signature/SYDO.zip,https://www.niccs.org.cn/niccs/R1DigitalSignature/pc/content/content_2101552484230713344.html
029,Digital Signature,Tins,Tins.zip,01-public-key/01-digital-signature/Tins,142,9049314,84affc1f7cbdeec48a7cb6df3349b5708644672f2ac12140c529e74f6d57ca21,https://www.niccs.org.cn/niccs/Proposal/Public-Key%20Cryptographic%20Algorithms/Round%201%20candidates/Digital%20Signature/Tins.zip,https://www.niccs.org.cn/niccs/R1DigitalSignature/pc/content/content_2101552328517177344.html
030,Digital Signature,TRINE,TRINE.zip,01-public-key/01-digital-signature/TRINE,593,115599868,4b22f54b07509833b08d32402ffe06d7566e4c87622f9931079e791c80f4765d,https://www.niccs.org.cn/niccs/Proposal/Public-Key%20Cryptographic%20Algorithms/Round%201%20candidates/Digital%20Signature/TRINE.zip,https://www.niccs.org.cn/niccs/R1DigitalSignature/pc/content/content_2101552163232239616.html
031,Digital Signature,TSUOV,TSUOV.zip,01-public-key/01-digital-signature/TSUOV,315,7389897,7ab1effc5fe911c6ab9483ca44a9d9f6d6d911b03eee9f2873b384d97f9aee1d,https://www.niccs.org.cn/niccs/Proposal/Public-Key%20Cryptographic%20Algorithms/Round%201%20candidates/Digital%20Signature/TSUOV.zip,https://www.niccs.org.cn/niccs/R1DigitalSignature/pc/content/content_2101551978309570560.html
032,Digital Signature,UVW signature,UVW signature.zip,01-public-key/01-digital-signature/UVW signature,138,2498522423,bbfa8dad5ee57083578b50b9937e773e6158f72646e825da3d3265cc00cb1294,https://www.niccs.org.cn/niccs/Proposal/Public-Key%20Cryptographic%20Algorithms/Round%201%20candidates/Digital%20Signature/UVW%20signature.zip,https://www.niccs.org.cn/niccs/R1DigitalSignature/pc/content/content_2101551799695134720.html
033,Digital Signature,VDOO: Vinegar-Diagonal-Oil-Oil,VDOO.zip,01-public-key/01-digital-signature/VDOO,283,1008341776,4b7bb0f15388b395b9308ae480f25622105a734f0ab4a6bd16398438c4b9752a,https://www.niccs.org.cn/niccs/Proposal/Public-Key%20Cryptographic%20Algorithms/Round%201%20candidates/Digital%20Signature/VDOO.zip,https://www.niccs.org.cn/niccs/R1DigitalSignature/pc/content/content_2101551382802288640.html
034,Digital Signature,YuanYang.DSA,YuanYang.DSA.zip,01-public-key/01-digital-signature/YuanYang.DSA,366,27868953,1eb45f24ad8f7ff25db923479c6500f273aee8b2470d76339030fed8d96b5b31,https://www.niccs.org.cn/niccs/Proposal/Public-Key%20Cryptographic%20Algorithms/Round%201%20candidates/Digital%20Signature/YuanYang.DSA.zip,https://www.niccs.org.cn/niccs/R1DigitalSignature/pc/content/content_2101548349997535232.html
035,Key Encapsulation,Aigis-Enc+,Aigis-Enc+.zip,01-public-key/02-key-encapsulation/Aigis-Enc+,654,31794081,1c053133175cd189fd9f0e058bde684168f55a6fc3871de2a755404a08990186,https://www.niccs.org.cn/niccs/Proposal/Public-Key%20Cryptographic%20Algorithms/Round%201%20candidates/Key%20Encapsulation/Aigis-Enc%2B.zip,https://www.niccs.org.cn/niccs/R1KeyEncapsulation/pc/content/content_2101517514145615872.html
036,Key Encapsulation,Amoeba,Amoeba.zip,01-public-key/02-key-encapsulation/Amoeba,425,6698976,719c438a30cccd72c9d83da4b5150fee0c55351f2c13e7a66fd61bf653ca5c24,https://www.niccs.org.cn/niccs/Proposal/Public-Key%20Cryptographic%20Algorithms/Round%201%20candidates/Key%20Encapsulation/Amoeba.zip,https://www.niccs.org.cn/niccs/R1KeyEncapsulation/pc/content/content_2101517132006772736.html
037,Key Encapsulation,BAG-Loong,BAG-Loong.zip,01-public-key/02-key-encapsulation/BAG-Loong,157,19168418,2795fd57d3d00791652256362b4a21982116d3aad1fb63633dac923e0e76e05b,https://www.niccs.org.cn/niccs/Proposal/Public-Key%20Cryptographic%20Algorithms/Round%201%20candidates/Key%20Encapsulation/BAG-Loong.zip,https://www.niccs.org.cn/niccs/R1KeyEncapsulation/pc/content/content_2101516939177840640.html
038,Key Encapsulation,BAG-Piglet,BAG-Piglet.zip,01-public-key/02-key-encapsulation/BAG-Piglet,426,13776989,31afe1f2f4e97ad77929d7855c7d9011d69755049d155c09be9339bc99b1d405,https://www.niccs.org.cn/niccs/Proposal/Public-Key%20Cryptographic%20Algorithms/Round%201%20candidates/Key%20Encapsulation/BAG-Piglet.zip,https://www.niccs.org.cn/niccs/R1KeyEncapsulation/pc/content/content_2101516713507508224.html
039,Key Encapsulation,BIKE-MLThre,BIKE_MLThre.zip,01-public-key/02-key-encapsulation/BIKE_MLThre,203,85262911,3a5d97532003786374b68b39779cff4e4938f593fef9596f171652c6ff593917,https://www.niccs.org.cn/niccs/Proposal/Public-Key%20Cryptographic%20Algorithms/Round%201%20candidates/Key%20Encapsulation/BIKE_MLThre.zip,https://www.niccs.org.cn/niccs/R1KeyEncapsulation/pc/content/content_2101513734456954880.html
040,Key Encapsulation,BRA,BRA.zip,01-public-key/02-key-encapsulation/BRA,468,12900191,612a3fe69c7a28fae7ca87a226d29e67a9cffb6ce9e4cbe54ac9de37f7650d7a,https://www.niccs.org.cn/niccs/Proposal/Public-Key%20Cryptographic%20Algorithms/Round%201%20candidates/Key%20Encapsulation/BRA.zip,https://www.niccs.org.cn/niccs/R1KeyEncapsulation/pc/content/content_2101513510208491520.html
041,Key Encapsulation,BRQC,BRQC.zip,01-public-key/02-key-encapsulation/BRQC,468,13536766,2c76bdd4e4df7829bf22fa4949a3c744b9af692425f6f2e5fae5317d41e366ae,https://www.niccs.org.cn/niccs/Proposal/Public-Key%20Cryptographic%20Algorithms/Round%201%20candidates/Key%20Encapsulation/BRQC.zip,https://www.niccs.org.cn/niccs/R1KeyEncapsulation/pc/content/content_2101513287428034560.html
042,Key Encapsulation,BW-KEM,BW-KEM.zip,01-public-key/02-key-encapsulation/BW-KEM,4278,35471045,a1f8a079df7d55576209f45fcf00afd700fc60c0b18d758d572585ccea594ae3,https://www.niccs.org.cn/niccs/Proposal/Public-Key%20Cryptographic%20Algorithms/Round%201%20candidates/Key%20Encapsulation/BW-KEM.zip,https://www.niccs.org.cn/niccs/R1KeyEncapsulation/pc/content/content_2101513068019798016.html
043,Key Encapsulation,CheetahKEM,CheetahKEM.zip,01-public-key/02-key-encapsulation/CheetahKEM,199,10667324,fc321e46bac9c387535e2053bed560eac3d3cd88ba9bebc154f5bf68dd47dcd1,https://www.niccs.org.cn/niccs/Proposal/Public-Key%20Cryptographic%20Algorithms/Round%201%20candidates/Key%20Encapsulation/CheetahKEM.zip,https://www.niccs.org.cn/niccs/R1KeyEncapsulation/pc/content/content_2101512860473053184.html
044,Key Encapsulation,C-Multi-UR-AG,C-Multi-UR-AG.zip,01-public-key/02-key-encapsulation/C-Multi-UR-AG,468,17029151,c41e372a55e1dd4aa0e30c6b53d9d7b4f9cd1d7ae431763535e1e61097445e2c,https://www.niccs.org.cn/niccs/Proposal/Public-Key%20Cryptographic%20Algorithms/Round%201%20candidates/Key%20Encapsulation/C-Multi-UR-AG.zip,https://www.niccs.org.cn/niccs/R1KeyEncapsulation/pc/content/content_2101512642461519872.html
045,Key Encapsulation,COMPASS-KEM,COMPASS-KEM.zip,01-public-key/02-key-encapsulation/COMPASS-KEM,312,64309153,8fc838488ac0849d4c6afd161f8b9742c7a8b9a330bc3b79df70ced7e2d1d5e2,https://www.niccs.org.cn/niccs/Proposal/Public-Key%20Cryptographic%20Algorithms/Round%201%20candidates/Key%20Encapsulation/COMPASS-KEM.zip,https://www.niccs.org.cn/niccs/R1KeyEncapsulation/pc/content/content_2101512022090403840.html
046,Key Encapsulation,CTL Algorithm,CTL.zip,01-public-key/02-key-encapsulation/CTL,761,59984017,512caaf5fa04ea5ab51fb5eeee9e81f8c7c7c430b60727130067634bfb674d01,https://www.niccs.org.cn/niccs/Proposal/Public-Key%20Cryptographic%20Algorithms/Round%201%20candidates/Key%20Encapsulation/CTL.zip,https://www.niccs.org.cn/niccs/R1KeyEncapsulation/pc/content/content_2101511814187143168.html
047,Key Encapsulation,DKEM (Ding Key Encapsulation),DKEM.zip,01-public-key/02-key-encapsulation/DKEM,1503,16315474,862f40ba424253bae7fadbc9c2f54a568b77e0f97fba4728c5fd1e4e826dddc7,https://www.niccs.org.cn/niccs/Proposal/Public-Key%20Cryptographic%20Algorithms/Round%201%20candidates/Key%20Encapsulation/DKEM.zip,https://www.niccs.org.cn/niccs/R1KeyEncapsulation/pc/content/content_2101511580744765440.html
048,Key Encapsulation,DTRU,DTRU.zip,01-public-key/02-key-encapsulation/DTRU,6033,57033711,ed443d6a9e2e6c50e4956e9b30ce078ae0598a8846962d04b9894cac0816527b,https://www.niccs.org.cn/niccs/Proposal/Public-Key%20Cryptographic%20Algorithms/Round%201%20candidates/Key%20Encapsulation/DTRU.zip,https://www.niccs.org.cn/niccs/R1KeyEncapsulation/pc/content/content_2101511361315557376.html
049,Key Encapsulation,FLIT,FLIT.zip,01-public-key/02-key-encapsulation/FLIT,453,9012944,6c560f434b347fbac8334f55b9ba2838cb1cf885d5aa25e95acb66ed6c6de0fe,https://www.niccs.org.cn/niccs/Proposal/Public-Key%20Cryptographic%20Algorithms/Round%201%20candidates/Key%20Encapsulation/FLIT.zip,https://www.niccs.org.cn/niccs/R1KeyEncapsulation/pc/content/content_2101511175910543360.html
050,Key Encapsulation,HARE,HARE.zip,01-public-key/02-key-encapsulation/HARE,181,18131686,718bb70eee268550fcef2a82e8eb9879c51ecfdbaefd6bfe2157e7639ffc8557,https://www.niccs.org.cn/niccs/Proposal/Public-Key%20Cryptographic%20Algorithms/Round%201%20candidates/Key%20Encapsulation/HARE.zip,https://www.niccs.org.cn/niccs/R1KeyEncapsulation/pc/content/content_2101510831696596992.html
051,Key Encapsulation,Hybrid Equivalent Punctured and Quasi-Cyclic,HEP-QC.zip,01-public-key/02-key-encapsulation/HEP-QC,96,1410615217,3780991127f49b6397b4182d32b35ab7a6359bf825a707e90df0f809beeb3790,https://www.niccs.org.cn/niccs/Proposal/Public-Key%20Cryptographic%20Algorithms/Round%201%20candidates/Key%20Encapsulation/HEP-QC.zip,https://www.niccs.org.cn/niccs/R1KeyEncapsulation/pc/content/content_2101510686716284928.html
052,Key Encapsulation,LoongKEM,LoongKEM.zip,01-public-key/02-key-encapsulation/LoongKEM,151,11112165,a6e5070647a40e7de1bf6e5b085dc1d6423c003a409864fdb303d87f881cec0b,https://www.niccs.org.cn/niccs/Proposal/Public-Key%20Cryptographic%20Algorithms/Round%201%20candidates/Key%20Encapsulation/LoongKEM.zip,https://www.niccs.org.cn/niccs/R1KeyEncapsulation/pc/content/content_2101510548270698496.html
053,Key Encapsulation,Lore,Lore.zip,01-public-key/02-key-encapsulation/Lore,1030,15579361,e33130fb45a3b1e220f8043739d1396a884c0043cb4336104e67e5404c7cc725,https://www.niccs.org.cn/niccs/Proposal/Public-Key%20Cryptographic%20Algorithms/Round%201%20candidates/Key%20Encapsulation/Lore.zip,https://www.niccs.org.cn/niccs/R1KeyEncapsulation/pc/content/content_2101510396353007616.html
054,Key Encapsulation,MAMBA-Frost,MAMBA-Frost.zip,01-public-key/02-key-encapsulation/MAMBA-Frost,1659,46064638,ae363dbefd69d64e99987b64105d60bfa376d97c8b58b055665761559c44c78b,https://www.niccs.org.cn/niccs/Proposal/Public-Key%20Cryptographic%20Algorithms/Round%201%20candidates/Key%20Encapsulation/MAMBA-Frost.zip,https://www.niccs.org.cn/niccs/R1KeyEncapsulation/pc/content/content_2101510166681309184.html
055,Key Encapsulation,MAMBA-Viper,MAMBA-Viper.zip,01-public-key/02-key-encapsulation/MAMBA-Viper,1197,29864303,cdf52bb77066664f74eb44872d5ab1785c22df194e50c603120432a169c61f4c,https://www.niccs.org.cn/niccs/Proposal/Public-Key%20Cryptographic%20Algorithms/Round%201%20candidates/Key%20Encapsulation/MAMBA-Viper.zip,https://www.niccs.org.cn/niccs/R1KeyEncapsulation/pc/content/content_2101504976255275008.html
056,Key Encapsulation,Mithril,Mithril.zip,01-public-key/02-key-encapsulation/Mithril,424,16728862,9fed68e7923c6bc9ede072183f7d3983058f88deec5534e779ed2200ee4f7f9f,https://www.niccs.org.cn/niccs/Proposal/Public-Key%20Cryptographic%20Algorithms/Round%201%20candidates/Key%20Encapsulation/Mithril.zip,https://www.niccs.org.cn/niccs/R1KeyEncapsulation/pc/content/content_2101503645129986048.html
057,Key Encapsulation,Mito,Mito.zip,01-public-key/02-key-encapsulation/Mito,1180,36095947,ee11788a3e8bf8653d18ade6580c47a331b91e7eac3e31a5a6750a4b4cfb827b,https://www.niccs.org.cn/niccs/Proposal/Public-Key%20Cryptographic%20Algorithms/Round%201%20candidates/Key%20Encapsulation/Mito.zip,https://www.niccs.org.cn/niccs/R1KeyEncapsulation/pc/content/content_2101503493858217984.html
058,Key Encapsulation,MORNING-Scabbard,MORNING-Scabbard.zip,01-public-key/02-key-encapsulation/MORNING-Scabbard,383,28150632,fdb6749116bddbb8a86074b9ab6f5f55d37540b92e3964906dede0b09c7faf4b,https://www.niccs.org.cn/niccs/Proposal/Public-Key%20Cryptographic%20Algorithms/Round%201%20candidates/Key%20Encapsulation/MORNING-Scabbard.zip,https://www.niccs.org.cn/niccs/R1KeyEncapsulation/pc/content/content_2101503284793135104.html
059,Key Encapsulation,NEV,NEV.zip,01-public-key/02-key-encapsulation/NEV,1913,25169763,8105c6241a322661411e870a3087338f48f4f5c477a540387b800c08955cc7fd,https://www.niccs.org.cn/niccs/Proposal/Public-Key%20Cryptographic%20Algorithms/Round%201%20candidates/Key%20Encapsulation/NEV.zip,https://www.niccs.org.cn/niccs/R1KeyEncapsulation/pc/content/content_2101503060444008448.html
060,Key Encapsulation,NSS-HQC,NSS-HQC.zip,01-public-key/02-key-encapsulation/NSS-HQC,144,10448838,033994e27bf0dc824078593a98eb51465f979b1bca0932cabb29be6626447638,https://www.niccs.org.cn/niccs/Proposal/Public-Key%20Cryptographic%20Algorithms/Round%201%20candidates/Key%20Encapsulation/NSS-HQC.zip,https://www.niccs.org.cn/niccs/R1KeyEncapsulation/pc/content/content_2101502496087822336.html
061,Key Encapsulation,NTRE Key Encapsulation Mechanism,NTRE.zip,01-public-key/02-key-encapsulation/NTRE,350,14111520,9c0bad4c4846998df1214ba562e1c3b8aece6b69f08234a9bb0d89e3a5a4ea9a,https://www.niccs.org.cn/niccs/Proposal/Public-Key%20Cryptographic%20Algorithms/Round%201%20candidates/Key%20Encapsulation/NTRE.zip,https://www.niccs.org.cn/niccs/R1KeyEncapsulation/pc/content/content_2101502307428028416.html
062,Key Encapsulation,OAEP-NTRU,OAEP-NTRU.zip,01-public-key/02-key-encapsulation/OAEP-NTRU,185,8525051,aaab8e0692fd19dd2edda5384b5e85bba74661d478823b48cab3cccb53675756,https://www.niccs.org.cn/niccs/Proposal/Public-Key%20Cryptographic%20Algorithms/Round%201%20candidates/Key%20Encapsulation/OAEP-NTRU.zip,https://www.niccs.org.cn/niccs/R1KeyEncapsulation/pc/content/content_2101502137470636032.html
063,Key Encapsulation,Polar-KEM,Polar-KEM.zip,01-public-key/02-key-encapsulation/Polar-KEM,138,2063813,3ae9d4f1a717fb473e76447014d585cd5d14fe38728f02b1a044cc6a2d03e16d,https://www.niccs.org.cn/niccs/Proposal/Public-Key%20Cryptographic%20Algorithms/Round%201%20candidates/Key%20Encapsulation/Polar-KEM.zip,https://www.niccs.org.cn/niccs/R1KeyEncapsulation/pc/content/content_2101501931157016576.html
064,Key Encapsulation,PolarLAC,PolarLAC.zip,01-public-key/02-key-encapsulation/PolarLAC,663,20143834,906be26ce8d27de335b691ff8490b2344b46d7519d88c799cba0242324e4882c,https://www.niccs.org.cn/niccs/Proposal/Public-Key%20Cryptographic%20Algorithms/Round%201%20candidates/Key%20Encapsulation/PolarLAC.zip,https://www.niccs.org.cn/niccs/R1KeyEncapsulation/pc/content/content_2101501254599004160.html
065,Key Encapsulation,QIMEN-PIKE,QIMEN-PIKE.zip,01-public-key/02-key-encapsulation/QIMEN-PIKE,472,42976044,eff17fd345bbb44cbaeb822bece3c0b82b8d00f49278e72a89c83e2551c1752a,https://www.niccs.org.cn/niccs/Proposal/Public-Key%20Cryptographic%20Algorithms/Round%201%20candidates/Key%20Encapsulation/QIMEN-PIKE.zip,https://www.niccs.org.cn/niccs/R1KeyEncapsulation/pc/content/content_2101500333840224256.html
066,Key Encapsulation,Quasi-Cyclic Twisted McEliece Key Encapsulation Mechanism,QCTM.zip,01-public-key/02-key-encapsulation/QCTM,230,151156687,24a3986a4fbb852a677267a6443756328eae3642af770e767fe38f8291f294db,https://www.niccs.org.cn/niccs/Proposal/Public-Key%20Cryptographic%20Algorithms/Round%201%20candidates/Key%20Encapsulation/QCTM.zip,https://www.niccs.org.cn/niccs/R1KeyEncapsulation/pc/content/content_2101500178147659776.html
067,Key Encapsulation,QUBE,QUBE.zip,01-public-key/02-key-encapsulation/QUBE,325,14863246,f5eedd8a4bf786cd5a56a21f2c7ad5cf3307939a1bf0aeca5041920067880396,https://www.niccs.org.cn/niccs/Proposal/Public-Key%20Cryptographic%20Algorithms/Round%201%20candidates/Key%20Encapsulation/QUBE.zip,https://www.niccs.org.cn/niccs/R1KeyEncapsulation/pc/content/content_2101500001315803136.html
068,Key Encapsulation,Rudraksh2,Rudraksh2.zip,01-public-key/02-key-encapsulation/Rudraksh2,3658,41959639,569d526cf7abe38393f69a4513686fa86a0c3b3033cc225b84cc107b20b17b98,https://www.niccs.org.cn/niccs/Proposal/Public-Key%20Cryptographic%20Algorithms/Round%201%20candidates/Key%20Encapsulation/Rudraksh2.zip,https://www.niccs.org.cn/niccs/R1KeyEncapsulation/pc/content/content_2101499809782910976.html
069,Key Encapsulation,Scloud+,Scloud+.zip,01-public-key/02-key-encapsulation/Scloud+,121,23728930,050aad7293ec90fafd9070e82877eedc81caf0aaaca932c995619a3f35429876,https://www.niccs.org.cn/niccs/Proposal/Public-Key%20Cryptographic%20Algorithms/Round%201%20candidates/Key%20Encapsulation/Scloud%2B.zip,https://www.niccs.org.cn/niccs/R1KeyEncapsulation/pc/content/content_2101499583567319040.html
070,Key Encapsulation,TRIKE,TRIKE.zip,01-public-key/02-key-encapsulation/TRIKE,135,9067683,03956a13fde3d402513bfcf9942f2b04fd23e98b01a3dc52b48938b9c89fe4d6,https://www.niccs.org.cn/niccs/Proposal/Public-Key%20Cryptographic%20Algorithms/Round%201%20candidates/Key%20Encapsulation/TRIKE.zip,https://www.niccs.org.cn/niccs/R1KeyEncapsulation/pc/content/content_2101499390209904640.html
071,Key Encapsulation,TriQ-KEM,TriQ-KEM.zip,01-public-key/02-key-encapsulation/TriQ-KEM,288,23239559,1e4b96e7a849c95b4a6511c5739be9e0b4adf19b00195c2c0ce14f66be316876,https://www.niccs.org.cn/niccs/Proposal/Public-Key%20Cryptographic%20Algorithms/Round%201%20candidates/Key%20Encapsulation/TriQ-KEM.zip,https://www.niccs.org.cn/niccs/R1KeyEncapsulation/pc/content/content_2101499199985635328.html
072,Key Encapsulation,UVW Key Encapsulation Mechanism,UVW-KEM.zip,01-public-key/02-key-encapsulation/UVW-KEM,94,149926656,f9a1b135ea16aca0c974861732e03cd3164f1288f33ff150ff66c98326b75bcb,https://www.niccs.org.cn/niccs/Proposal/Public-Key%20Cryptographic%20Algorithms/Round%201%20candidates/Key%20Encapsulation/UVW-KEM.zip,https://www.niccs.org.cn/niccs/R1KeyEncapsulation/pc/content/content_2101498913376260096.html
073,Key Encapsulation,Weaver,Weaver.zip,01-public-key/02-key-encapsulation/Weaver,323,7232768,9b0bad96e9bc836b0ff811492a70891066df5634ee47fda4d1518dccd4e09927,https://www.niccs.org.cn/niccs/Proposal/Public-Key%20Cryptographic%20Algorithms/Round%201%20candidates/Key%20Encapsulation/Weaver.zip,https://www.niccs.org.cn/niccs/R1KeyEncapsulation/pc/content/content_2101498729367949312.html
074,Key Encapsulation,YuanYang.KEM,YuanYang.KEM.zip,01-public-key/02-key-encapsulation/YuanYang.KEM,138,21879674,fe1bf3d78272bb79048e7d456819160324c6140206798cb77a22c2babcfdcf4a,https://www.niccs.org.cn/niccs/Proposal/Public-Key%20Cryptographic%20Algorithms/Round%201%20candidates/Key%20Encapsulation/YuanYang.KEM.zip,https://www.niccs.org.cn/niccs/R1KeyEncapsulation/pc/content/content_2101498553312038912.html
075,Key Encapsulation,ZEN,ZEN.zip,01-public-key/02-key-encapsulation/ZEN,5658,72992418,69eba070320fc6cb365fb6d43d2b74460487732aeb7e607fac2d6c1b3a64a80e,https://www.niccs.org.cn/niccs/Proposal/Public-Key%20Cryptographic%20Algorithms/Round%201%20candidates/Key%20Encapsulation/ZEN.zip,https://www.niccs.org.cn/niccs/R1KeyEncapsulation/pc/content/content_2101498315453059072.html
076,Key Exchange,ADKEX (Authenticated Ding Key Exchange),ADKEX.zip,01-public-key/03-key-exchange/ADKEX,1557,17869666,bbadecca0ce9d3f3131129b17c91e0ab89a81e077710e53f7a569a30475a23f2,https://www.niccs.org.cn/niccs/Proposal/Public-Key%20Cryptographic%20Algorithms/Round%201%20candidates/Key%20Exchange/ADKEX.zip,https://www.niccs.org.cn/niccs/R1KeyExchange/pc/content/content_2101496452469051392.html
077,Key Exchange,AFS-KEX,AFS-KEX.zip,01-public-key/03-key-exchange/AFS-KEX,1794,20213680,7d902107b74870e512c84da82c6bfb386633ca864ddc7df2f7b0b183511f983a,https://www.niccs.org.cn/niccs/Proposal/Public-Key%20Cryptographic%20Algorithms/Round%201%20candidates/Key%20Exchange/AFS-KEX.zip,https://www.niccs.org.cn/niccs/R1KeyExchange/pc/content/content_2101496186252382208.html
078,Key Exchange,CreTAKE,CreTAKE.zip,01-public-key/03-key-exchange/CreTAKE,1551,38722946,0b356074741bc20fa82132719e1678e001083b9746f5c4c582425b727b511741,https://www.niccs.org.cn/niccs/Proposal/Public-Key%20Cryptographic%20Algorithms/Round%201%20candidates/Key%20Exchange/CreTAKE.zip,https://www.niccs.org.cn/niccs/R1KeyExchange/pc/content/content_2101495927828729856.html
079,Key Exchange,DKEX (Ding Key Exchange),DKEX.zip,01-public-key/03-key-exchange/DKEX,2145,23179046,979c22239b4a2fb6732e68029c06659f8a7b582c00ca163e1ec72874b227e117,https://www.niccs.org.cn/niccs/Proposal/Public-Key%20Cryptographic%20Algorithms/Round%201%20candidates/Key%20Exchange/DKEX.zip,https://www.niccs.org.cn/niccs/R1KeyExchange/pc/content/content_2100889723003817984.html
080,Key Exchange,Loom,Loom.zip,01-public-key/03-key-exchange/Loom,748,34322607,e9e7ff0fb453a371634797febeaeac7c1f081b5fd2438204787c763667482ec4,https://www.niccs.org.cn/niccs/Proposal/Public-Key%20Cryptographic%20Algorithms/Round%201%20candidates/Key%20Exchange/Loom.zip,https://www.niccs.org.cn/niccs/R1KeyExchange/pc/content/content_2100889434439897088.html
081,Key Exchange,MAMBA-NIKE,MAMBA-NIKE.zip,01-public-key/03-key-exchange/MAMBA-NIKE,720,17296558,79b53ff726121ccb1ce970003c06b605e973c4e4f452dbe780e70cd4c40ca018,https://www.niccs.org.cn/niccs/Proposal/Public-Key%20Cryptographic%20Algorithms/Round%201%20candidates/Key%20Exchange/MAMBA-NIKE.zip,https://www.niccs.org.cn/niccs/R1KeyExchange/pc/content/content_2100889280743821312.html
082,Key Exchange,NEV-AKE,NEV-AKE.zip,01-public-key/03-key-exchange/NEV-AKE,791,20299719,da75005b4060167f25125cbd1a769ed872c8b6fcb770fe0827a599e44536e8e6,https://www.niccs.org.cn/niccs/Proposal/Public-Key%20Cryptographic%20Algorithms/Round%201%20candidates/Key%20Exchange/NEV-AKE.zip,https://www.niccs.org.cn/niccs/R1KeyExchange/pc/content/content_2100889075738824704.html
083,Key Exchange,NIIKE,NIIKE.zip,01-public-key/03-key-exchange/NIIKE,294,37316400,4f79f9a62aed06db83f2965abcc42ca98ce5cc2128cebd15b50a46cfbb633dbe,https://www.niccs.org.cn/niccs/Proposal/Public-Key%20Cryptographic%20Algorithms/Round%201%20candidates/Key%20Exchange/NIIKE.zip,https://www.niccs.org.cn/niccs/R1KeyExchange/pc/content/content_2100888831449976832.html
084,Key Exchange,TriQ-KEX,TriQ-KEX.zip,01-public-key/03-key-exchange/TriQ-KEX,288,36929896,dde9bf3e8d75fc3df53bcbcacaba4faed39272b8ef2f1ac199ae0128d327b505,https://www.niccs.org.cn/niccs/Proposal/Public-Key%20Cryptographic%20Algorithms/Round%201%20candidates/Key%20Exchange/TriQ-KEX.zip,https://www.niccs.org.cn/niccs/R1KeyExchange/pc/content/content_2100888002600980480.html
085,Hash,AFS-TrEDM,AFS-TrEDM.zip,02-hash/AFS-TrEDM,228,30279281,6a4b3d3ca5c225ad7d8714878e12f10cbf92aa6e081a8b85f504b6eeb2f4188b,https://www.niccs.org.cn/niccs/Proposal/Cryptographic%20Hash%20Algorithms/Round%201%20candidates/AFS-TrEDM.zip,https://www.niccs.org.cn/niccs/Round1Submissions4/pc/content/content_2101541113569038336.html
086,Hash,AXIS: Advanced eXpandable Iterative Stream-based Hash,AXIS.zip,02-hash/AXIS,85,12225779,a7c6aa6d30642cc05207acb4d2aa3701dd40945cb21f1bc0e51305ca8f57f81d,https://www.niccs.org.cn/niccs/Proposal/Cryptographic%20Hash%20Algorithms/Round%201%20candidates/AXIS.zip,https://www.niccs.org.cn/niccs/Round1Submissions4/pc/content/content_2101540899009417216.html
087,Hash,C Hash,C Hash.zip,02-hash/C Hash,95,17044667,d6b40f34b4c4af7ab1929816d8613220ed669aace6bfdd8d2e9496d90ddc5438,https://www.niccs.org.cn/niccs/Proposal/Cryptographic%20Hash%20Algorithms/Round%201%20candidates/C%20Hash.zip,https://www.niccs.org.cn/niccs/Round1Submissions4/pc/content/content_2101540728942972928.html
088,Hash,CHAMP,CHAMP.zip,02-hash/CHAMP,47,11273466,8953f95618236d8d86191992b10e3580ae74520c28a36a715c2fc8bea2a9e8c1,https://www.niccs.org.cn/niccs/Proposal/Cryptographic%20Hash%20Algorithms/Round%201%20candidates/CHAMP.zip,https://www.niccs.org.cn/niccs/Round1Submissions4/pc/content/content_2101540375996485632.html
089,Hash,Cryptographic Hash Algorithm uHash,uHash.zip,02-hash/uHash,50,41718632,c398e49530510c9aa1deffd617855f9b8db448b4e30a35953d88ea0373c7d8e5,https://www.niccs.org.cn/niccs/Proposal/Cryptographic%20Hash%20Algorithms/Round%201%20candidates/uHash.zip,https://www.niccs.org.cn/niccs/Round1Submissions4/pc/content/content_2101540182026702848.html
090,Hash,Cuishen,Cuishen.zip,02-hash/Cuishen,206,37059304,b9192c8a4046d8af48ea19ddefd538f11dd456766b2daf3597762c76a2cc0d6d,https://www.niccs.org.cn/niccs/Proposal/Cryptographic%20Hash%20Algorithms/Round%201%20candidates/Cuishen.zip,https://www.niccs.org.cn/niccs/Round1Submissions4/pc/content/content_2101539989910802432.html
091,Hash,Dragon Hash Family,Dragon.zip,02-hash/Dragon,2763,272709160,088759817e3193e0ca02c3a3669fd05ac70e833b0447f336666268b61846b26c,https://www.niccs.org.cn/niccs/Proposal/Cryptographic%20Hash%20Algorithms/Round%201%20candidates/Dragon.zip,https://www.niccs.org.cn/niccs/Round1Submissions4/pc/content/content_2101539781751689216.html
092,Hash,Duet,Duet.zip,02-hash/Duet,181,27995208,989978bcefbe20124943b2003908226c48e0f05b5ec8db510e7cdb89c2299f1e,https://www.niccs.org.cn/niccs/Proposal/Cryptographic%20Hash%20Algorithms/Round%201%20candidates/Duet.zip,https://www.niccs.org.cn/niccs/Round1Submissions4/pc/content/content_2101539583977672704.html
093,Hash,Eijen Hash Function,Eijen.zip,02-hash/Eijen,177,31240899,5e2581d905b9a3d3a8c34c76ed73213c77da970a15cc6b3b26b2bb086b93e3f4,https://www.niccs.org.cn/niccs/Proposal/Cryptographic%20Hash%20Algorithms/Round%201%20candidates/Eijen.zip,https://www.niccs.org.cn/niccs/Round1Submissions4/pc/content/content_2101539361927024640.html
094,Hash,FEILIAN,FEILIAN.zip,02-hash/FEILIAN,74,51145957,876082a40ecf3b25d8b19478cbfeab4bd5f96ff7a293aacc5b57a9f73c2ff26c,https://www.niccs.org.cn/niccs/Proposal/Cryptographic%20Hash%20Algorithms/Round%201%20candidates/FEILIAN.zip,https://www.niccs.org.cn/niccs/Round1Submissions4/pc/content/content_2101539111250251776.html
095,Hash,Garnet,Garnet.zip,02-hash/Garnet,123,50235635,9cb659f7e01a64bdcce2a4fea8a7d6e6b5687b2a0ed8ce4ffe5fa86dd3e77646,https://www.niccs.org.cn/niccs/Proposal/Cryptographic%20Hash%20Algorithms/Round%201%20candidates/Garnet.zip,https://www.niccs.org.cn/niccs/Round1Submissions4/pc/content/content_2101538925484527616.html
096,Hash,Iphe,Iphe.zip,02-hash/Iphe,2054,61588218,42ceda5aa3da2fc74c2b21abfaace3f5af208aab40ef00fcca6d18cdd7a0a844,https://www.niccs.org.cn/niccs/Proposal/Cryptographic%20Hash%20Algorithms/Round%201%20candidates/Iphe.zip,https://www.niccs.org.cn/niccs/Round1Submissions4/pc/content/content_2101538722543128576.html
097,Hash,JuziHash,Juzi.zip,02-hash/Juzi,45,7197632,487f73e34dac7a06ae6718c4a38bcf757c1555676b107415f7b79b17d8c9cf92,https://www.niccs.org.cn/niccs/Proposal/Cryptographic%20Hash%20Algorithms/Round%201%20candidates/Juzi.zip,https://www.niccs.org.cn/niccs/Round1Submissions4/pc/content/content_2101538489901862912.html
098,Hash,Laurus,Laurus.zip,02-hash/Laurus,73,62361136,9499a772e532577f85902c0f631a95af8e2fb4bc308da6466c076debd63d1415,https://www.niccs.org.cn/niccs/Proposal/Cryptographic%20Hash%20Algorithms/Round%201%20candidates/Laurus.zip,https://www.niccs.org.cn/niccs/Round1Submissions4/pc/content/content_2101538290232020992.html
099,Hash,Litchi,Litchi.zip,02-hash/Litchi,71,62475383,16c798c93c6fbdc9ac3703113c120fe22df46569a93d7322aaba46effa3273eb,https://www.niccs.org.cn/niccs/Proposal/Cryptographic%20Hash%20Algorithms/Round%201%20candidates/Litchi.zip,https://www.niccs.org.cn/niccs/Round1Submissions4/pc/content/content_2101538083238924288.html
100,Hash,LLH,LLH.zip,02-hash/LLH,133,78306212,e79ca6ef17bcf0485ae2462cfe338e904f05551d7a8859271354d469072b3c2d,https://www.niccs.org.cn/niccs/Proposal/Cryptographic%20Hash%20Algorithms/Round%201%20candidates/LLH.zip,https://www.niccs.org.cn/niccs/Round1Submissions4/pc/content/content_2101537750001471488.html
101,Hash,MasterCube,MasterCube.zip,02-hash/MasterCube,225,48864610,1f9773b8ece90152a6a9adc632a7112c9afc670a5d28b7f1e9ac111e5eea8f13,https://www.niccs.org.cn/niccs/Proposal/Cryptographic%20Hash%20Algorithms/Round%201%20candidates/MasterCube.zip,https://www.niccs.org.cn/niccs/Round1Submissions4/pc/content/content_2101537586067099648.html
102,Hash,Megascon Hash Function,Megascon.zip,02-hash/Megascon,111,34469523,70d0796942e60a1ddd25ad2332dbfe2755052825c301e9585167c90c1fa09d3d,https://www.niccs.org.cn/niccs/Proposal/Cryptographic%20Hash%20Algorithms/Round%201%20candidates/Megascon.zip,https://www.niccs.org.cn/niccs/Round1Submissions4/pc/content/content_2101537413073031168.html
103,Hash,MoFang Hash Function,MoFang.zip,02-hash/MoFang,89,19504420,dfdd7dd54361fb09e6d0bc47ae6245a9f992f284c56b04ff55d528e2339c9acc,https://www.niccs.org.cn/niccs/Proposal/Cryptographic%20Hash%20Algorithms/Round%201%20candidates/MoFang.zip,https://www.niccs.org.cn/niccs/Round1Submissions4/pc/content/content_2101537228439769088.html
104,Hash,Mozi Hash Function,Mozi.zip,02-hash/Mozi,149,57995370,f68c6b73ff4ac064e6bb8a9b74c4bd8a929594c3c48c89e1a65941e03676ea30,https://www.niccs.org.cn/niccs/Proposal/Cryptographic%20Hash%20Algorithms/Round%201%20candidates/Mozi.zip,https://www.niccs.org.cn/niccs/Round1Submissions4/pc/content/content_2101537013422968832.html
105,Hash,Neulaser,Neulaser.zip,02-hash/Neulaser,93,20906748,ffa76faaf6ae1c939ef6b1a726d6bcef19f0f0df63daddfe74a82e2831c4c6b3,https://www.niccs.org.cn/niccs/Proposal/Cryptographic%20Hash%20Algorithms/Round%201%20candidates/Neulaser.zip,https://www.niccs.org.cn/niccs/Round1Submissions4/pc/content/content_2101536800629149696.html
106,Hash,Pavelor: A Highly Secure Hash Algorithm for Software Implementation,Pavelor.zip,02-hash/Pavelor,52,222898654,0414e5f0039c2d352eb00c125554114931363dcea6b382052fdd20fbf25e0c31,https://www.niccs.org.cn/niccs/Proposal/Cryptographic%20Hash%20Algorithms/Round%201%20candidates/Pavelor.zip,https://www.niccs.org.cn/niccs/Round1Submissions4/pc/content/content_2101536571221692416.html
107,Hash,QILIN,QILIN.zip,02-hash/QILIN,61,36245043,10335345f6a6cca5e4be688ef42230dff983049483acecbd43f38febb7618609,https://www.niccs.org.cn/niccs/Proposal/Cryptographic%20Hash%20Algorithms/Round%201%20candidates/QILIN.zip,https://www.niccs.org.cn/niccs/Round1Submissions4/pc/content/content_2101536372126470144.html
108,Hash,QuantaSylva Hash,QSH.zip,02-hash/QSH,155,20116259,d2b33441b42825ea10fd374adfdafea64525ad471159b4787c6dc2bd420f05d9,https://www.niccs.org.cn/niccs/Proposal/Cryptographic%20Hash%20Algorithms/Round%201%20candidates/QSH.zip,https://www.niccs.org.cn/niccs/Round1Submissions4/pc/content/content_2101536223673274368.html
109,Hash,TaiChi,TaiChi.zip,02-hash/TaiChi,884,39008307,013bdcd9c7fdcce5bfbfaae84f02f20c5c4ae8a88cb742e7da3fddafeef2e7de,https://www.niccs.org.cn/niccs/Proposal/Cryptographic%20Hash%20Algorithms/Round%201%20candidates/TaiChi.zip,https://www.niccs.org.cn/niccs/Round1Submissions4/pc/content/content_2101536036577955840.html
110,Hash,The Hash Function CHIME,CHIME.zip,02-hash/CHIME,56,9439702,3368eff8f86744eefba82825c11990a3b4d914e014ff184324ab3cb9af88b3a4,https://www.niccs.org.cn/niccs/Proposal/Cryptographic%20Hash%20Algorithms/Round%201%20candidates/CHIME.zip,https://www.niccs.org.cn/niccs/Round1Submissions4/pc/content/content_2101535839617634304.html
111,Hash,The Vedak Hash Function Family,Vedak.zip,02-hash/Vedak,64,19958021,dc1fa5612337e0aae3e236606c3e46322a513c21b1550ac8f20753790892637e,https://www.niccs.org.cn/niccs/Proposal/Cryptographic%20Hash%20Algorithms/Round%201%20candidates/Vedak.zip,https://www.niccs.org.cn/niccs/Round1Submissions4/pc/content/content_2101535609849466880.html
112,Hash,The XRH-1 Hash Function,XRH-1.zip,02-hash/XRH-1,93,16422971,0aa9a5a64a54ddaa82b689d46971973825e48e0577685317d5f9bbab9ba85b02,https://www.niccs.org.cn/niccs/Proposal/Cryptographic%20Hash%20Algorithms/Round%201%20candidates/XRH-1.zip,https://www.niccs.org.cn/niccs/Round1Submissions4/pc/content/content_2101535400742440960.html
113,Hash,The XRH-2 Hash Function,XRH-2.zip,02-hash/XRH-2,93,16422608,96b67428bbeda82fd797d6f510466313a23f90ea00a5a0a58f4929b8e554a45b,https://www.niccs.org.cn/niccs/Proposal/Cryptographic%20Hash%20Algorithms/Round%201%20candidates/XRH-2.zip,https://www.niccs.org.cn/niccs/Round1Submissions4/pc/content/content_2101534893223268352.html
114,Hash,The ZC-DM Hash Function,ZC-DM.zip,02-hash/ZC-DM,227,25807229,47e6297d4d707897c64a75a0b490152b2c67abfb1777d89d225b4bcf58a0063b,https://www.niccs.org.cn/niccs/Proposal/Cryptographic%20Hash%20Algorithms/Round%201%20candidates/ZC-DM.zip,https://www.niccs.org.cn/niccs/Round1Submissions4/pc/content/content_2101534683994607616.html
115,Hash,The ZC-DMC Hash Function,ZC-DMC.zip,02-hash/ZC-DMC,227,25924877,b6da323d388d3411b882228152f25626999502b8c246cc0c9b64a0a9d72eaaac,https://www.niccs.org.cn/niccs/Proposal/Cryptographic%20Hash%20Algorithms/Round%201%20candidates/ZC-DMC.zip,https://www.niccs.org.cn/niccs/Round1Submissions4/pc/content/content_2101534457934204928.html
116,Hash,The ZC-EDMC Hash Function,ZC-EDMC.zip,02-hash/ZC-EDMC,227,25838142,235157f178c0ec885dad4062ee232cdc0d16e95474f05c6f93038fd951ca3712,https://www.niccs.org.cn/niccs/Proposal/Cryptographic%20Hash%20Algorithms/Round%201%20candidates/ZC-EDMC.zip,https://www.niccs.org.cn/niccs/Round1Submissions4/pc/content/content_2101534201922277376.html
117,Hash,Thunder Hash Family,Thunder.zip,02-hash/Thunder,2865,271642966,db6970d54250084ea73cc1a47bd56c868e5e478cdfa3746ff7b69d30c690b0c8,https://www.niccs.org.cn/niccs/Proposal/Cryptographic%20Hash%20Algorithms/Round%201%20candidates/Thunder.zip,https://www.niccs.org.cn/niccs/Round1Submissions4/pc/content/content_2101533797931110400.html
118,Hash,WChain Hash Function,WChain.zip,02-hash/WChain,116,40385053,1ffeb0bd3f3645ea43decaacb0233c7dd23b9b127ac092efc0c12d6661f84023,https://www.niccs.org.cn/niccs/Proposal/Cryptographic%20Hash%20Algorithms/Round%201%20candidates/WChain.zip,https://www.niccs.org.cn/niccs/Round1Submissions4/pc/content/content_2101533578757754880.html
119,Hash,Wish Hash Function,Wish.zip,02-hash/Wish,201,10836573,f878ea89f5b5929c26445a4b1967f21139c74600d5779e4eb5d0bd7f97bea4b5,https://www.niccs.org.cn/niccs/Proposal/Cryptographic%20Hash%20Algorithms/Round%201%20candidates/Wish.zip,https://www.niccs.org.cn/niccs/Round1Submissions4/pc/content/content_2101533368094642176.html
120,算法API,API_BlockCipher.zip,API_BlockCipher.zip,03-api/API_BlockCipher,11,177443,95b9848d0593b0db8733bc150112bbb19afdc440188185f68a6e8e8e6ab37ca5,https://www.niccs.org.cn/niccs/Download/API_BlockCipher.zip,
121,算法API,API_PKC.zip,API_PKC.zip,03-api/API_PKC,17,99359,ac1013aa9b720a5f22986bc75a48988b4eedfd77a7fb108e79781d5a05fc9506,https://www.niccs.org.cn/niccs/Download/API_PKC.zip,
122,算法API,API_CryptHash.zip,API_CryptHash.zip,03-api/API_CryptHash,10,2322532,5c7fdb3a1057291810fb5a28186e7a7e1d7182c2e7e746d94a053479b77c61d7,https://www.niccs.org.cn/niccs/Download/API_CryptHash.zip,
