序号,类别,算法/文件名称,官方文件名,本地相对路径,大小(字节),状态,SHA256,发布日期,官方下载地址,官方页面
001,数字签名 Digital Signature,Aigis-Sig+,Aigis-Sig+.zip,01-public-key/01-digital-signature/Aigis-Sig+.zip,17707823,ok,88242576a3ae8f9d090b0c9045020f04ee9b5ae828e01b839f25267959e9c7ea,2026-09-20 14:25,https://www.niccs.org.cn/niccs/Proposal/Public-Key%20Cryptographic%20Algorithms/Round%201%20candidates/Digital%20Signature/Aigis-Sig%2B.zip,https://www.niccs.org.cn/niccs/R1DigitalSignature/pc/content/content_2101558094519160832.html
002,数字签名 Digital Signature,BIT: Bimodal Triangular distribution based lattice signatures,BiT.zip,01-public-key/01-digital-signature/BiT.zip,46217115,ok,698fbe834279a4100a66c20f3e0b634c738e1150936acf74b55efc6db6975e8d,2026-09-20 14:24,https://www.niccs.org.cn/niccs/Proposal/Public-Key%20Cryptographic%20Algorithms/Round%201%20candidates/Digital%20Signature/BiT.zip,https://www.niccs.org.cn/niccs/R1DigitalSignature/pc/content/content_2101557841271279616.html
003,数字签名 Digital Signature,CEDRUS+C,cedrus+c.zip,01-public-key/01-digital-signature/cedrus+c.zip,18695378,ok,a31de849cf0a0703a4e57decbdf4d97b100d00dc74756feaded2c04a7593e110,2026-09-20 14:23,https://www.niccs.org.cn/niccs/Proposal/Public-Key%20Cryptographic%20Algorithms/Round%201%20candidates/Digital%20Signature/cedrus%2Bc.zip,https://www.niccs.org.cn/niccs/R1DigitalSignature/pc/content/content_2101557642016673792.html
004,数字签名 Digital Signature,CEDRUSɑ,cedrus-α.zip,01-public-key/01-digital-signature/cedrus-α.zip,18774773,ok,b90559ca94bda0130420f91fa52eeb242063a57188c766037c1b234ec3af563b,2026-09-20 14:22,https://www.niccs.org.cn/niccs/Proposal/Public-Key%20Cryptographic%20Algorithms/Round%201%20candidates/Digital%20Signature/cedrus-%CE%B1.zip,https://www.niccs.org.cn/niccs/R1DigitalSignature/pc/content/content_2101557382456365056.html
005,数字签名 Digital Signature,Chinith,Chinith.zip,01-public-key/01-digital-signature/Chinith.zip,12927882,ok,4d31ba3fe8718f59901b7efdf01b4179912ef8e04f58b4b6dbba84186f002283,2026-09-20 14:21,https://www.niccs.org.cn/niccs/Proposal/Public-Key%20Cryptographic%20Algorithms/Round%201%20candidates/Digital%20Signature/Chinith.zip,https://www.niccs.org.cn/niccs/R1DigitalSignature/pc/content/content_2101557150763012096.html
006,数字签名 Digital Signature,COMPASS-SIG,COMPASS-SIG.zip,01-public-key/01-digital-signature/COMPASS-SIG.zip,38075657,ok,ce88066506fe9b58c300b3ca51462c7a8350484d88ad5b8a9c9f17b5152ca820,2026-09-20 14:20,https://www.niccs.org.cn/niccs/Proposal/Public-Key%20Cryptographic%20Algorithms/Round%201%20candidates/Digital%20Signature/COMPASS-SIG.zip,https://www.niccs.org.cn/niccs/R1DigitalSignature/pc/content/content_2101556993568886784.html
007,数字签名 Digital Signature,CS,CS.zip,01-public-key/01-digital-signature/CS.zip,13640373,ok,c790d31cd4a288990f3d692381ed721a06641938a02dfc2e0435b7d323475cef,2026-09-20 14:19,https://www.niccs.org.cn/niccs/Proposal/Public-Key%20Cryptographic%20Algorithms/Round%201%20candidates/Digital%20Signature/CS.zip,https://www.niccs.org.cn/niccs/R1DigitalSignature/pc/content/content_2101556821766000640.html
008,数字签名 Digital Signature,DARTS,DARTS.zip,01-public-key/01-digital-signature/DARTS.zip,13212635,ok,1846cfe63f0cef83e2e0ca21f5dcadce3c4b16da33713957be6d156e2a9e6e95,2026-09-20 14:18,https://www.niccs.org.cn/niccs/Proposal/Public-Key%20Cryptographic%20Algorithms/Round%201%20candidates/Digital%20Signature/DARTS.zip,https://www.niccs.org.cn/niccs/R1DigitalSignature/pc/content/content_2101556638554607616.html
009,数字签名 Digital Signature,DOVE,DOVE.zip,01-public-key/01-digital-signature/DOVE.zip,594738942,ok,19169e545f6a6fd90b844b0deb72db81b5eb73c136873d1dae113c2c39d1c6e0,2026-09-20 14:17,https://www.niccs.org.cn/niccs/Proposal/Public-Key%20Cryptographic%20Algorithms/Round%201%20candidates/Digital%20Signature/DOVE.zip,https://www.niccs.org.cn/niccs/R1DigitalSignature/pc/content/content_2101556458866429952.html
010,数字签名 Digital Signature,Facto-DSA,Facto-DSA.zip,01-public-key/01-digital-signature/Facto-DSA.zip,8545209,ok,b3de38fcc2d92ce83290d17cb250dde61f95d3326a49ada36fad3c578f2fc509,2026-09-20 14:16,https://www.niccs.org.cn/niccs/Proposal/Public-Key%20Cryptographic%20Algorithms/Round%201%20candidates/Digital%20Signature/Facto-DSA.zip,https://www.niccs.org.cn/niccs/R1DigitalSignature/pc/content/content_2101556276175130624.html
011,数字签名 Digital Signature,FlexTree,Flextree.zip,01-public-key/01-digital-signature/Flextree.zip,100597177,ok,f31d434ac297ef6a8c454bf9d219f125290749de157df3eb90d29ae3b8a0270a,2026-09-20 14:16,https://www.niccs.org.cn/niccs/Proposal/Public-Key%20Cryptographic%20Algorithms/Round%201%20candidates/Digital%20Signature/Flextree.zip,https://www.niccs.org.cn/niccs/R1DigitalSignature/pc/content/content_2101556121149460480.html
012,数字签名 Digital Signature,Galas Signature Scheme,Galas Signature.zip,01-public-key/01-digital-signature/Galas Signature.zip,41464713,ok,98d57af868fa10d74b2c0656e565aa14a42ff902646d6fc440ffb7355b75342c,2026-09-20 14:14,https://www.niccs.org.cn/niccs/Proposal/Public-Key%20Cryptographic%20Algorithms/Round%201%20candidates/Digital%20Signature/Galas%20Signature.zip,https://www.niccs.org.cn/niccs/R1DigitalSignature/pc/content/content_2101555932409974784.html
013,数字签名 Digital Signature,GreatWall Signature Algorithm,GreatWall.zip,01-public-key/01-digital-signature/GreatWall.zip,21571838,ok,814cd3b977ddc0cc59828861c145580473b1a62a66da852b078edbaf689f5a8d,2026-09-20 14:14,https://www.niccs.org.cn/niccs/Proposal/Public-Key%20Cryptographic%20Algorithms/Round%201%20candidates/Digital%20Signature/GreatWall.zip,https://www.niccs.org.cn/niccs/R1DigitalSignature/pc/content/content_2101555653564256256.html
014,数字签名 Digital Signature,Lynxer,Lynxer.zip,01-public-key/01-digital-signature/Lynxer.zip,17106428,ok,34d863f7df8979c4a5e27fcfe657ed54e81905115c0afc8ef749f50af432f928,2026-09-20 14:13,https://www.niccs.org.cn/niccs/Proposal/Public-Key%20Cryptographic%20Algorithms/Round%201%20candidates/Digital%20Signature/Lynxer.zip,https://www.niccs.org.cn/niccs/R1DigitalSignature/pc/content/content_2101555352421617664.html
015,数字签名 Digital Signature,MORNING-ATLAS,MORNING-ATLAS.zip,01-public-key/01-digital-signature/MORNING-ATLAS.zip,12010922,ok,c796b106a7d43b2b3d6110ec2be426aa321cc7336f39a2cc027b2d6e8b4cc8c1,2026-09-20 14:12,https://www.niccs.org.cn/niccs/Proposal/Public-Key%20Cryptographic%20Algorithms/Round%201%20candidates/Digital%20Signature/MORNING-ATLAS.zip,https://www.niccs.org.cn/niccs/R1DigitalSignature/pc/content/content_2101555184259387392.html
016,数字签名 Digital Signature,Octarine,Octarine.zip,01-public-key/01-digital-signature/Octarine.zip,13994983,ok,7044d22735d39f902df35dd7d8d77c850cd296c81517e8c19134a2f9d006655a,2026-09-20 14:11,https://www.niccs.org.cn/niccs/Proposal/Public-Key%20Cryptographic%20Algorithms/Round%201%20candidates/Digital%20Signature/Octarine.zip,https://www.niccs.org.cn/niccs/R1DigitalSignature/pc/content/content_2101555029988691968.html
017,数字签名 Digital Signature,OPS Digital Signature Algorithm,OPS Digital Signature Algorithm.zip,01-public-key/01-digital-signature/OPS Digital Signature Algorithm.zip,4746912,ok,02322c6792259231ab8eb3cc094be32be02a1b9b6b1d7c86b0029c37b0f04d09,2026-09-20 14:10,https://www.niccs.org.cn/niccs/Proposal/Public-Key%20Cryptographic%20Algorithms/Round%201%20candidates/Digital%20Signature/OPS%20Digital%20Signature%20Algorithm.zip,https://www.niccs.org.cn/niccs/R1DigitalSignature/pc/content/content_2101554635183050752.html
018,数字签名 Digital Signature,Origami,Origami.zip,01-public-key/01-digital-signature/Origami.zip,28360686,ok,e34f18832e968681dd0c51ce0d4b29d80e01ad29daa83dfb805718b76fdffa80,2026-09-20 14:09,https://www.niccs.org.cn/niccs/Proposal/Public-Key%20Cryptographic%20Algorithms/Round%201%20candidates/Digital%20Signature/Origami.zip,https://www.niccs.org.cn/niccs/R1DigitalSignature/pc/content/content_2101554434972143616.html
019,数字签名 Digital Signature,Phoenix,Phoenix.zip,01-public-key/01-digital-signature/Phoenix.zip,23235965,ok,ec801791976a10baffa852c479afd12362af3b5fb6420104254fb48814d99918,2026-09-20 14:08,https://www.niccs.org.cn/niccs/Proposal/Public-Key%20Cryptographic%20Algorithms/Round%201%20candidates/Digital%20Signature/Phoenix.zip,https://www.niccs.org.cn/niccs/R1DigitalSignature/pc/content/content_2101554285583618048.html
020,数字签名 Digital Signature,Qing Luan,QingLuan.zip,01-public-key/01-digital-signature/QingLuan.zip,28035220,ok,2eb8f3ed205eb7c7e8b3108a997b59643d1aa5579035b8093b4ddbe051a48007,2026-09-20 14:08,https://www.niccs.org.cn/niccs/Proposal/Public-Key%20Cryptographic%20Algorithms/Round%201%20candidates/Digital%20Signature/QingLuan.zip,https://www.niccs.org.cn/niccs/R1DigitalSignature/pc/content/content_2101554097515220992.html
021,数字签名 Digital Signature,ReSolveD-ɑ,ReSolveD-alpha.zip,01-public-key/01-digital-signature/ReSolveD-alpha.zip,11061844,ok,499821538d7f79464cc1ee1468254b0e49f750794a591ffe038938c4cfa11914,2026-09-20 14:07,https://www.niccs.org.cn/niccs/Proposal/Public-Key%20Cryptographic%20Algorithms/Round%201%20candidates/Digital%20Signature/ReSolveD-alpha.zip,https://www.niccs.org.cn/niccs/R1DigitalSignature/pc/content/content_2101553903805485056.html
022,数字签名 Digital Signature,Rhyme,Rhyme.zip,01-public-key/01-digital-signature/Rhyme.zip,15133161,ok,7b509d21c6674bc23751b8743cb7c2a4a07ee295fafe04e2fa95c0613160bdfd,2026-09-20 14:06,https://www.niccs.org.cn/niccs/Proposal/Public-Key%20Cryptographic%20Algorithms/Round%201%20candidates/Digital%20Signature/Rhyme.zip,https://www.niccs.org.cn/niccs/R1DigitalSignature/pc/content/content_2101553636984836096.html
023,数字签名 Digital Signature,Shuttle,shuttle.zip,01-public-key/01-digital-signature/shuttle.zip,9327439,ok,09253fd33c2215098177991db3375cb94e4e4a73a65b019783edabefa5bd8a62,2026-09-20 14:05,https://www.niccs.org.cn/niccs/Proposal/Public-Key%20Cryptographic%20Algorithms/Round%201%20candidates/Digital%20Signature/shuttle.zip,https://www.niccs.org.cn/niccs/R1DigitalSignature/pc/content/content_2101553465160978432.html
024,数字签名 Digital Signature,Sigurd,Sigurd.zip,01-public-key/01-digital-signature/Sigurd.zip,17804763,ok,443ab14257658d89a60e14ad0d4b7f4df9fcdd06da4f42fcb29bbbfc75a97153,2026-09-20 14:05,https://www.niccs.org.cn/niccs/Proposal/Public-Key%20Cryptographic%20Algorithms/Round%201%20candidates/Digital%20Signature/Sigurd.zip,https://www.niccs.org.cn/niccs/R1DigitalSignature/pc/content/content_2101553271568683008.html
025,数字签名 Digital Signature,SQIsign2D2,SQIsign2D2.zip,01-public-key/01-digital-signature/SQIsign2D2.zip,19195437,ok,cf635de5eebbdeb7b2212e84f349da4ca878889e0a4a59b463d0c8cdfdb8eeab,2026-09-20 14:04,https://www.niccs.org.cn/niccs/Proposal/Public-Key%20Cryptographic%20Algorithms/Round%201%20candidates/Digital%20Signature/SQIsign2D2.zip,https://www.niccs.org.cn/niccs/R1DigitalSignature/pc/content/content_2101553124910649344.html
026,数字签名 Digital Signature,SQIsign2D-push1/2,SQIsign2D-push12.zip,01-public-key/01-digital-signature/SQIsign2D-push12.zip,15147408,ok,98b7e4ffddfe31b5fb0f448345b49228c8d8a7c87078688ba1656b28631448c5,2026-09-20 14:03,https://www.niccs.org.cn/niccs/Proposal/Public-Key%20Cryptographic%20Algorithms/Round%201%20candidates/Digital%20Signature/SQIsign2D-push12.zip,https://www.niccs.org.cn/niccs/R1DigitalSignature/pc/content/content_2101552902641897472.html
027,数字签名 Digital Signature,SQIsignTriangle,SQIsignTriangle.zip,01-public-key/01-digital-signature/SQIsignTriangle.zip,25366064,ok,f4afa484e450e2adf4b5f9c867fb199d0d0e22d66a3eafbc8c4738744fb62c58,2026-09-20 14:02,https://www.niccs.org.cn/niccs/Proposal/Public-Key%20Cryptographic%20Algorithms/Round%201%20candidates/Digital%20Signature/SQIsignTriangle.zip,https://www.niccs.org.cn/niccs/R1DigitalSignature/pc/content/content_2101552649452736512.html
028,数字签名 Digital Signature,SYDO,SYDO.zip,01-public-key/01-digital-signature/SYDO.zip,51062301,ok,c4ae5b27a188612cd286a786179ce5461e6aca0b8599ba13b8d77b210a940adb,2026-09-20 14:01,https://www.niccs.org.cn/niccs/Proposal/Public-Key%20Cryptographic%20Algorithms/Round%201%20candidates/Digital%20Signature/SYDO.zip,https://www.niccs.org.cn/niccs/R1DigitalSignature/pc/content/content_2101552484230713344.html
029,数字签名 Digital Signature,Tins,Tins.zip,01-public-key/01-digital-signature/Tins.zip,6352110,ok,84affc1f7cbdeec48a7cb6df3349b5708644672f2ac12140c529e74f6d57ca21,2026-09-20 14:01,https://www.niccs.org.cn/niccs/Proposal/Public-Key%20Cryptographic%20Algorithms/Round%201%20candidates/Digital%20Signature/Tins.zip,https://www.niccs.org.cn/niccs/R1DigitalSignature/pc/content/content_2101552328517177344.html
030,数字签名 Digital Signature,TRINE,TRINE.zip,01-public-key/01-digital-signature/TRINE.zip,67794477,ok,4b22f54b07509833b08d32402ffe06d7566e4c87622f9931079e791c80f4765d,2026-09-20 14:00,https://www.niccs.org.cn/niccs/Proposal/Public-Key%20Cryptographic%20Algorithms/Round%201%20candidates/Digital%20Signature/TRINE.zip,https://www.niccs.org.cn/niccs/R1DigitalSignature/pc/content/content_2101552163232239616.html
031,数字签名 Digital Signature,TSUOV,TSUOV.zip,01-public-key/01-digital-signature/TSUOV.zip,4398417,ok,7ab1effc5fe911c6ab9483ca44a9d9f6d6d911b03eee9f2873b384d97f9aee1d,2026-09-20 13:59,https://www.niccs.org.cn/niccs/Proposal/Public-Key%20Cryptographic%20Algorithms/Round%201%20candidates/Digital%20Signature/TSUOV.zip,https://www.niccs.org.cn/niccs/R1DigitalSignature/pc/content/content_2101551978309570560.html
032,数字签名 Digital Signature,UVW signature,UVW signature.zip,01-public-key/01-digital-signature/UVW signature.zip,1326858513,ok,bbfa8dad5ee57083578b50b9937e773e6158f72646e825da3d3265cc00cb1294,2026-09-20 13:58,https://www.niccs.org.cn/niccs/Proposal/Public-Key%20Cryptographic%20Algorithms/Round%201%20candidates/Digital%20Signature/UVW%20signature.zip,https://www.niccs.org.cn/niccs/R1DigitalSignature/pc/content/content_2101551799695134720.html
033,数字签名 Digital Signature,VDOO: Vinegar-Diagonal-Oil-Oil,VDOO.zip,01-public-key/01-digital-signature/VDOO.zip,396850232,ok,4b7bb0f15388b395b9308ae480f25622105a734f0ab4a6bd16398438c4b9752a,2026-09-20 13:54,https://www.niccs.org.cn/niccs/Proposal/Public-Key%20Cryptographic%20Algorithms/Round%201%20candidates/Digital%20Signature/VDOO.zip,https://www.niccs.org.cn/niccs/R1DigitalSignature/pc/content/content_2101551382802288640.html
034,数字签名 Digital Signature,YuanYang.DSA,YuanYang.DSA.zip,01-public-key/01-digital-signature/YuanYang.DSA.zip,19879383,ok,1eb45f24ad8f7ff25db923479c6500f273aee8b2470d76339030fed8d96b5b31,2026-09-20 13:43,https://www.niccs.org.cn/niccs/Proposal/Public-Key%20Cryptographic%20Algorithms/Round%201%20candidates/Digital%20Signature/YuanYang.DSA.zip,https://www.niccs.org.cn/niccs/R1DigitalSignature/pc/content/content_2101548349997535232.html
001,密钥封装 Key Encapsulation,Aigis-Enc+,Aigis-Enc+.zip,01-public-key/02-key-encapsulation/Aigis-Enc+.zip,13910031,ok,1c053133175cd189fd9f0e058bde684168f55a6fc3871de2a755404a08990186,2026-09-20 11:42,https://www.niccs.org.cn/niccs/Proposal/Public-Key%20Cryptographic%20Algorithms/Round%201%20candidates/Key%20Encapsulation/Aigis-Enc%2B.zip,https://www.niccs.org.cn/niccs/R1KeyEncapsulation/pc/content/content_2101517514145615872.html
002,密钥封装 Key Encapsulation,Amoeba,Amoeba.zip,01-public-key/02-key-encapsulation/Amoeba.zip,4397050,ok,719c438a30cccd72c9d83da4b5150fee0c55351f2c13e7a66fd61bf653ca5c24,2026-09-20 11:41,https://www.niccs.org.cn/niccs/Proposal/Public-Key%20Cryptographic%20Algorithms/Round%201%20candidates/Key%20Encapsulation/Amoeba.zip,https://www.niccs.org.cn/niccs/R1KeyEncapsulation/pc/content/content_2101517132006772736.html
003,密钥封装 Key Encapsulation,BAG-Loong,BAG-Loong.zip,01-public-key/02-key-encapsulation/BAG-Loong.zip,16321958,ok,2795fd57d3d00791652256362b4a21982116d3aad1fb63633dac923e0e76e05b,2026-09-20 11:40,https://www.niccs.org.cn/niccs/Proposal/Public-Key%20Cryptographic%20Algorithms/Round%201%20candidates/Key%20Encapsulation/BAG-Loong.zip,https://www.niccs.org.cn/niccs/R1KeyEncapsulation/pc/content/content_2101516939177840640.html
004,密钥封装 Key Encapsulation,BAG-Piglet,BAG-Piglet.zip,01-public-key/02-key-encapsulation/BAG-Piglet.zip,10529983,ok,31afe1f2f4e97ad77929d7855c7d9011d69755049d155c09be9339bc99b1d405,2026-09-20 11:29,https://www.niccs.org.cn/niccs/Proposal/Public-Key%20Cryptographic%20Algorithms/Round%201%20candidates/Key%20Encapsulation/BAG-Piglet.zip,https://www.niccs.org.cn/niccs/R1KeyEncapsulation/pc/content/content_2101516713507508224.html
005,密钥封装 Key Encapsulation,BIKE-MLThre,BIKE_MLThre.zip,01-public-key/02-key-encapsulation/BIKE_MLThre.zip,38667045,ok,3a5d97532003786374b68b39779cff4e4938f593fef9596f171652c6ff593917,2026-09-20 11:28,https://www.niccs.org.cn/niccs/Proposal/Public-Key%20Cryptographic%20Algorithms/Round%201%20candidates/Key%20Encapsulation/BIKE_MLThre.zip,https://www.niccs.org.cn/niccs/R1KeyEncapsulation/pc/content/content_2101513734456954880.html
006,密钥封装 Key Encapsulation,BRA,BRA.zip,01-public-key/02-key-encapsulation/BRA.zip,9361891,ok,612a3fe69c7a28fae7ca87a226d29e67a9cffb6ce9e4cbe54ac9de37f7650d7a,2026-09-20 11:27,https://www.niccs.org.cn/niccs/Proposal/Public-Key%20Cryptographic%20Algorithms/Round%201%20candidates/Key%20Encapsulation/BRA.zip,https://www.niccs.org.cn/niccs/R1KeyEncapsulation/pc/content/content_2101513510208491520.html
007,密钥封装 Key Encapsulation,BRQC,BRQC.zip,01-public-key/02-key-encapsulation/BRQC.zip,9739992,ok,2c76bdd4e4df7829bf22fa4949a3c744b9af692425f6f2e5fae5317d41e366ae,2026-09-20 11:26,https://www.niccs.org.cn/niccs/Proposal/Public-Key%20Cryptographic%20Algorithms/Round%201%20candidates/Key%20Encapsulation/BRQC.zip,https://www.niccs.org.cn/niccs/R1KeyEncapsulation/pc/content/content_2101513287428034560.html
008,密钥封装 Key Encapsulation,BW-KEM,BW-KEM.zip,01-public-key/02-key-encapsulation/BW-KEM.zip,13851186,ok,a1f8a079df7d55576209f45fcf00afd700fc60c0b18d758d572585ccea594ae3,2026-09-20 11:25,https://www.niccs.org.cn/niccs/Proposal/Public-Key%20Cryptographic%20Algorithms/Round%201%20candidates/Key%20Encapsulation/BW-KEM.zip,https://www.niccs.org.cn/niccs/R1KeyEncapsulation/pc/content/content_2101513068019798016.html
009,密钥封装 Key Encapsulation,CheetahKEM,CheetahKEM.zip,01-public-key/02-key-encapsulation/CheetahKEM.zip,8357751,ok,fc321e46bac9c387535e2053bed560eac3d3cd88ba9bebc154f5bf68dd47dcd1,2026-09-20 11:24,https://www.niccs.org.cn/niccs/Proposal/Public-Key%20Cryptographic%20Algorithms/Round%201%20candidates/Key%20Encapsulation/CheetahKEM.zip,https://www.niccs.org.cn/niccs/R1KeyEncapsulation/pc/content/content_2101512860473053184.html
010,密钥封装 Key Encapsulation,C-Multi-UR-AG,C-Multi-UR-AG.zip,01-public-key/02-key-encapsulation/C-Multi-UR-AG.zip,12265869,ok,c41e372a55e1dd4aa0e30c6b53d9d7b4f9cd1d7ae431763535e1e61097445e2c,2026-09-20 11:23,https://www.niccs.org.cn/niccs/Proposal/Public-Key%20Cryptographic%20Algorithms/Round%201%20candidates/Key%20Encapsulation/C-Multi-UR-AG.zip,https://www.niccs.org.cn/niccs/R1KeyEncapsulation/pc/content/content_2101512642461519872.html
011,密钥封装 Key Encapsulation,COMPASS-KEM,COMPASS-KEM.zip,01-public-key/02-key-encapsulation/COMPASS-KEM.zip,50427183,ok,8fc838488ac0849d4c6afd161f8b9742c7a8b9a330bc3b79df70ced7e2d1d5e2,2026-09-20 11:22,https://www.niccs.org.cn/niccs/Proposal/Public-Key%20Cryptographic%20Algorithms/Round%201%20candidates/Key%20Encapsulation/COMPASS-KEM.zip,https://www.niccs.org.cn/niccs/R1KeyEncapsulation/pc/content/content_2101512022090403840.html
012,密钥封装 Key Encapsulation,CTL Algorithm,CTL.zip,01-public-key/02-key-encapsulation/CTL.zip,37952459,ok,512caaf5fa04ea5ab51fb5eeee9e81f8c7c7c430b60727130067634bfb674d01,2026-09-20 11:21,https://www.niccs.org.cn/niccs/Proposal/Public-Key%20Cryptographic%20Algorithms/Round%201%20candidates/Key%20Encapsulation/CTL.zip,https://www.niccs.org.cn/niccs/R1KeyEncapsulation/pc/content/content_2101511814187143168.html
013,密钥封装 Key Encapsulation,DKEM (Ding Key Encapsulation),DKEM.zip,01-public-key/02-key-encapsulation/DKEM.zip,8992809,ok,862f40ba424253bae7fadbc9c2f54a568b77e0f97fba4728c5fd1e4e826dddc7,2026-09-20 11:20,https://www.niccs.org.cn/niccs/Proposal/Public-Key%20Cryptographic%20Algorithms/Round%201%20candidates/Key%20Encapsulation/DKEM.zip,https://www.niccs.org.cn/niccs/R1KeyEncapsulation/pc/content/content_2101511580744765440.html
014,密钥封装 Key Encapsulation,DTRU,DTRU.zip,01-public-key/02-key-encapsulation/DTRU.zip,20677386,ok,ed443d6a9e2e6c50e4956e9b30ce078ae0598a8846962d04b9894cac0816527b,2026-09-20 11:19,https://www.niccs.org.cn/niccs/Proposal/Public-Key%20Cryptographic%20Algorithms/Round%201%20candidates/Key%20Encapsulation/DTRU.zip,https://www.niccs.org.cn/niccs/R1KeyEncapsulation/pc/content/content_2101511361315557376.html
015,密钥封装 Key Encapsulation,FLIT,FLIT.zip,01-public-key/02-key-encapsulation/FLIT.zip,5802560,ok,6c560f434b347fbac8334f55b9ba2838cb1cf885d5aa25e95acb66ed6c6de0fe,2026-09-20 11:18,https://www.niccs.org.cn/niccs/Proposal/Public-Key%20Cryptographic%20Algorithms/Round%201%20candidates/Key%20Encapsulation/FLIT.zip,https://www.niccs.org.cn/niccs/R1KeyEncapsulation/pc/content/content_2101511175910543360.html
016,密钥封装 Key Encapsulation,HARE,HARE.zip,01-public-key/02-key-encapsulation/HARE.zip,16015701,ok,718bb70eee268550fcef2a82e8eb9879c51ecfdbaefd6bfe2157e7639ffc8557,2026-09-20 11:17,https://www.niccs.org.cn/niccs/Proposal/Public-Key%20Cryptographic%20Algorithms/Round%201%20candidates/Key%20Encapsulation/HARE.zip,https://www.niccs.org.cn/niccs/R1KeyEncapsulation/pc/content/content_2101510831696596992.html
017,密钥封装 Key Encapsulation,Hybrid Equivalent Punctured and Quasi-Cyclic,HEP-QC.zip,01-public-key/02-key-encapsulation/HEP-QC.zip,789966981,ok,3780991127f49b6397b4182d32b35ab7a6359bf825a707e90df0f809beeb3790,2026-09-20 11:16,https://www.niccs.org.cn/niccs/Proposal/Public-Key%20Cryptographic%20Algorithms/Round%201%20candidates/Key%20Encapsulation/HEP-QC.zip,https://www.niccs.org.cn/niccs/R1KeyEncapsulation/pc/content/content_2101510686716284928.html
018,密钥封装 Key Encapsulation,LoongKEM,LoongKEM.zip,01-public-key/02-key-encapsulation/LoongKEM.zip,8583603,ok,a6e5070647a40e7de1bf6e5b085dc1d6423c003a409864fdb303d87f881cec0b,2026-09-20 11:15,https://www.niccs.org.cn/niccs/Proposal/Public-Key%20Cryptographic%20Algorithms/Round%201%20candidates/Key%20Encapsulation/LoongKEM.zip,https://www.niccs.org.cn/niccs/R1KeyEncapsulation/pc/content/content_2101510548270698496.html
019,密钥封装 Key Encapsulation,Lore,Lore.zip,01-public-key/02-key-encapsulation/Lore.zip,10424731,ok,e33130fb45a3b1e220f8043739d1396a884c0043cb4336104e67e5404c7cc725,2026-09-20 11:14,https://www.niccs.org.cn/niccs/Proposal/Public-Key%20Cryptographic%20Algorithms/Round%201%20candidates/Key%20Encapsulation/Lore.zip,https://www.niccs.org.cn/niccs/R1KeyEncapsulation/pc/content/content_2101510396353007616.html
020,密钥封装 Key Encapsulation,MAMBA-Frost,MAMBA-Frost.zip,01-public-key/02-key-encapsulation/MAMBA-Frost.zip,23341608,ok,ae363dbefd69d64e99987b64105d60bfa376d97c8b58b055665761559c44c78b,2026-09-20 11:13,https://www.niccs.org.cn/niccs/Proposal/Public-Key%20Cryptographic%20Algorithms/Round%201%20candidates/Key%20Encapsulation/MAMBA-Frost.zip,https://www.niccs.org.cn/niccs/R1KeyEncapsulation/pc/content/content_2101510166681309184.html
021,密钥封装 Key Encapsulation,MAMBA-Viper,MAMBA-Viper.zip,01-public-key/02-key-encapsulation/MAMBA-Viper.zip,11898713,ok,cdf52bb77066664f74eb44872d5ab1785c22df194e50c603120432a169c61f4c,2026-09-20 10:50,https://www.niccs.org.cn/niccs/Proposal/Public-Key%20Cryptographic%20Algorithms/Round%201%20candidates/Key%20Encapsulation/MAMBA-Viper.zip,https://www.niccs.org.cn/niccs/R1KeyEncapsulation/pc/content/content_2101504976255275008.html
022,密钥封装 Key Encapsulation,Mithril,Mithril.zip,01-public-key/02-key-encapsulation/Mithril.zip,13023595,ok,9fed68e7923c6bc9ede072183f7d3983058f88deec5534e779ed2200ee4f7f9f,2026-09-20 10:48,https://www.niccs.org.cn/niccs/Proposal/Public-Key%20Cryptographic%20Algorithms/Round%201%20candidates/Key%20Encapsulation/Mithril.zip,https://www.niccs.org.cn/niccs/R1KeyEncapsulation/pc/content/content_2101503645129986048.html
023,密钥封装 Key Encapsulation,Mito,Mito.zip,01-public-key/02-key-encapsulation/Mito.zip,20911711,ok,ee11788a3e8bf8653d18ade6580c47a331b91e7eac3e31a5a6750a4b4cfb827b,2026-09-20 10:47,https://www.niccs.org.cn/niccs/Proposal/Public-Key%20Cryptographic%20Algorithms/Round%201%20candidates/Key%20Encapsulation/Mito.zip,https://www.niccs.org.cn/niccs/R1KeyEncapsulation/pc/content/content_2101503493858217984.html
024,密钥封装 Key Encapsulation,MORNING-Scabbard,MORNING-Scabbard.zip,01-public-key/02-key-encapsulation/MORNING-Scabbard.zip,16810898,ok,fdb6749116bddbb8a86074b9ab6f5f55d37540b92e3964906dede0b09c7faf4b,2026-09-20 10:46,https://www.niccs.org.cn/niccs/Proposal/Public-Key%20Cryptographic%20Algorithms/Round%201%20candidates/Key%20Encapsulation/MORNING-Scabbard.zip,https://www.niccs.org.cn/niccs/R1KeyEncapsulation/pc/content/content_2101503284793135104.html
025,密钥封装 Key Encapsulation,NEV,NEV.zip,01-public-key/02-key-encapsulation/NEV.zip,13284152,ok,8105c6241a322661411e870a3087338f48f4f5c477a540387b800c08955cc7fd,2026-09-20 10:45,https://www.niccs.org.cn/niccs/Proposal/Public-Key%20Cryptographic%20Algorithms/Round%201%20candidates/Key%20Encapsulation/NEV.zip,https://www.niccs.org.cn/niccs/R1KeyEncapsulation/pc/content/content_2101503060444008448.html
026,密钥封装 Key Encapsulation,NSS-HQC,NSS-HQC.zip,01-public-key/02-key-encapsulation/NSS-HQC.zip,7408070,ok,033994e27bf0dc824078593a98eb51465f979b1bca0932cabb29be6626447638,2026-09-20 10:43,https://www.niccs.org.cn/niccs/Proposal/Public-Key%20Cryptographic%20Algorithms/Round%201%20candidates/Key%20Encapsulation/NSS-HQC.zip,https://www.niccs.org.cn/niccs/R1KeyEncapsulation/pc/content/content_2101502496087822336.html
027,密钥封装 Key Encapsulation,NTRE Key Encapsulation Mechanism,NTRE.zip,01-public-key/02-key-encapsulation/NTRE.zip,9622416,ok,9c0bad4c4846998df1214ba562e1c3b8aece6b69f08234a9bb0d89e3a5a4ea9a,2026-09-20 10:42,https://www.niccs.org.cn/niccs/Proposal/Public-Key%20Cryptographic%20Algorithms/Round%201%20candidates/Key%20Encapsulation/NTRE.zip,https://www.niccs.org.cn/niccs/R1KeyEncapsulation/pc/content/content_2101502307428028416.html
028,密钥封装 Key Encapsulation,OAEP-NTRU,OAEP-NTRU.zip,01-public-key/02-key-encapsulation/OAEP-NTRU.zip,6170350,ok,aaab8e0692fd19dd2edda5384b5e85bba74661d478823b48cab3cccb53675756,2026-09-20 10:41,https://www.niccs.org.cn/niccs/Proposal/Public-Key%20Cryptographic%20Algorithms/Round%201%20candidates/Key%20Encapsulation/OAEP-NTRU.zip,https://www.niccs.org.cn/niccs/R1KeyEncapsulation/pc/content/content_2101502137470636032.html
029,密钥封装 Key Encapsulation,Polar-KEM,Polar-KEM.zip,01-public-key/02-key-encapsulation/Polar-KEM.zip,1081142,ok,3ae9d4f1a717fb473e76447014d585cd5d14fe38728f02b1a044cc6a2d03e16d,2026-09-20 10:38,https://www.niccs.org.cn/niccs/Proposal/Public-Key%20Cryptographic%20Algorithms/Round%201%20candidates/Key%20Encapsulation/Polar-KEM.zip,https://www.niccs.org.cn/niccs/R1KeyEncapsulation/pc/content/content_2101501931157016576.html
030,密钥封装 Key Encapsulation,PolarLAC,PolarLAC.zip,01-public-key/02-key-encapsulation/PolarLAC.zip,13109792,ok,906be26ce8d27de335b691ff8490b2344b46d7519d88c799cba0242324e4882c,2026-09-20 10:35,https://www.niccs.org.cn/niccs/Proposal/Public-Key%20Cryptographic%20Algorithms/Round%201%20candidates/Key%20Encapsulation/PolarLAC.zip,https://www.niccs.org.cn/niccs/R1KeyEncapsulation/pc/content/content_2101501254599004160.html
031,密钥封装 Key Encapsulation,QIMEN-PIKE,QIMEN-PIKE.zip,01-public-key/02-key-encapsulation/QIMEN-PIKE.zip,35179832,ok,eff17fd345bbb44cbaeb822bece3c0b82b8d00f49278e72a89c83e2551c1752a,2026-09-20 10:34,https://www.niccs.org.cn/niccs/Proposal/Public-Key%20Cryptographic%20Algorithms/Round%201%20candidates/Key%20Encapsulation/QIMEN-PIKE.zip,https://www.niccs.org.cn/niccs/R1KeyEncapsulation/pc/content/content_2101500333840224256.html
032,密钥封装 Key Encapsulation,Quasi-Cyclic Twisted McEliece Key Encapsulation Mechanism,QCTM.zip,01-public-key/02-key-encapsulation/QCTM.zip,87169850,ok,24a3986a4fbb852a677267a6443756328eae3642af770e767fe38f8291f294db,2026-09-20 10:33,https://www.niccs.org.cn/niccs/Proposal/Public-Key%20Cryptographic%20Algorithms/Round%201%20candidates/Key%20Encapsulation/QCTM.zip,https://www.niccs.org.cn/niccs/R1KeyEncapsulation/pc/content/content_2101500178147659776.html
033,密钥封装 Key Encapsulation,QUBE,QUBE.zip,01-public-key/02-key-encapsulation/QUBE.zip,7113093,ok,f5eedd8a4bf786cd5a56a21f2c7ad5cf3307939a1bf0aeca5041920067880396,2026-09-20 10:33,https://www.niccs.org.cn/niccs/Proposal/Public-Key%20Cryptographic%20Algorithms/Round%201%20candidates/Key%20Encapsulation/QUBE.zip,https://www.niccs.org.cn/niccs/R1KeyEncapsulation/pc/content/content_2101500001315803136.html
034,密钥封装 Key Encapsulation,Rudraksh2,Rudraksh2.zip,01-public-key/02-key-encapsulation/Rudraksh2.zip,19766493,ok,569d526cf7abe38393f69a4513686fa86a0c3b3033cc225b84cc107b20b17b98,2026-09-20 10:32,https://www.niccs.org.cn/niccs/Proposal/Public-Key%20Cryptographic%20Algorithms/Round%201%20candidates/Key%20Encapsulation/Rudraksh2.zip,https://www.niccs.org.cn/niccs/R1KeyEncapsulation/pc/content/content_2101499809782910976.html
035,密钥封装 Key Encapsulation,Scloud+,Scloud+.zip,01-public-key/02-key-encapsulation/Scloud+.zip,12578761,ok,050aad7293ec90fafd9070e82877eedc81caf0aaaca932c995619a3f35429876,2026-09-20 10:31,https://www.niccs.org.cn/niccs/Proposal/Public-Key%20Cryptographic%20Algorithms/Round%201%20candidates/Key%20Encapsulation/Scloud%2B.zip,https://www.niccs.org.cn/niccs/R1KeyEncapsulation/pc/content/content_2101499583567319040.html
036,密钥封装 Key Encapsulation,TRIKE,TRIKE.zip,01-public-key/02-key-encapsulation/TRIKE.zip,6460305,ok,03956a13fde3d402513bfcf9942f2b04fd23e98b01a3dc52b48938b9c89fe4d6,2026-09-20 10:30,https://www.niccs.org.cn/niccs/Proposal/Public-Key%20Cryptographic%20Algorithms/Round%201%20candidates/Key%20Encapsulation/TRIKE.zip,https://www.niccs.org.cn/niccs/R1KeyEncapsulation/pc/content/content_2101499390209904640.html
037,密钥封装 Key Encapsulation,TriQ-KEM,TriQ-KEM.zip,01-public-key/02-key-encapsulation/TriQ-KEM.zip,18591835,ok,1e4b96e7a849c95b4a6511c5739be9e0b4adf19b00195c2c0ce14f66be316876,2026-09-20 10:29,https://www.niccs.org.cn/niccs/Proposal/Public-Key%20Cryptographic%20Algorithms/Round%201%20candidates/Key%20Encapsulation/TriQ-KEM.zip,https://www.niccs.org.cn/niccs/R1KeyEncapsulation/pc/content/content_2101499199985635328.html
038,密钥封装 Key Encapsulation,UVW Key Encapsulation Mechanism,UVW-KEM.zip,01-public-key/02-key-encapsulation/UVW-KEM.zip,75587362,ok,f9a1b135ea16aca0c974861732e03cd3164f1288f33ff150ff66c98326b75bcb,2026-09-20 10:28,https://www.niccs.org.cn/niccs/Proposal/Public-Key%20Cryptographic%20Algorithms/Round%201%20candidates/Key%20Encapsulation/UVW-KEM.zip,https://www.niccs.org.cn/niccs/R1KeyEncapsulation/pc/content/content_2101498913376260096.html
039,密钥封装 Key Encapsulation,Weaver,Weaver.zip,01-public-key/02-key-encapsulation/Weaver.zip,5743165,ok,9b0bad96e9bc836b0ff811492a70891066df5634ee47fda4d1518dccd4e09927,2026-09-20 10:28,https://www.niccs.org.cn/niccs/Proposal/Public-Key%20Cryptographic%20Algorithms/Round%201%20candidates/Key%20Encapsulation/Weaver.zip,https://www.niccs.org.cn/niccs/R1KeyEncapsulation/pc/content/content_2101498729367949312.html
040,密钥封装 Key Encapsulation,YuanYang.KEM,YuanYang.KEM.zip,01-public-key/02-key-encapsulation/YuanYang.KEM.zip,18320042,ok,fe1bf3d78272bb79048e7d456819160324c6140206798cb77a22c2babcfdcf4a,2026-09-20 10:27,https://www.niccs.org.cn/niccs/Proposal/Public-Key%20Cryptographic%20Algorithms/Round%201%20candidates/Key%20Encapsulation/YuanYang.KEM.zip,https://www.niccs.org.cn/niccs/R1KeyEncapsulation/pc/content/content_2101498553312038912.html
041,密钥封装 Key Encapsulation,ZEN,ZEN.zip,01-public-key/02-key-encapsulation/ZEN.zip,37391107,ok,69eba070320fc6cb365fb6d43d2b74460487732aeb7e607fac2d6c1b3a64a80e,2026-09-20 10:25,https://www.niccs.org.cn/niccs/Proposal/Public-Key%20Cryptographic%20Algorithms/Round%201%20candidates/Key%20Encapsulation/ZEN.zip,https://www.niccs.org.cn/niccs/R1KeyEncapsulation/pc/content/content_2101498315453059072.html
001,密钥交换 Key Exchange,ADKEX (Authenticated Ding Key Exchange),ADKEX.zip,01-public-key/03-key-exchange/ADKEX.zip,9144467,ok,bbadecca0ce9d3f3131129b17c91e0ab89a81e077710e53f7a569a30475a23f2,2026-09-20 10:18,https://www.niccs.org.cn/niccs/Proposal/Public-Key%20Cryptographic%20Algorithms/Round%201%20candidates/Key%20Exchange/ADKEX.zip,https://www.niccs.org.cn/niccs/R1KeyExchange/pc/content/content_2101496452469051392.html
002,密钥交换 Key Exchange,AFS-KEX,AFS-KEX.zip,01-public-key/03-key-exchange/AFS-KEX.zip,9752914,ok,7d902107b74870e512c84da82c6bfb386633ca864ddc7df2f7b0b183511f983a,2026-09-20 10:17,https://www.niccs.org.cn/niccs/Proposal/Public-Key%20Cryptographic%20Algorithms/Round%201%20candidates/Key%20Exchange/AFS-KEX.zip,https://www.niccs.org.cn/niccs/R1KeyExchange/pc/content/content_2101496186252382208.html
003,密钥交换 Key Exchange,CreTAKE,CreTAKE.zip,01-public-key/03-key-exchange/CreTAKE.zip,17998433,ok,0b356074741bc20fa82132719e1678e001083b9746f5c4c582425b727b511741,2026-09-20 10:15,https://www.niccs.org.cn/niccs/Proposal/Public-Key%20Cryptographic%20Algorithms/Round%201%20candidates/Key%20Exchange/CreTAKE.zip,https://www.niccs.org.cn/niccs/R1KeyExchange/pc/content/content_2101495927828729856.html
004,密钥交换 Key Exchange,DKEX (Ding Key Exchange),DKEX.zip,01-public-key/03-key-exchange/DKEX.zip,11261599,ok,979c22239b4a2fb6732e68029c06659f8a7b582c00ca163e1ec72874b227e117,2026-09-20 09:43,https://www.niccs.org.cn/niccs/Proposal/Public-Key%20Cryptographic%20Algorithms/Round%201%20candidates/Key%20Exchange/DKEX.zip,https://www.niccs.org.cn/niccs/R1KeyExchange/pc/content/content_2100889723003817984.html
005,密钥交换 Key Exchange,Loom,Loom.zip,01-public-key/03-key-exchange/Loom.zip,24191394,ok,e9e7ff0fb453a371634797febeaeac7c1f081b5fd2438204787c763667482ec4,2026-09-20 09:42,https://www.niccs.org.cn/niccs/Proposal/Public-Key%20Cryptographic%20Algorithms/Round%201%20candidates/Key%20Exchange/Loom.zip,https://www.niccs.org.cn/niccs/R1KeyExchange/pc/content/content_2100889434439897088.html
006,密钥交换 Key Exchange,MAMBA-NIKE,MAMBA-NIKE.zip,01-public-key/03-key-exchange/MAMBA-NIKE.zip,10286525,ok,79b53ff726121ccb1ce970003c06b605e973c4e4f452dbe780e70cd4c40ca018,2026-09-20 09:41,https://www.niccs.org.cn/niccs/Proposal/Public-Key%20Cryptographic%20Algorithms/Round%201%20candidates/Key%20Exchange/MAMBA-NIKE.zip,https://www.niccs.org.cn/niccs/R1KeyExchange/pc/content/content_2100889280743821312.html
007,密钥交换 Key Exchange,NEV-AKE,NEV-AKE.zip,01-public-key/03-key-exchange/NEV-AKE.zip,12680002,ok,da75005b4060167f25125cbd1a769ed872c8b6fcb770fe0827a599e44536e8e6,2026-09-20 09:40,https://www.niccs.org.cn/niccs/Proposal/Public-Key%20Cryptographic%20Algorithms/Round%201%20candidates/Key%20Exchange/NEV-AKE.zip,https://www.niccs.org.cn/niccs/R1KeyExchange/pc/content/content_2100889075738824704.html
008,密钥交换 Key Exchange,NIIKE,NIIKE.zip,01-public-key/03-key-exchange/NIIKE.zip,18829414,ok,4f79f9a62aed06db83f2965abcc42ca98ce5cc2128cebd15b50a46cfbb633dbe,2026-09-20 09:39,https://www.niccs.org.cn/niccs/Proposal/Public-Key%20Cryptographic%20Algorithms/Round%201%20candidates/Key%20Exchange/NIIKE.zip,https://www.niccs.org.cn/niccs/R1KeyExchange/pc/content/content_2100888831449976832.html
009,密钥交换 Key Exchange,TriQ-KEX,TriQ-KEX.zip,01-public-key/03-key-exchange/TriQ-KEX.zip,26471558,ok,dde9bf3e8d75fc3df53bcbcacaba4faed39272b8ef2f1ac199ae0128d327b505,2026-09-20 09:39,https://www.niccs.org.cn/niccs/Proposal/Public-Key%20Cryptographic%20Algorithms/Round%201%20candidates/Key%20Exchange/TriQ-KEX.zip,https://www.niccs.org.cn/niccs/R1KeyExchange/pc/content/content_2100888002600980480.html
001,密码杂凑 Hash,AFS-TrEDM,AFS-TrEDM.zip,02-hash/AFS-TrEDM.zip,23244533,ok,6a4b3d3ca5c225ad7d8714878e12f10cbf92aa6e081a8b85f504b6eeb2f4188b,2026-09-20 13:16,https://www.niccs.org.cn/niccs/Proposal/Cryptographic%20Hash%20Algorithms/Round%201%20candidates/AFS-TrEDM.zip,https://www.niccs.org.cn/niccs/Round1Submissions4/pc/content/content_2101541113569038336.html
002,密码杂凑 Hash,AXIS: Advanced eXpandable Iterative Stream-based Hash,AXIS.zip,02-hash/AXIS.zip,6950682,ok,a7c6aa6d30642cc05207acb4d2aa3701dd40945cb21f1bc0e51305ca8f57f81d,2026-09-20 13:15,https://www.niccs.org.cn/niccs/Proposal/Cryptographic%20Hash%20Algorithms/Round%201%20candidates/AXIS.zip,https://www.niccs.org.cn/niccs/Round1Submissions4/pc/content/content_2101540899009417216.html
003,密码杂凑 Hash,C Hash,C Hash.zip,02-hash/C Hash.zip,10629085,ok,d6b40f34b4c4af7ab1929816d8613220ed669aace6bfdd8d2e9496d90ddc5438,2026-09-20 13:14,https://www.niccs.org.cn/niccs/Proposal/Cryptographic%20Hash%20Algorithms/Round%201%20candidates/C%20Hash.zip,https://www.niccs.org.cn/niccs/Round1Submissions4/pc/content/content_2101540728942972928.html
004,密码杂凑 Hash,CHAMP,CHAMP.zip,02-hash/CHAMP.zip,8099370,ok,8953f95618236d8d86191992b10e3580ae74520c28a36a715c2fc8bea2a9e8c1,2026-09-20 13:13,https://www.niccs.org.cn/niccs/Proposal/Cryptographic%20Hash%20Algorithms/Round%201%20candidates/CHAMP.zip,https://www.niccs.org.cn/niccs/Round1Submissions4/pc/content/content_2101540375996485632.html
005,密码杂凑 Hash,Cryptographic Hash Algorithm uHash,uHash.zip,02-hash/uHash.zip,36366416,ok,c398e49530510c9aa1deffd617855f9b8db448b4e30a35953d88ea0373c7d8e5,2026-09-20 13:12,https://www.niccs.org.cn/niccs/Proposal/Cryptographic%20Hash%20Algorithms/Round%201%20candidates/uHash.zip,https://www.niccs.org.cn/niccs/Round1Submissions4/pc/content/content_2101540182026702848.html
006,密码杂凑 Hash,Cuishen,Cuishen.zip,02-hash/Cuishen.zip,28396103,ok,b9192c8a4046d8af48ea19ddefd538f11dd456766b2daf3597762c76a2cc0d6d,2026-09-20 13:11,https://www.niccs.org.cn/niccs/Proposal/Cryptographic%20Hash%20Algorithms/Round%201%20candidates/Cuishen.zip,https://www.niccs.org.cn/niccs/Round1Submissions4/pc/content/content_2101539989910802432.html
007,密码杂凑 Hash,Dragon Hash Family,Dragon.zip,02-hash/Dragon.zip,148150104,ok,088759817e3193e0ca02c3a3669fd05ac70e833b0447f336666268b61846b26c,2026-09-20 13:11,https://www.niccs.org.cn/niccs/Proposal/Cryptographic%20Hash%20Algorithms/Round%201%20candidates/Dragon.zip,https://www.niccs.org.cn/niccs/Round1Submissions4/pc/content/content_2101539781751689216.html
008,密码杂凑 Hash,Duet,Duet.zip,02-hash/Duet.zip,20167520,ok,989978bcefbe20124943b2003908226c48e0f05b5ec8db510e7cdb89c2299f1e,2026-09-20 13:10,https://www.niccs.org.cn/niccs/Proposal/Cryptographic%20Hash%20Algorithms/Round%201%20candidates/Duet.zip,https://www.niccs.org.cn/niccs/Round1Submissions4/pc/content/content_2101539583977672704.html
009,密码杂凑 Hash,Eijen Hash Function,Eijen.zip,02-hash/Eijen.zip,21377056,ok,5e2581d905b9a3d3a8c34c76ed73213c77da970a15cc6b3b26b2bb086b93e3f4,2026-09-20 13:09,https://www.niccs.org.cn/niccs/Proposal/Cryptographic%20Hash%20Algorithms/Round%201%20candidates/Eijen.zip,https://www.niccs.org.cn/niccs/Round1Submissions4/pc/content/content_2101539361927024640.html
010,密码杂凑 Hash,FEILIAN,FEILIAN.zip,02-hash/FEILIAN.zip,46405040,ok,876082a40ecf3b25d8b19478cbfeab4bd5f96ff7a293aacc5b57a9f73c2ff26c,2026-09-20 13:08,https://www.niccs.org.cn/niccs/Proposal/Cryptographic%20Hash%20Algorithms/Round%201%20candidates/FEILIAN.zip,https://www.niccs.org.cn/niccs/Round1Submissions4/pc/content/content_2101539111250251776.html
011,密码杂凑 Hash,Garnet,Garnet.zip,02-hash/Garnet.zip,28058026,ok,9cb659f7e01a64bdcce2a4fea8a7d6e6b5687b2a0ed8ce4ffe5fa86dd3e77646,2026-09-20 13:07,https://www.niccs.org.cn/niccs/Proposal/Cryptographic%20Hash%20Algorithms/Round%201%20candidates/Garnet.zip,https://www.niccs.org.cn/niccs/Round1Submissions4/pc/content/content_2101538925484527616.html
012,密码杂凑 Hash,Iphe,Iphe.zip,02-hash/Iphe.zip,44195487,ok,42ceda5aa3da2fc74c2b21abfaace3f5af208aab40ef00fcca6d18cdd7a0a844,2026-09-20 13:07,https://www.niccs.org.cn/niccs/Proposal/Cryptographic%20Hash%20Algorithms/Round%201%20candidates/Iphe.zip,https://www.niccs.org.cn/niccs/Round1Submissions4/pc/content/content_2101538722543128576.html
013,密码杂凑 Hash,JuziHash,Juzi.zip,02-hash/Juzi.zip,4236858,ok,487f73e34dac7a06ae6718c4a38bcf757c1555676b107415f7b79b17d8c9cf92,2026-09-20 13:06,https://www.niccs.org.cn/niccs/Proposal/Cryptographic%20Hash%20Algorithms/Round%201%20candidates/Juzi.zip,https://www.niccs.org.cn/niccs/Round1Submissions4/pc/content/content_2101538489901862912.html
014,密码杂凑 Hash,Laurus,Laurus.zip,02-hash/Laurus.zip,53082543,ok,9499a772e532577f85902c0f631a95af8e2fb4bc308da6466c076debd63d1415,2026-09-20 13:05,https://www.niccs.org.cn/niccs/Proposal/Cryptographic%20Hash%20Algorithms/Round%201%20candidates/Laurus.zip,https://www.niccs.org.cn/niccs/Round1Submissions4/pc/content/content_2101538290232020992.html
015,密码杂凑 Hash,Litchi,Litchi.zip,02-hash/Litchi.zip,53685148,ok,16c798c93c6fbdc9ac3703113c120fe22df46569a93d7322aaba46effa3273eb,2026-09-20 13:04,https://www.niccs.org.cn/niccs/Proposal/Cryptographic%20Hash%20Algorithms/Round%201%20candidates/Litchi.zip,https://www.niccs.org.cn/niccs/Round1Submissions4/pc/content/content_2101538083238924288.html
016,密码杂凑 Hash,LLH,LLH.zip,02-hash/LLH.zip,47056236,ok,e79ca6ef17bcf0485ae2462cfe338e904f05551d7a8859271354d469072b3c2d,2026-09-20 13:03,https://www.niccs.org.cn/niccs/Proposal/Cryptographic%20Hash%20Algorithms/Round%201%20candidates/LLH.zip,https://www.niccs.org.cn/niccs/Round1Submissions4/pc/content/content_2101537750001471488.html
017,密码杂凑 Hash,MasterCube,MasterCube.zip,02-hash/MasterCube.zip,32224403,ok,1f9773b8ece90152a6a9adc632a7112c9afc670a5d28b7f1e9ac111e5eea8f13,2026-09-20 13:02,https://www.niccs.org.cn/niccs/Proposal/Cryptographic%20Hash%20Algorithms/Round%201%20candidates/MasterCube.zip,https://www.niccs.org.cn/niccs/Round1Submissions4/pc/content/content_2101537586067099648.html
018,密码杂凑 Hash,Megascon Hash Function,Megascon.zip,02-hash/Megascon.zip,19481324,ok,70d0796942e60a1ddd25ad2332dbfe2755052825c301e9585167c90c1fa09d3d,2026-09-20 13:01,https://www.niccs.org.cn/niccs/Proposal/Cryptographic%20Hash%20Algorithms/Round%201%20candidates/Megascon.zip,https://www.niccs.org.cn/niccs/Round1Submissions4/pc/content/content_2101537413073031168.html
019,密码杂凑 Hash,MoFang Hash Function,MoFang.zip,02-hash/MoFang.zip,11118436,ok,dfdd7dd54361fb09e6d0bc47ae6245a9f992f284c56b04ff55d528e2339c9acc,2026-09-20 13:00,https://www.niccs.org.cn/niccs/Proposal/Cryptographic%20Hash%20Algorithms/Round%201%20candidates/MoFang.zip,https://www.niccs.org.cn/niccs/Round1Submissions4/pc/content/content_2101537228439769088.html
020,密码杂凑 Hash,Mozi Hash Function,Mozi.zip,02-hash/Mozi.zip,34365493,ok,f68c6b73ff4ac064e6bb8a9b74c4bd8a929594c3c48c89e1a65941e03676ea30,2026-09-20 13:00,https://www.niccs.org.cn/niccs/Proposal/Cryptographic%20Hash%20Algorithms/Round%201%20candidates/Mozi.zip,https://www.niccs.org.cn/niccs/Round1Submissions4/pc/content/content_2101537013422968832.html
021,密码杂凑 Hash,Neulaser,Neulaser.zip,02-hash/Neulaser.zip,13735799,ok,ffa76faaf6ae1c939ef6b1a726d6bcef19f0f0df63daddfe74a82e2831c4c6b3,2026-09-20 12:59,https://www.niccs.org.cn/niccs/Proposal/Cryptographic%20Hash%20Algorithms/Round%201%20candidates/Neulaser.zip,https://www.niccs.org.cn/niccs/Round1Submissions4/pc/content/content_2101536800629149696.html
022,密码杂凑 Hash,Pavelor: A Highly Secure Hash Algorithm for Software Implementation,Pavelor.zip,02-hash/Pavelor.zip,215664540,ok,0414e5f0039c2d352eb00c125554114931363dcea6b382052fdd20fbf25e0c31,2026-09-20 12:58,https://www.niccs.org.cn/niccs/Proposal/Cryptographic%20Hash%20Algorithms/Round%201%20candidates/Pavelor.zip,https://www.niccs.org.cn/niccs/Round1Submissions4/pc/content/content_2101536571221692416.html
023,密码杂凑 Hash,QILIN,QILIN.zip,02-hash/QILIN.zip,31713305,ok,10335345f6a6cca5e4be688ef42230dff983049483acecbd43f38febb7618609,2026-09-20 12:57,https://www.niccs.org.cn/niccs/Proposal/Cryptographic%20Hash%20Algorithms/Round%201%20candidates/QILIN.zip,https://www.niccs.org.cn/niccs/Round1Submissions4/pc/content/content_2101536372126470144.html
024,密码杂凑 Hash,QuantaSylva Hash,QSH.zip,02-hash/QSH.zip,13117999,ok,d2b33441b42825ea10fd374adfdafea64525ad471159b4787c6dc2bd420f05d9,2026-09-20 12:56,https://www.niccs.org.cn/niccs/Proposal/Cryptographic%20Hash%20Algorithms/Round%201%20candidates/QSH.zip,https://www.niccs.org.cn/niccs/Round1Submissions4/pc/content/content_2101536223673274368.html
025,密码杂凑 Hash,TaiChi,TaiChi.zip,02-hash/TaiChi.zip,23373335,ok,013bdcd9c7fdcce5bfbfaae84f02f20c5c4ae8a88cb742e7da3fddafeef2e7de,2026-09-20 12:56,https://www.niccs.org.cn/niccs/Proposal/Cryptographic%20Hash%20Algorithms/Round%201%20candidates/TaiChi.zip,https://www.niccs.org.cn/niccs/Round1Submissions4/pc/content/content_2101536036577955840.html
026,密码杂凑 Hash,The Hash Function CHIME,CHIME.zip,02-hash/CHIME.zip,5912351,ok,3368eff8f86744eefba82825c11990a3b4d914e014ff184324ab3cb9af88b3a4,2026-09-20 12:55,https://www.niccs.org.cn/niccs/Proposal/Cryptographic%20Hash%20Algorithms/Round%201%20candidates/CHIME.zip,https://www.niccs.org.cn/niccs/Round1Submissions4/pc/content/content_2101535839617634304.html
027,密码杂凑 Hash,The Vedak Hash Function Family,Vedak.zip,02-hash/Vedak.zip,14201495,ok,dc1fa5612337e0aae3e236606c3e46322a513c21b1550ac8f20753790892637e,2026-09-20 12:54,https://www.niccs.org.cn/niccs/Proposal/Cryptographic%20Hash%20Algorithms/Round%201%20candidates/Vedak.zip,https://www.niccs.org.cn/niccs/Round1Submissions4/pc/content/content_2101535609849466880.html
028,密码杂凑 Hash,The XRH-1 Hash Function,XRH-1.zip,02-hash/XRH-1.zip,11224132,ok,0aa9a5a64a54ddaa82b689d46971973825e48e0577685317d5f9bbab9ba85b02,2026-09-20 12:52,https://www.niccs.org.cn/niccs/Proposal/Cryptographic%20Hash%20Algorithms/Round%201%20candidates/XRH-1.zip,https://www.niccs.org.cn/niccs/Round1Submissions4/pc/content/content_2101535400742440960.html
029,密码杂凑 Hash,The XRH-2 Hash Function,XRH-2.zip,02-hash/XRH-2.zip,11224353,ok,96b67428bbeda82fd797d6f510466313a23f90ea00a5a0a58f4929b8e554a45b,2026-09-20 12:51,https://www.niccs.org.cn/niccs/Proposal/Cryptographic%20Hash%20Algorithms/Round%201%20candidates/XRH-2.zip,https://www.niccs.org.cn/niccs/Round1Submissions4/pc/content/content_2101534893223268352.html
030,密码杂凑 Hash,The ZC-DM Hash Function,ZC-DM.zip,02-hash/ZC-DM.zip,16311230,ok,47e6297d4d707897c64a75a0b490152b2c67abfb1777d89d225b4bcf58a0063b,2026-09-20 12:50,https://www.niccs.org.cn/niccs/Proposal/Cryptographic%20Hash%20Algorithms/Round%201%20candidates/ZC-DM.zip,https://www.niccs.org.cn/niccs/Round1Submissions4/pc/content/content_2101534683994607616.html
031,密码杂凑 Hash,The ZC-DMC Hash Function,ZC-DMC.zip,02-hash/ZC-DMC.zip,16425873,ok,b6da323d388d3411b882228152f25626999502b8c246cc0c9b64a0a9d72eaaac,2026-09-20 12:49,https://www.niccs.org.cn/niccs/Proposal/Cryptographic%20Hash%20Algorithms/Round%201%20candidates/ZC-DMC.zip,https://www.niccs.org.cn/niccs/Round1Submissions4/pc/content/content_2101534457934204928.html
032,密码杂凑 Hash,The ZC-EDMC Hash Function,ZC-EDMC.zip,02-hash/ZC-EDMC.zip,16346610,ok,235157f178c0ec885dad4062ee232cdc0d16e95474f05c6f93038fd951ca3712,2026-09-20 12:48,https://www.niccs.org.cn/niccs/Proposal/Cryptographic%20Hash%20Algorithms/Round%201%20candidates/ZC-EDMC.zip,https://www.niccs.org.cn/niccs/Round1Submissions4/pc/content/content_2101534201922277376.html
033,密码杂凑 Hash,Thunder Hash Family,Thunder.zip,02-hash/Thunder.zip,146828807,ok,db6970d54250084ea73cc1a47bd56c868e5e478cdfa3746ff7b69d30c690b0c8,2026-09-20 12:47,https://www.niccs.org.cn/niccs/Proposal/Cryptographic%20Hash%20Algorithms/Round%201%20candidates/Thunder.zip,https://www.niccs.org.cn/niccs/Round1Submissions4/pc/content/content_2101533797931110400.html
034,密码杂凑 Hash,WChain Hash Function,WChain.zip,02-hash/WChain.zip,27113718,ok,1ffeb0bd3f3645ea43decaacb0233c7dd23b9b127ac092efc0c12d6661f84023,2026-09-20 12:46,https://www.niccs.org.cn/niccs/Proposal/Cryptographic%20Hash%20Algorithms/Round%201%20candidates/WChain.zip,https://www.niccs.org.cn/niccs/Round1Submissions4/pc/content/content_2101533578757754880.html
035,密码杂凑 Hash,Wish Hash Function,Wish.zip,02-hash/Wish.zip,6642188,ok,f878ea89f5b5929c26445a4b1967f21139c74600d5779e4eb5d0bd7f97bea4b5,2026-09-20 12:41,https://www.niccs.org.cn/niccs/Proposal/Cryptographic%20Hash%20Algorithms/Round%201%20candidates/Wish.zip,https://www.niccs.org.cn/niccs/Round1Submissions4/pc/content/content_2101533368094642176.html
001,公告附件(英文),,r8rQLimp.pdf,04-notices/en/pdf/Submission Requirements for Cryptographic Hash Algorithms (Draft).pdf,523210,ok,41382dc435043a7776d1c24a4b4453e7764b02fae7054693251d974148d3903c,,https://www.niccs.org.cn/niccs/Notice/r8rQLimp.pdf,
002,公告附件(英文),,KypGyJgA.pdf,04-notices/en/pdf/Evaluation Criteria for Cryptographic Hash Algorithms (Draft).pdf,198473,ok,8b8fccf9b48ce33cdbf6a07e61234a412316b5f78ac18f38a790ab545c05d460,,https://www.niccs.org.cn/niccs/Notice/KypGyJgA.pdf,
003,公告附件(英文),,1HYjKvSX.pdf,04-notices/en/pdf/Submission Requirements for Public-Key Cryptographic Algorithms (Draft).pdf,536195,ok,a7ef3e954076cf5fca50b17bcf6bdbf4dd6d4f6e3a9d1631aab2fc214a95999c,,https://www.niccs.org.cn/niccs/Notice/1HYjKvSX.pdf,
004,公告附件(英文),,xTVzTPv2.pdf,04-notices/en/pdf/Evaluation Criteria for Public-Key Cryptographic Algorithms (Draft).pdf,202851,ok,dd600fa0f787ba7f506397adf870798144ef64d1d483dc23b0aa3bd92a6e7599,,https://www.niccs.org.cn/niccs/Notice/xTVzTPv2.pdf,
005,公告附件(英文),,52tbw9IQ.pdf,04-notices/en/pdf/Submission Requirements for Cryptographic Hash Algorithms.pdf,389262,ok,365c030ed41b2eb800bcdf647ff0f9e18704fca0025e16b478799ab50798134e,,https://www.niccs.org.cn/niccs/Notice/52tbw9IQ.pdf,
006,公告附件(英文),,crlRB1ZY.pdf,04-notices/en/pdf/Evaluation Criteria for Cryptographic Hash Algorithms.pdf,177186,ok,57474279b719bd3d2f8547a23aa95176a789a86cb946736fb5b7479419884c7c,,https://www.niccs.org.cn/niccs/Notice/crlRB1ZY.pdf,
007,公告附件(英文),,f4gsYGCY.pdf,04-notices/en/pdf/Feedback on the Comments Received on the Draft Submission Requirements and Evaluation Criteria for Cryptographic Hash Algorithms.pdf,203617,ok,a4d598d3a3b744fea096bb477ce9d791102b345b7ecd186bddb4acf0f48d2090,,https://www.niccs.org.cn/niccs/Notice/f4gsYGCY.pdf,
008,公告附件(英文),,lDop1mav.pdf,04-notices/en/pdf/Submission Requirements for Public-Key Cryptographic Algorithms.pdf,398254,ok,717ff73b2828da6988ba42a709649a7af68352a1b5fc518b64e4fa8f857c4b31,,https://www.niccs.org.cn/niccs/Notice/lDop1mav.pdf,
009,公告附件(英文),,tT7TSQiz.pdf,04-notices/en/pdf/Evaluation Criteria for Public-Key Cryptographic Algorithms.pdf,161966,ok,a28b3fb77d21a87ecc89606a9ade4daca5d8f5192b88ddbf116e7b6d81db37b8,,https://www.niccs.org.cn/niccs/Notice/tT7TSQiz.pdf,
010,公告附件(英文),,Xi2xTprH.pdf,04-notices/en/pdf/Feedback on the Comments Received on the Draft Submission Requirements and Evaluation Criteria for Public-Key Cryptographic Algorithms.pdf,248631,ok,82acc8b164fc2811f2d3045ee17076d7b9637dcf598ca04987d1aca1794974d6,,https://www.niccs.org.cn/niccs/Notice/Xi2xTprH.pdf,
011,公告附件(英文),,WPSGHllR.pdf,04-notices/en/pdf/Guidelines for Self-Assessment of Cryptographic Algorithms Performance on x86 Architecture.pdf,264412,ok,df8e4641408cdefcc3c46e98e96f314f2ad5ffeef4a13ac47a14071ba488706d,,https://www.niccs.org.cn/niccs/Notice/WPSGHllR.pdf,
012,公告附件(英文),,m31gM4bv.pdf,04-notices/en/pdf/Guidelines for Self-Assessment of Cryptographic Algorithms Performance on ARM Architecture.pdf,230719,ok,6c676433b1b0de21ccdc374d0805567d7970a78faecc12009125e9cc87e64288,,https://www.niccs.org.cn/niccs/Notice/m31gM4bv.pdf,
013,公告附件(英文),,bSlyWzkd.pdf,04-notices/en/pdf/Guidelines for Self-Assessment of Cryptographic Algorithms Performance on FPGA.pdf,287092,ok,f2f9bdaf98620aa2c3dd93f3e8617dbace055f6c17713c81999dff360840041c,,https://www.niccs.org.cn/niccs/Notice/bSlyWzkd.pdf,
014,公告附件(英文),,DEdpgvxL.pdf,04-notices/en/pdf/Guidelines for Self-Assessment of Cryptographic Algorithms Performance on ASIC.pdf,203375,ok,dba2654cfff119ce557f86a5c2d384fbfd6be2ab878faf2248dccb59135ef258,,https://www.niccs.org.cn/niccs/Notice/DEdpgvxL.pdf,
015,公告附件(英文),,CVnY7Cgy.pdf,04-notices/en/pdf/Submission Requirements for Block Cipher Algorithms (Draft).pdf,477714,ok,a1b8409d9b9b87113d865dc669c48fbf5cfdbf806fd855ddea36bb125747a847,,https://www.niccs.org.cn/niccs/Notice/CVnY7Cgy.pdf,
016,公告附件(英文),,khKMn6BO.pdf,04-notices/en/pdf/Evaluation Criteria for Block Cipher Algorithms (Draft).pdf,177903,ok,d945433f6a9a7611c627ef4aef0b828cb3a9d263963e0cce7e6b8b570ee47371,,https://www.niccs.org.cn/niccs/Notice/khKMn6BO.pdf,
017,公告附件(英文),,41oiS64Q.pdf,04-notices/en/pdf/Submission Requirements for Public-Key Cryptographic Algorithms (Round-1 candidates announcement 2026-09-20).pdf,398226,ok,8c37dd60b4c02161c65af91ffded0c9370cdf785762ffc62e92e691f711c6e1f,,https://www.niccs.org.cn/niccs/Notice/41oiS64Q.pdf,
018,公告附件(英文),,R7U8aQJZ.pdf,04-notices/en/pdf/Submission Requirements for Cryptographic Hash Algorithms (Round-1 candidates announcement 2026-09-20).pdf,389095,ok,ab2dfedd12739fb4bd186454f3e56a4a50b4344d27cb7a81a56f7846aa6714c3,,https://www.niccs.org.cn/niccs/Notice/R7U8aQJZ.pdf,
001,公告附件(中文),,uLbvmtJu.pdf,04-notices/zh/pdf/密码杂凑算法提交要求（征求意见稿）.pdf,561124,ok,020bf4531f202bc016edc0246d72c0de71bfb9a5ca424a087db511edbc24f0f4,,https://www.niccs.org.cn/symmbzyjy/%E9%80%9A%E7%9F%A5%E5%85%AC%E5%91%8A/uLbvmtJu.pdf,
002,公告附件(中文),,4Gjkv5RD.pdf,04-notices/zh/pdf/密码杂凑算法评估准则（征求意见稿）.pdf,263066,ok,a70c77446c4eae455263603c590a5444c65d3bccd5ea8ee1bf4cf56cb59352f4,,https://www.niccs.org.cn/symmbzyjy/%E9%80%9A%E7%9F%A5%E5%85%AC%E5%91%8A/4Gjkv5RD.pdf,
003,公告附件(中文),,35HcoIcm.pdf,04-notices/zh/pdf/公钥密码算法提交要求（征求意见稿）.pdf,600955,ok,ef386ae6ce841f16b9eb7b51986850ade18e04cc676370353460ddbc8c38472d,,https://www.niccs.org.cn/symmbzyjy/%E9%80%9A%E7%9F%A5%E5%85%AC%E5%91%8A/35HcoIcm.pdf,
004,公告附件(中文),,xzmsSHu7.pdf,04-notices/zh/pdf/公钥密码算法评估准则（征求意见稿）.pdf,267938,ok,652d6f902ba63ec6fc436156129d492f6d00762f16a8d7d755089f8b0990ea8a,,https://www.niccs.org.cn/symmbzyjy/%E9%80%9A%E7%9F%A5%E5%85%AC%E5%91%8A/xzmsSHu7.pdf,
005,公告附件(中文),,EQACUSlX.pdf,04-notices/zh/pdf/《公钥密码算法提交要求》.pdf,570988,ok,40cf777d55a5b8b1df02e5789f3b1d77ed41d50abe72d8b01eba254c89a53242,,https://www.niccs.org.cn/symmbzyjy/%E9%80%9A%E7%9F%A5%E5%85%AC%E5%91%8A/EQACUSlX.pdf,
006,公告附件(中文),,16M8YPkD.pdf,04-notices/zh/pdf/公钥密码算法评估准则.pdf,229320,ok,ec250be61b5db6019d07a1c139a82ecaf59187c76d2d1a997cd39e6fd2cc0ed5,,https://www.niccs.org.cn/symmbzyjy/%E9%80%9A%E7%9F%A5%E5%85%AC%E5%91%8A/16M8YPkD.pdf,
007,公告附件(中文),,f4OlofsB.pdf,04-notices/zh/pdf/对于公钥密码算法提交要求与评估准则相关意见的反馈.pdf,346438,ok,489cea2ccee9a6a9c72e1627bb824fa0dfa447a30739bcad8a84822e2d50a399,,https://www.niccs.org.cn/symmbzyjy/%E9%80%9A%E7%9F%A5%E5%85%AC%E5%91%8A/f4OlofsB.pdf,
008,公告附件(中文),,nVU9HsfY.pdf,04-notices/zh/pdf/《密码杂凑算法提交要求》.pdf,529319,ok,feacb2d900828f83e74bd197e64d812422daa7c337c69eea2711ab39925b786c,,https://www.niccs.org.cn/symmbzyjy/%E9%80%9A%E7%9F%A5%E5%85%AC%E5%91%8A/nVU9HsfY.pdf,
009,公告附件(中文),,9m5NUQf2.pdf,04-notices/zh/pdf/密码杂凑算法评估准则.pdf,226986,ok,d63d86089faef2267df8539b53c38a9185cac371c2d5e13131869b63569ae719,,https://www.niccs.org.cn/symmbzyjy/%E9%80%9A%E7%9F%A5%E5%85%AC%E5%91%8A/9m5NUQf2.pdf,
010,公告附件(中文),,pvarkHFt.pdf,04-notices/zh/pdf/对于密码杂凑算法提交要求与评估准则相关意见的反馈.pdf,268078,ok,5b20b760a059e3bf33d5caa87c707b6f6d50b3a1e264ee36e32b43d290e5253e,,https://www.niccs.org.cn/symmbzyjy/%E9%80%9A%E7%9F%A5%E5%85%AC%E5%91%8A/pvarkHFt.pdf,
011,公告附件(中文),,IS6SIiT8.pdf,04-notices/zh/pdf/新一代商用密码算法x86架构实现自评估指引.pdf,512440,ok,08f47bd34d8c933897ad3eb54343258a8d28c56a94dff0da0a4a03c95231b5b6,,https://www.niccs.org.cn/symmbzyjy/%E9%80%9A%E7%9F%A5%E5%85%AC%E5%91%8A/IS6SIiT8.pdf,
012,公告附件(中文),,00HZQCfH.pdf,04-notices/zh/pdf/新一代商用密码算法ARM架构实现自评估指引.pdf,511419,ok,9084912d920bf4c0bbd8d0bd19df7d3f674d1872454c723529fa8fdb57524ec0,,https://www.niccs.org.cn/symmbzyjy/%E9%80%9A%E7%9F%A5%E5%85%AC%E5%91%8A/00HZQCfH.pdf,
013,公告附件(中文),,mnBkOurn.pdf,04-notices/zh/pdf/新一代商用密码算法FPGA实现自评估指引.pdf,550042,ok,fa2ab335b81fe9cb895e2277959b2cb60652c2c91f62811922a73d2ac1b01e7b,,https://www.niccs.org.cn/symmbzyjy/%E9%80%9A%E7%9F%A5%E5%85%AC%E5%91%8A/mnBkOurn.pdf,
014,公告附件(中文),,YhgNkaey.pdf,04-notices/zh/pdf/新一代商用密码算法ASIC实现自评估指引.pdf,546222,ok,f943660147d0542c452929c8154e45ae89cd958e36c806b8f673e2e5cc5672b0,,https://www.niccs.org.cn/symmbzyjy/%E9%80%9A%E7%9F%A5%E5%85%AC%E5%91%8A/YhgNkaey.pdf,
015,公告附件(中文),,tHGHcTNN.pdf,04-notices/zh/pdf/分组密码算法提交要求（征求意见稿）.pdf,692294,ok,99537b46cf4085bb1e3b30714271065e95aaa27ec4547d8e4df4ba744219ec6b,,https://www.niccs.org.cn/symmbzyjy/%E9%80%9A%E7%9F%A5%E5%85%AC%E5%91%8A/tHGHcTNN.pdf,
016,公告附件(中文),,u127Lf5l.pdf,04-notices/zh/pdf/分组密码算法评估准则（征求意见稿）.pdf,355311,ok,7b1bdd34217bf956979f2656ffb022bc3c04e158bec398093d6cb61b8682ff6a,,https://www.niccs.org.cn/symmbzyjy/%E9%80%9A%E7%9F%A5%E5%85%AC%E5%91%8A/u127Lf5l.pdf,
001,官方API测试包,API_BlockCipher.zip,API_BlockCipher.zip,03-api/API_BlockCipher.zip,17620,ok,95b9848d0593b0db8733bc150112bbb19afdc440188185f68a6e8e8e6ab37ca5,,https://www.niccs.org.cn/niccs/Download/API_BlockCipher.zip,
002,官方API测试包,API_PKC.zip,API_PKC.zip,03-api/API_PKC.zip,31009,ok,ac1013aa9b720a5f22986bc75a48988b4eedfd77a7fb108e79781d5a05fc9506,,https://www.niccs.org.cn/niccs/Download/API_PKC.zip,
003,官方API测试包,API_CryptHash.zip,API_CryptHash.zip,03-api/API_CryptHash.zip,1218340,ok,5c7fdb3a1057291810fb5a28186e7a7e1d7182c2e7e746d94a053479b77c61d7,,https://www.niccs.org.cn/niccs/Download/API_CryptHash.zip,
001,网页存档,index.html,index.html,05-webarchive/en/index.html,36637,ok,67cb046ea10f52decc5f9e5ca646bc52e7a68f687479d051f362cbd9987d7821,,https://www.niccs.org.cn/niccs/index.html,
002,网页存档,Proposal-list.html,Proposal-list.html,05-webarchive/en/Proposal-list.html,12317,ok,861696c98f87f6675868d1832b12f115f4a8a92ef1d3f3a308b5e880e318e9d2,,https://www.niccs.org.cn/niccs/Proposal/pc/list.html,
003,网页存档,Round1Additional-list.html,Round1Additional-list.html,05-webarchive/en/Round1Additional-list.html,127286,ok,3921cfb119884a31e06674254b9c5e7ac9941df4a290fef83fbe962f2610c062,,https://www.niccs.org.cn/niccs/Round1Additional/pc/list.html,
004,网页存档,Round1Submissions4-list.html,Round1Submissions4-list.html,05-webarchive/en/Round1Submissions4-list.html,71993,ok,e26af19ec125ff0131a2c9acf4b69ce3ac669db8736dd1fac13148b9c0ee2a8f,,https://www.niccs.org.cn/niccs/Round1Submissions4/pc/list.html,
005,网页存档,R1DigitalSignature-list.html,R1DigitalSignature-list.html,05-webarchive/en/R1DigitalSignature-list.html,75490,ok,e538293dbcbd63dc6472cdb6bd260c04eff3e793e3263736aaa14a6d2d01b731,,https://www.niccs.org.cn/niccs/R1DigitalSignature/pc/list.html,
006,网页存档,R1KeyEncapsulation-list.html,R1KeyEncapsulation-list.html,05-webarchive/en/R1KeyEncapsulation-list.html,85940,ok,417527f237417807d61e5070a8ce8e3c46c4b214604df917d6fd606a0dd46f04,,https://www.niccs.org.cn/niccs/R1KeyEncapsulation/pc/list.html,
007,网页存档,R1KeyExchange-list.html,R1KeyExchange-list.html,05-webarchive/en/R1KeyExchange-list.html,46181,ok,a218d1d0adc15d449b7c573c0a7494424de9ca3dd59c2c89ead30ccc205aad92,,https://www.niccs.org.cn/niccs/R1KeyExchange/pc/list.html,
008,网页存档,Notice-list.html,Notice-list.html,05-webarchive/en/Notice-list.html,19040,ok,88d074266d187ce70d0a80528e993c9d3093d9c69cdef585f2321f0f57b98d16,,https://www.niccs.org.cn/niccs/Notice/pc/list.html,
009,网页存档,Download-list.html,Download-list.html,05-webarchive/en/Download-list.html,12034,ok,c964723540ea09fa22f01b052d47739e5e881ec5791fda5f5401dc308b47ed3f,,https://www.niccs.org.cn/niccs/Download/pc/list.html,
010,网页存档,EmailList-list.html,EmailList-list.html,05-webarchive/en/EmailList-list.html,1917,ok,997b133e3043c2897b8f29976ea41a7be7d9792809e3e5b5cbb55decc0a1a2e0,,https://www.niccs.org.cn/niccs/EmailList/pc/list.html,
011,网页存档,index.html,index.html,05-webarchive/zh/index.html,30727,ok,9b928f9864be2a9b6841389b298ebd43f6b3a0d4b8628e1952a41cd71a207370,,https://www.niccs.org.cn/symmbzyjy/index.html,
012,网页存档,tzgg-list.html,tzgg-list.html,05-webarchive/zh/tzgg-list.html,19800,ok,e53cd44d62eaf67520f2860eadb4899b6b3ad6521892834f7a992a548803d01e,,https://www.niccs.org.cn/symmbzyjy/tzgg/pc/list.html,
013,网页存档,zlxz-list.html,zlxz-list.html,05-webarchive/zh/zlxz-list.html,12390,ok,19c34417ed6f6422327aac2242060237ec6f02ef896582f9c95decc2c9f60999,,https://www.niccs.org.cn/symmbzyjy/zlxz/pc/list.html,
014,网页存档,content_2100875480644800512.html,NGCC - First-Round Candidate Public-Key Cryptographic Algorithms.html,04-notices/en/html/NGCC - First-Round Candidate Public-Key Cryptographic Algorithms.html,135496,ok,84530fe39bf29c9a95b579519ba597cfaadedf42679cf49fe2ed1b4b8bd90e88,,https://www.niccs.org.cn/niccs/Notice/pc/content/content_2100875480644800512.html,
015,网页存档,content_2100880167381061632.html,NGCC - First-Round Candidate Cryptographic Hash Algorithms.html,04-notices/en/html/NGCC - First-Round Candidate Cryptographic Hash Algorithms.html,67806,ok,1cf15a7e5fff8e179113040db9f6f7c840b6209131a71f7d02abfd3d798c002e,,https://www.niccs.org.cn/niccs/Notice/pc/content/content_2100880167381061632.html,
016,网页存档,content_2095703042235641856.html,Call for Comments on Submission Requirements for Block Cipher Algorithms (Draft) and Evaluation Criteria for Block Cipher Algorithms (Draft).html,04-notices/en/html/Call for Comments on Submission Requirements for Block Cipher Algorithms (Draft) and Evaluation Criteria for Block Cipher Algorithms (Draft).html,26112,ok,9c8164a48219d581c63bbfa01df86356ac971bf23d50a5069ed07f6619469c7c,,https://www.niccs.org.cn/niccs/Notice/pc/content/content_2095703042235641856.html,
017,网页存档,content_2066798866453762048.html,Announcement on Releasing Guidelines for Performance Self-Assessment of Cryptographic Algorithms.html,04-notices/en/html/Announcement on Releasing Guidelines for Performance Self-Assessment of Cryptographic Algorithms.html,28194,ok,24708a2e050cd9011910f536b09b2daac2acaa9311bedf87b62a111d50d4f4f2,,https://www.niccs.org.cn/niccs/Notice/pc/content/content_2066798866453762048.html,
018,网页存档,content_1975896137741635584.html,Call for Proposals for the Next-generation Public-Key Cryptographic Algorithms.html,04-notices/en/html/Call for Proposals for the Next-generation Public-Key Cryptographic Algorithms.html,43931,ok,ebbf89d9f33437a6d0994b2f95e00ad408d21ade9c7f05a2ceff7fbb92f9d7e3,,https://www.niccs.org.cn/niccs/Notice/pc/content/content_1975896137741635584.html,
019,网页存档,content_1975892908773478400.html,Call for Proposals for the Next-generation Cryptographic Hash Algorithms.html,04-notices/en/html/Call for Proposals for the Next-generation Cryptographic Hash Algorithms.html,47500,ok,119815f7b3e31751bacd562e7ffd4b2f799bd61d1083ab564d6ff2dbb70b90c2,,https://www.niccs.org.cn/niccs/Notice/pc/content/content_1975892908773478400.html,
020,网页存档,content_1937429871393771520.html,The Application Scope of Commercial Cryptography.html,04-notices/en/html/The Application Scope of Commercial Cryptography.html,23200,ok,faa46e32c34d023eff42f1107b09fdab20b8ec87d349999c18b4bcfa8d69a7fc,,https://www.niccs.org.cn/niccs/Notice/pc/content/content_1937429871393771520.html,
021,网页存档,content_1937429502295019520.html,Overview of China's Commercial Cryptographic Algorithm Standards.html,04-notices/en/html/Overview of China's Commercial Cryptographic Algorithm Standards.html,48704,ok,2f56ee1414f62d35b2506573346e27a73da1423f734ec7a37aa80936f0a4e289,,https://www.niccs.org.cn/niccs/Notice/pc/content/content_1937429502295019520.html,
022,网页存档,content_1937428197396713472.html,Announcement on Launching the Next-generation Commercial Cryptographic Algorithms Program (NGCC).html,04-notices/en/html/Announcement on Launching the Next-generation Commercial Cryptographic Algorithms Program (NGCC).html,23280,ok,25e2953a482a797828972ca4e8ea3387432da5f20e911f67441f7912dad992f1,,https://www.niccs.org.cn/niccs/Notice/pc/content/content_1937428197396713472.html,
023,网页存档,content_1937427826414718976.html,Call for Comments on Submission Requirements and Evaluation Criteria for Public-Key Cryptographic Algorithms (Draft).html,04-notices/en/html/Call for Comments on Submission Requirements and Evaluation Criteria for Public-Key Cryptographic Algorithms (Draft).html,28098,ok,e41df094b6c18d81d16836b0ea41f217ab3e9adcb0b28208284210835bddea95,,https://www.niccs.org.cn/niccs/Notice/pc/content/content_1937427826414718976.html,
024,网页存档,content_1937427069632253952.html,Call for Comments on Submission Requirements and Evaluation Criteria for Cryptographic Hash Algorithms (Draft).html,04-notices/en/html/Call for Comments on Submission Requirements and Evaluation Criteria for Cryptographic Hash Algorithms (Draft).html,26391,ok,e14f6730c2221b5e08321b23d072242f9e63d41169eae0681f57a129540206c6,,https://www.niccs.org.cn/niccs/Notice/pc/content/content_1937427069632253952.html,
025,网页存档,content_2100859557292625920.html,关于公布新一代商用密码算法全球征集活动公钥密码算法第一轮候选算法名单的通知.html,04-notices/zh/html/关于公布新一代商用密码算法全球征集活动公钥密码算法第一轮候选算法名单的通知.html,138637,ok,246bf44b0634ade1f89014dd96eec207a7ad738ec9453b5c8a6ecb68ef9fa1f8,,https://www.niccs.org.cn/symmbzyjy/tzgg/pc/content/2100859557292625920/content_2100859557292625920.html,
026,网页存档,content_2100870458917867520.html,关于公布新一代商用密码算法全球征集活动密码杂凑算法第一轮候选算法名单的通知.html,04-notices/zh/html/关于公布新一代商用密码算法全球征集活动密码杂凑算法第一轮候选算法名单的通知.html,72577,ok,7177b1bebf359bbd0f6cf127266ad8063f3bd1a6f356cb7bc305d425dd67de99,,https://www.niccs.org.cn/symmbzyjy/tzgg/pc/content/2100870458917867520/content_2100870458917867520.html,
027,网页存档,content_2095697272613974016.html,关于对《分组密码算法提交要求（征求意见稿）》和《分组密码算法评估准则（征求意见稿）》征求意见的通知.html,04-notices/zh/html/关于对《分组密码算法提交要求（征求意见稿）》和《分组密码算法评估准则（征求意见稿）》征求意见的通知.html,31061,ok,5d55fffcf7cfcc2e595f6d679be0a61b91b030338f9624cf0a9b61821ec21d16,,https://www.niccs.org.cn/symmbzyjy/tzgg/pc/content/2095697272613974016/content_2095697272613974016.html,
028,网页存档,content_2066796358054449152.html,关于发布新一代商用密码算法实现自评估指引的通知.html,04-notices/zh/html/关于发布新一代商用密码算法实现自评估指引的通知.html,36211,ok,2f7975c44158762418855289921379012c985ca0f545cc7eab96a914c4ffde37,,https://www.niccs.org.cn/symmbzyjy/tzgg/pc/content/2066796358054449152/content_2066796358054449152.html,
029,网页存档,content_1976155884915003392.html,关于征集新一代公钥密码算法提案的通知.html,04-notices/zh/html/关于征集新一代公钥密码算法提案的通知.html,23894,ok,544ffd4e05c750c51326eeb0904ba218ac235873008dc97aee0611aa88ac7441,,https://www.niccs.org.cn/symmbzyjy/tzgg/pc/content/1976155884915003392/content_1976155884915003392.html,
030,网页存档,content_1976158633115258880.html,关于征集新一代密码杂凑算法提案的通知.html,04-notices/zh/html/关于征集新一代密码杂凑算法提案的通知.html,23737,ok,1ed174e199b7875caa9aa993f847c070c25e0b9dce0756bbeeb2cfae51f336f1,,https://www.niccs.org.cn/symmbzyjy/tzgg/pc/content/1976158633115258880/content_1976158633115258880.html,
031,网页存档,content_1937424616706805760.html,“商用密码”适用范围.html,04-notices/zh/html/“商用密码”适用范围.html,17381,ok,70d729a737494eb4509bf8e480d52d15cd7c058315bd2fe9f65ec7108b71d26f,,https://www.niccs.org.cn/symmbzyjy/tzgg/pc/content/1937424616706805760/content_1937424616706805760.html,
032,网页存档,content_1937424224048648192.html,中国商用密码算法标准概况.html,04-notices/zh/html/中国商用密码算法标准概况.html,44660,ok,8d9255e985e975bb94d90d70f5715ee126b6709ec3df77d3d75d7f115f54b427,,https://www.niccs.org.cn/symmbzyjy/tzgg/pc/content/1937424224048648192/content_1937424224048648192.html,
033,网页存档,content_1937422988373135360.html,关于开展新一代商用密码算法征集活动的公告.html,04-notices/zh/html/关于开展新一代商用密码算法征集活动的公告.html,18237,ok,1437cc2f9f5da81e0e428442367a860348987fdace62f81332c8b012ddb7ff1e,,https://www.niccs.org.cn/symmbzyjy/tzgg/pc/content/1937422988373135360/content_1937422988373135360.html,
034,网页存档,content_1937422518061633536.html,关于对《公钥密码算法提交要求（征求意见稿）》和《公钥密码算法评估准则（征求意见稿）》征求意见的通知.html,04-notices/zh/html/关于对《公钥密码算法提交要求（征求意见稿）》和《公钥密码算法评估准则（征求意见稿）》征求意见的通知.html,20019,ok,73f8bb9f62774c753573126db7cd8d5f5d34cd05bc72ad1240b35f730fad69c8,,https://www.niccs.org.cn/symmbzyjy/tzgg/pc/content/1937422518061633536/content_1937422518061633536.html,
035,网页存档,content_1937421649937174528.html,关于对《密码杂凑算法提交要求（征求意见稿）》和《密码杂凑算法评估准则（征求意见稿）》征求意见的通知.html,04-notices/zh/html/关于对《密码杂凑算法提交要求（征求意见稿）》和《密码杂凑算法评估准则（征求意见稿）》征求意见的通知.html,19723,ok,027aad68e7b375500e19b9c151f5f71415108d8527f0414702f159345a57338f,,https://www.niccs.org.cn/symmbzyjy/tzgg/pc/content/1937421649937174528/content_1937421649937174528.html,
